<?xml version="1.0" encoding="iso-8859-1" ?>

<html>

 <head>
  <title>Description of Lake Athabasca and the Chipweans, ca. 1805 and Journal of a Voyage from Lachine to Fort River Qu'Appelle, 1793.  - Page #7</title>
  <meta http-equiv="Content-Type" content="text/html;charset=iso-8859-1" />
<META Name="author" Content="MacDonell, John.">
  <link rel="stylesheet" type="text/css" href="../../../../ss/css/FurTrade_StandAlonePage.IE.css" />
 </head>
<script TYPE="text/javascript" language="JavaScript">
<!-- hide
var WinBigJPEG=null;
function Add(){
if(parent.BackLink==1)
{
parent.BackLink=" ";
return("<a href='javascript:document.rechBis.submit()' target=mainFrame>Back to search results</a> | ");
}
else
return("");
}
function windowDejaVu(URL, name, specs, nopage) {
var WinDejaVu = window.open(URL, name, specs)
WinDejaVu.document.write("<html><head><title>DejaVu Image</title><style type=\"text/css\">body {background-color:#FFFFFF;margin:0.25em;font-family:tahoma,sans-serif;font-size:8pt;letter-spacing:1pt;}</style></head><body>")
WinDejaVu.document.write("<a href=\"\" onclick=\"window.close()\">Close window / Fermer cette fen�tre</a>");
WinDejaVu.document.write("<p style=\"margin:0em;\" align=\"center\">Description of Lake Athabasca and the Chipweans, ca. 1805 and Journal of a Voyage from Lachine to Fort River Qu'Appelle, 1793. An electronic transcription.<br />MacDonell, John. <b>" + nopage + "</b></p>");WinDejaVu.document.write("<embed type=\"image/x-djvu\" pluginspace=\"http://www.djvu.com/download.html\" src=\"../../../scans/0005/DejaVu/MFTP0005Pg007.djvu\" width=\"100%\" height=\"90%\"></body>");
WinDejaVu.document.close()
}
function windowBigJPEG(width,height,specs,nopage) {
x=screen.availWidth-width-20;
if(WinBigJPEG==null)
WinBigJPEG = window.open('','','width='+width+',height='+height+',screenX='+x+',screenY=20, top=20, left='+x+specs)
		else
		{
		if(WinBigJPEG.closed)
		WinBigJPEG = window.open('','','width='+width+',height='+height+',screenX='+x+',screenY=20, top=20, left='+x+specs)
		else
		{
		WinBigJPEG.close();
		WinBigJPEG = window.open('','','width='+width+',height='+height+',screenX='+x+',screenY=20, top=20, left='+x+specs)
		WinBigJPEG.focus();
		}
		}
WinBigJPEG.document.write("<html><head><title>Bigger JPEG Image</title><style type=\"text/css\">body {background-color:#FFFFFF;margin:0.25em;font-family:tahoma,sans-serif;font-size:8pt;letter-spacing:1pt;}</style></head><body>")
WinBigJPEG.document.write("<a href=\"\" onclick=\"window.close()\">Close window / Fermer cette fen�tre</a>");
WinBigJPEG.document.write("<p style=\"margin:0em;\" align=\"center\">Description of Lake Athabasca and the Chipweans, ca. 1805 and Journal of a Voyage from Lachine to Fort River Qu'Appelle, 1793. An electronic transcription.<br />MacDonell, John. <b>" + nopage + "</b></p>");WinBigJPEG.document.write("<img src=\"../../../scans/0005/bigJPEG/MFTP0005PG0007.JPG\" /></body>");
WinBigJPEG.document.close()
}
// end hiding -->
</script>
<script language="javascript">if(parent.main2)  parent.main2.cols='0%,100%';</script>

<body>

<p class="NavBar"><script language="javascript">document.write(Add());</script><a href="../../../../search/searchfs.htm" target="mainFrame">New search</a> | <a href="notes.html">Notes</a> | <a href="abstract.html">Abstract</a></p>
<p class="NavBar"><A HREF="Pg001.html">&lt;&lt; First Page</A> | <A HREF="Pg006.html">&lt; Previous Page</A> | <span class="PageFocusOn"> Page #7 of 112</span> | <A HREF="Pg008.html"> Next Page &gt;</A> | <A HREF="Pg112.html"> Last Page &gt;&gt;</A> </p>

<table class="page" align="center" width="770" border="0">
<tr>
<td rowspan="2" width="360" valign="top">
<p class="EnTeteTranscription">MacDonell, John. Description of Lake Athabasca and the Chipweans, ca. 1805 and Journal of a Voyage from Lachine to Fort River Qu'Appelle, 1793. An electronic transcription. MFTP #0005</p><div class="ContenuPage">
<p><span style="text-decoration:underline;">No. 2</span></p>
<p>men and women &#8211; adults and children per lo<span class="AddHand-author">d</span>ge would make in all four hundred Souls &amp;c.</p>
<p class="head"><span style="text-decoration:underline;">Theology</span></p>
<p style="text-align:justify;">The Chipweans have always been, and are even at this day in a state of the darkest superstition and ignorance; which is somewhat singular, considering the long and uninterrupted intercourse they have had with the Europeans; as it <span class="AddHand-author">might</span> reasonably <span class="AddHand-author">be</span> expected that they would have become more enlightened: &#8211; but so far to the contrary; that they seem to be more tenacious of their doctrines, than they are said to have entertained at a more remote period; which may arise from a twofold cause; viz. the licentious manners of the Europeans &#8211; and litterly the courtious attention which is shown to them, must no doubt flatter their pride, as they have a firm belief that they are superior in knowledge to the white people.  Notwithstanding they believe that there exists a Supreme Being, whose power can bring down Death, and Famine, upon them; Yet they cannot</p>

<p align="page-number"><span class="AddHand-editors">[5]</span></p>

</div>
<p style="line-height:12px;font-size:10px;font-family:arial,swiss,sans-serif;"><span style="font-weight:bold;font-size:9px;">L E G E N D :</span><br /><span style="background-color:red;color:white;"> in red </span>, modifications made by the editor(s).<br /><span style="background-color:#9900ff;color:white;"> in lavender </span>, modifications made by the assumed author(s).</p>
</td>
<td align="right" width="410" valign="top">
<a style="margin-left:100px;"  class="small" title="JPEG Image" onmouseover="window.status='View Bigger JPEG Image'; return true" onmouseout="window.status=' '; return true" href="javascript:windowBigJPEG(280,300,'toolbar=no,location=no,scrollbars=yes,resizable=yes,alwaysRaised=yes','Page #7')">View bigger image in JPEG format [ 135k ]</a></td>
</tr>
<tr>
<td valign="top" width="410" align="left"><img src="../../../scans/0005/smallJPEG/MFTP0005PG0007.JPG" /></td>
</tr>
</table>

</body>
</html>
