<?xml version="1.0" encoding="iso-8859-1" ?>

<html>

 <head>
  <title>Description of Lake Athabasca and the Chipweans, ca. 1805 and Journal of a Voyage from Lachine to Fort River Qu'Appelle, 1793.  - Page #15</title>
  <meta http-equiv="Content-Type" content="text/html;charset=iso-8859-1" />
<META Name="author" Content="MacDonell, John.">
  <link rel="stylesheet" type="text/css" href="../../../../ss/css/FurTrade_StandAlonePage.IE.css" />
 </head>
<script TYPE="text/javascript" language="JavaScript">
<!-- hide
var WinBigJPEG=null;
function Add(){
if(parent.BackLink==1)
{
parent.BackLink=" ";
return("<a href='javascript:document.rechBis.submit()' target=mainFrame>Back to search results</a> | ");
}
else
return("");
}
function windowDejaVu(URL, name, specs, nopage) {
var WinDejaVu = window.open(URL, name, specs)
WinDejaVu.document.write("<html><head><title>DejaVu Image</title><style type=\"text/css\">body {background-color:#FFFFFF;margin:0.25em;font-family:tahoma,sans-serif;font-size:8pt;letter-spacing:1pt;}</style></head><body>")
WinDejaVu.document.write("<a href=\"\" onclick=\"window.close()\">Close window / Fermer cette fen�tre</a>");
WinDejaVu.document.write("<p style=\"margin:0em;\" align=\"center\">Description of Lake Athabasca and the Chipweans, ca. 1805 and Journal of a Voyage from Lachine to Fort River Qu'Appelle, 1793. An electronic transcription.<br />MacDonell, John. <b>" + nopage + "</b></p>");WinDejaVu.document.write("<embed type=\"image/x-djvu\" pluginspace=\"http://www.djvu.com/download.html\" src=\"../../../scans/0005/DejaVu/MFTP0005Pg015.djvu\" width=\"100%\" height=\"90%\"></body>");
WinDejaVu.document.close()
}
function windowBigJPEG(width,height,specs,nopage) {
x=screen.availWidth-width-20;
if(WinBigJPEG==null)
WinBigJPEG = window.open('','','width='+width+',height='+height+',screenX='+x+',screenY=20, top=20, left='+x+specs)
		else
		{
		if(WinBigJPEG.closed)
		WinBigJPEG = window.open('','','width='+width+',height='+height+',screenX='+x+',screenY=20, top=20, left='+x+specs)
		else
		{
		WinBigJPEG.close();
		WinBigJPEG = window.open('','','width='+width+',height='+height+',screenX='+x+',screenY=20, top=20, left='+x+specs)
		WinBigJPEG.focus();
		}
		}
WinBigJPEG.document.write("<html><head><title>Bigger JPEG Image</title><style type=\"text/css\">body {background-color:#FFFFFF;margin:0.25em;font-family:tahoma,sans-serif;font-size:8pt;letter-spacing:1pt;}</style></head><body>")
WinBigJPEG.document.write("<a href=\"\" onclick=\"window.close()\">Close window / Fermer cette fen�tre</a>");
WinBigJPEG.document.write("<p style=\"margin:0em;\" align=\"center\">Description of Lake Athabasca and the Chipweans, ca. 1805 and Journal of a Voyage from Lachine to Fort River Qu'Appelle, 1793. An electronic transcription.<br />MacDonell, John. <b>" + nopage + "</b></p>");WinBigJPEG.document.write("<img src=\"../../../scans/0005/bigJPEG/MFTP0005PG0015.JPG\" /></body>");
WinBigJPEG.document.close()
}
// end hiding -->
</script>
<script language="javascript">if(parent.main2)  parent.main2.cols='0%,100%';</script>

<body>

<p class="NavBar"><script language="javascript">document.write(Add());</script><a href="../../../../search/searchfs.htm" target="mainFrame">New search</a> | <a href="notes.html">Notes</a> | <a href="abstract.html">Abstract</a></p>
<p class="NavBar"><A HREF="Pg001.html">&lt;&lt; First Page</A> | <A HREF="Pg014.html">&lt; Previous Page</A> | <span class="PageFocusOn"> Page #15 of 112</span> | <A HREF="Pg016.html"> Next Page &gt;</A> | <A HREF="Pg112.html"> Last Page &gt;&gt;</A> </p>

<table class="page" align="center" width="770" border="0">
<tr>
<td rowspan="2" width="360" valign="top">
<p class="EnTeteTranscription">MacDonell, John. Description of Lake Athabasca and the Chipweans, ca. 1805 and Journal of a Voyage from Lachine to Fort River Qu'Appelle, 1793. An electronic transcription. MFTP #0005</p><div class="ContenuPage">
<p><span style="text-decoration:underline;">No. 4</span></p>
<p style="text-align:justify;">they will make tr<span class="DelHand-author">e</span>ens dove tailed in so neat a manner as might make one believe that they had been made by the hands of a professed mechanic; these they varnish with a substance composed of Castorum, and Grease which give them a deep glossy Colour:&#8211; their designs in forming Calumets of various shapes, from the crude marble, indicate a latent genius, which if improved, might vie with the civilized European: as even in their native state they observe the most just sym<span class="AddHand-author">m</span>etry and proportion, in all their works; they are ever indefatigable <span class="DelHand-author">in</span> in investigating the operations of the mechanical powers and causes; and indeed the whole bent of their genius seems to be centered in that art; as they equally find it to be an amusement, and of service in regard to men<span class="DelHand-author">t</span><span class="AddHand-author">d</span>ling guns, axes, Trens, kettles, &amp;c<span class="AddHand-editors">[;]</span> their anvil is a stone, and the hammer of the same substance; with these alone they will reduce both old axes and Chisels, into thin plates of iron, which they convert into various uses.  In making of their Snow Shoes which is a form peculiar to their nation; they show a greater nicety and dexterity than the Crees, or Beaver Indians; and the woman also perform the part of natting them in a neat manner<span class="AddHand-editors">[.]</span>  Notwithstanding, altho they possess so much ingenuity, they are at times very stubborn, Choleric, but</p>

<p align="page-number"><span class="AddHand-editors">[13]</span></p>

</div>
<p style="line-height:12px;font-size:10px;font-family:arial,swiss,sans-serif;"><span style="font-weight:bold;font-size:9px;">L E G E N D :</span><br /><span style="background-color:red;color:white;"> in red </span>, modifications made by the editor(s).<br /><span style="background-color:#9900ff;color:white;"> in lavender </span>, modifications made by the assumed author(s).</p>
</td>
<td align="right" width="410" valign="top">
<a style="margin-left:100px;"  class="small" title="JPEG Image" onmouseover="window.status='View Bigger JPEG Image'; return true" onmouseout="window.status=' '; return true" href="javascript:windowBigJPEG(280,300,'toolbar=no,location=no,scrollbars=yes,resizable=yes,alwaysRaised=yes','Page #15')">View bigger image in JPEG format [ 142k ]</a></td>
</tr>
<tr>
<td valign="top" width="410" align="left"><img src="../../../scans/0005/smallJPEG/MFTP0005PG0015.JPG" /></td>
</tr>
</table>

</body>
</html>
