<?xml version="1.0" encoding="iso-8859-1" ?>

<html>

 <head>
  <title>Description of Lake Athabasca and the Chipweans, ca. 1805 and Journal of a Voyage from Lachine to Fort River Qu'Appelle, 1793.  - Page #46</title>
  <meta http-equiv="Content-Type" content="text/html;charset=iso-8859-1" />
<META Name="author" Content="MacDonell, John.">
  <link rel="stylesheet" type="text/css" href="../../../../ss/css/FurTrade_StandAlonePage.IE.css" />
 </head>
<script TYPE="text/javascript" language="JavaScript">
<!-- hide
var WinBigJPEG=null;
function Add(){
if(parent.BackLink==1)
{
parent.BackLink=" ";
return("<a href='javascript:document.rechBis.submit()' target=mainFrame>Back to search results</a> | ");
}
else
return("");
}
function windowDejaVu(URL, name, specs, nopage) {
var WinDejaVu = window.open(URL, name, specs)
WinDejaVu.document.write("<html><head><title>DejaVu Image</title><style type=\"text/css\">body {background-color:#FFFFFF;margin:0.25em;font-family:tahoma,sans-serif;font-size:8pt;letter-spacing:1pt;}</style></head><body>")
WinDejaVu.document.write("<a href=\"\" onclick=\"window.close()\">Close window / Fermer cette fen�tre</a>");
WinDejaVu.document.write("<p style=\"margin:0em;\" align=\"center\">Description of Lake Athabasca and the Chipweans, ca. 1805 and Journal of a Voyage from Lachine to Fort River Qu'Appelle, 1793. An electronic transcription.<br />MacDonell, John. <b>" + nopage + "</b></p>");WinDejaVu.document.write("<embed type=\"image/x-djvu\" pluginspace=\"http://www.djvu.com/download.html\" src=\"../../../scans/0005/DejaVu/MFTP0005Pg046.djvu\" width=\"100%\" height=\"90%\"></body>");
WinDejaVu.document.close()
}
function windowBigJPEG(width,height,specs,nopage) {
x=screen.availWidth-width-20;
if(WinBigJPEG==null)
WinBigJPEG = window.open('','','width='+width+',height='+height+',screenX='+x+',screenY=20, top=20, left='+x+specs)
		else
		{
		if(WinBigJPEG.closed)
		WinBigJPEG = window.open('','','width='+width+',height='+height+',screenX='+x+',screenY=20, top=20, left='+x+specs)
		else
		{
		WinBigJPEG.close();
		WinBigJPEG = window.open('','','width='+width+',height='+height+',screenX='+x+',screenY=20, top=20, left='+x+specs)
		WinBigJPEG.focus();
		}
		}
WinBigJPEG.document.write("<html><head><title>Bigger JPEG Image</title><style type=\"text/css\">body {background-color:#FFFFFF;margin:0.25em;font-family:tahoma,sans-serif;font-size:8pt;letter-spacing:1pt;}</style></head><body>")
WinBigJPEG.document.write("<a href=\"\" onclick=\"window.close()\">Close window / Fermer cette fen�tre</a>");
WinBigJPEG.document.write("<p style=\"margin:0em;\" align=\"center\">Description of Lake Athabasca and the Chipweans, ca. 1805 and Journal of a Voyage from Lachine to Fort River Qu'Appelle, 1793. An electronic transcription.<br />MacDonell, John. <b>" + nopage + "</b></p>");WinBigJPEG.document.write("<img src=\"../../../scans/0005/bigJPEG/MFTP0005PG0046.JPG\" /></body>");
WinBigJPEG.document.close()
}
// end hiding -->
</script>
<script language="javascript">if(parent.main2)  parent.main2.cols='0%,100%';</script>

<body>

<p class="NavBar"><script language="javascript">document.write(Add());</script><a href="../../../../search/searchfs.htm" target="mainFrame">New search</a> | <a href="notes.html">Notes</a> | <a href="abstract.html">Abstract</a></p>
<p class="NavBar"><A HREF="Pg001.html">&lt;&lt; First Page</A> | <A HREF="Pg045.html">&lt; Previous Page</A> | <span class="PageFocusOn"> Page #46 of 112</span> | <A HREF="Pg047.html"> Next Page &gt;</A> | <A HREF="Pg112.html"> Last Page &gt;&gt;</A> </p>

<table class="page" align="center" width="770" border="0">
<tr>
<td rowspan="2" width="360" valign="top">
<p class="EnTeteTranscription">MacDonell, John. Description of Lake Athabasca and the Chipweans, ca. 1805 and Journal of a Voyage from Lachine to Fort River Qu'Appelle, 1793. An electronic transcription. MFTP #0005</p><div class="ContenuPage">
<p style="text-align:justify;">The Carkajou seems to be as expert at stratagem as the Beaver is sagacious in guarding against misfortunes.  In winter he makes a hole immediately above the bed of the Beaver, which place he finds out by the acuteness of his smelling faculties from the animal steams which penetrate through the porous mass of Branches, grass, mud &amp;c. which is cracked by the frost.  During the noise he makes while working, the Beaver runs out of the house into one of the detached vaults, where they remain until night;&#8211; when one returns to learn the cause of the noise made in the day, and to know if all be safe.  The Carkajou by this time has wrought his way through the house, and lies concealed in the Bed;&#8211; the unsuspecting Beaver seeing nothing stirring, proceeds into the house as usual, when in the moment he is jumping upon his Bed, the other seizes him by the throat and drags him through the newly made orifice into the woods, where he hides him under the snow, while he returns to the lodge, and destroys them all, the one after the other in the same manner.</p>

<p align="page-number"><span class="AddHand-editors">[44]</span></p>

</div>
<p style="line-height:12px;font-size:10px;font-family:arial,swiss,sans-serif;"><span style="font-weight:bold;font-size:9px;">L E G E N D :</span><br /><span style="background-color:red;color:white;"> in red </span>, modifications made by the editor(s).<br /><span style="background-color:#9900ff;color:white;"> in lavender </span>, modifications made by the assumed author(s).</p>
</td>
<td align="right" width="410" valign="top">
<a style="margin-left:100px;"  class="small" title="JPEG Image" onmouseover="window.status='View Bigger JPEG Image'; return true" onmouseout="window.status=' '; return true" href="javascript:windowBigJPEG(280,300,'toolbar=no,location=no,scrollbars=yes,resizable=yes,alwaysRaised=yes','Page #46')">View bigger image in JPEG format [ 117k ]</a></td>
</tr>
<tr>
<td valign="top" width="410" align="left"><img src="../../../scans/0005/smallJPEG/MFTP0005PG0046.JPG" /></td>
</tr>
</table>

</body>
</html>
