<?xml version="1.0" encoding="iso-8859-1" ?>

<html>

 <head>
  <title>Description of Lake Athabasca and the Chipweans, ca. 1805 and Journal of a Voyage from Lachine to Fort River Qu'Appelle, 1793.  - Page #73</title>
  <meta http-equiv="Content-Type" content="text/html;charset=iso-8859-1" />
<META Name="author" Content="MacDonell, John.">
  <link rel="stylesheet" type="text/css" href="../../../../ss/css/FurTrade_StandAlonePage.IE.css" />
 </head>
<script TYPE="text/javascript" language="JavaScript">
<!-- hide
var WinBigJPEG=null;
function Add(){
if(parent.BackLink==1)
{
parent.BackLink=" ";
return("<a href='javascript:document.rechBis.submit()' target=mainFrame>Back to search results</a> | ");
}
else
return("");
}
function windowDejaVu(URL, name, specs, nopage) {
var WinDejaVu = window.open(URL, name, specs)
WinDejaVu.document.write("<html><head><title>DejaVu Image</title><style type=\"text/css\">body {background-color:#FFFFFF;margin:0.25em;font-family:tahoma,sans-serif;font-size:8pt;letter-spacing:1pt;}</style></head><body>")
WinDejaVu.document.write("<a href=\"\" onclick=\"window.close()\">Close window / Fermer cette fen�tre</a>");
WinDejaVu.document.write("<p style=\"margin:0em;\" align=\"center\">Description of Lake Athabasca and the Chipweans, ca. 1805 and Journal of a Voyage from Lachine to Fort River Qu'Appelle, 1793. An electronic transcription.<br />MacDonell, John. <b>" + nopage + "</b></p>");WinDejaVu.document.write("<embed type=\"image/x-djvu\" pluginspace=\"http://www.djvu.com/download.html\" src=\"../../../scans/0005/DejaVu/MFTP0005Pg073.djvu\" width=\"100%\" height=\"90%\"></body>");
WinDejaVu.document.close()
}
function windowBigJPEG(width,height,specs,nopage) {
x=screen.availWidth-width-20;
if(WinBigJPEG==null)
WinBigJPEG = window.open('','','width='+width+',height='+height+',screenX='+x+',screenY=20, top=20, left='+x+specs)
		else
		{
		if(WinBigJPEG.closed)
		WinBigJPEG = window.open('','','width='+width+',height='+height+',screenX='+x+',screenY=20, top=20, left='+x+specs)
		else
		{
		WinBigJPEG.close();
		WinBigJPEG = window.open('','','width='+width+',height='+height+',screenX='+x+',screenY=20, top=20, left='+x+specs)
		WinBigJPEG.focus();
		}
		}
WinBigJPEG.document.write("<html><head><title>Bigger JPEG Image</title><style type=\"text/css\">body {background-color:#FFFFFF;margin:0.25em;font-family:tahoma,sans-serif;font-size:8pt;letter-spacing:1pt;}</style></head><body>")
WinBigJPEG.document.write("<a href=\"\" onclick=\"window.close()\">Close window / Fermer cette fen�tre</a>");
WinBigJPEG.document.write("<p style=\"margin:0em;\" align=\"center\">Description of Lake Athabasca and the Chipweans, ca. 1805 and Journal of a Voyage from Lachine to Fort River Qu'Appelle, 1793. An electronic transcription.<br />MacDonell, John. <b>" + nopage + "</b></p>");WinBigJPEG.document.write("<img src=\"../../../scans/0005/bigJPEG/MFTP0005PG0073.JPG\" /></body>");
WinBigJPEG.document.close()
}
// end hiding -->
</script>
<script language="javascript">if(parent.main2)  parent.main2.cols='0%,100%';</script>

<body>

<p class="NavBar"><script language="javascript">document.write(Add());</script><a href="../../../../search/searchfs.htm" target="mainFrame">New search</a> | <a href="notes.html">Notes</a> | <a href="abstract.html">Abstract</a></p>
<p class="NavBar"><A HREF="Pg001.html">&lt;&lt; First Page</A> | <A HREF="Pg072.html">&lt; Previous Page</A> | <span class="PageFocusOn"> Page #73 of 112</span> | <A HREF="Pg074.html"> Next Page &gt;</A> | <A HREF="Pg112.html"> Last Page &gt;&gt;</A> </p>

<table class="page" align="center" width="770" border="0">
<tr>
<td rowspan="2" width="360" valign="top">
<p class="EnTeteTranscription">MacDonell, John. Description of Lake Athabasca and the Chipweans, ca. 1805 and Journal of a Voyage from Lachine to Fort River Qu'Appelle, 1793. An electronic transcription. MFTP #0005</p><div class="ContenuPage">
<p style="text-align:justify;">The account the guide gives me here is "The entrance of the <span style="text-decoration:underline;">French River</span> into the <span style="text-decoration:underline;">Lake Huron</span> is nearly at an eaqual distance from <span style="text-decoration:underline;">Detroit</span> on the S.S.E., <span style="text-decoration:underline;">S</span><sup>t</sup><span style="text-decoration:underline;"> Mary's Falls</span> on the W.N.W. and <span style="text-decoration:underline;">Malkinac</span> on the W.S.W. which is farthur by ten leagues than either of the other two places<span class="AddHand-editors">[.]</span>  The Canoes to &amp; from <span style="text-decoration:underline;">Malkinac</span> keep the same course with those bound for <span style="text-decoration:underline;">S</span><sup>t</sup><span style="text-decoration:underline;"> Mary's</span>, till they reach <span style="text-decoration:underline;">Pointe Tepalon</span> to Malkinac whence they cross amongst Islands to the <span style="text-decoration:underline;">Pointe du Detour</span> fifteen leagues from Mackinac the whole distance from Tepalon to Mackinac is <span class="DelHand-author">20</span> <span class="AddHand-author">tw</span>enty five leagues<span class="AddHand-editors">[.]</span>"  This is certainly a mistake for Detroit is farthur from the entrance of the French River than either of the other places though I cannot specify the distance.  The following are the names of the portages from Montreal line <span class="AddHand-author">in</span> <span class="DelHand-author">in</span><span class="AddHand-author">the</span> order in which they occur in ascending the <span style="text-decoration:underline;">Ottawa River</span> &amp;c. to <span style="text-decoration:underline;">Lake Huron</span>.  Viz = 1<sup>st</sup> <span style="text-decoration:underline;">Chute a Blondeau</span>, N<sup>o</sup> 2 3 4 <span style="text-decoration:underline;">Long Soult</span>, N<sup>o</sup> 5 6 7 <span style="text-decoration:underline;">Les Chaudieres</span>, N<sup>o</sup>8 <span style="text-decoration:underline;">Les Chats</span><span class="AddHand-editors">[,]</span> N<sup>o</sup> 9 <span style="text-decoration:underline;">Potage du Fort</span>, N<sup>o</sup> 10 <span style="text-decoration:underline;">La Montagne</span>, N<sup>o</sup> 11</p>
<p style="text-align:right;"><span style="text-decoration:underline;">Dargy</span></p>

<p align="page-number"><span class="AddHand-editors">[71]</span></p>

</div>
<p style="line-height:12px;font-size:10px;font-family:arial,swiss,sans-serif;"><span style="font-weight:bold;font-size:9px;">L E G E N D :</span><br /><span style="background-color:red;color:white;"> in red </span>, modifications made by the editor(s).<br /><span style="background-color:#9900ff;color:white;"> in lavender </span>, modifications made by the assumed author(s).</p>
</td>
<td align="right" width="410" valign="top">
<a style="margin-left:100px;"  class="small" title="JPEG Image" onmouseover="window.status='View Bigger JPEG Image'; return true" onmouseout="window.status=' '; return true" href="javascript:windowBigJPEG(280,300,'toolbar=no,location=no,scrollbars=yes,resizable=yes,alwaysRaised=yes','Page #73')">View bigger image in JPEG format [ 122k ]</a></td>
</tr>
<tr>
<td valign="top" width="410" align="left"><img src="../../../scans/0005/smallJPEG/MFTP0005PG0073.JPG" /></td>
</tr>
</table>

</body>
</html>
