<?xml version="1.0" encoding="iso-8859-1" ?>

<html>

 <head>
  <title>Description of Lake Athabasca and the Chipweans, ca. 1805 and Journal of a Voyage from Lachine to Fort River Qu'Appelle, 1793.  - Page #75</title>
  <meta http-equiv="Content-Type" content="text/html;charset=iso-8859-1" />
<META Name="author" Content="MacDonell, John.">
  <link rel="stylesheet" type="text/css" href="../../../../ss/css/FurTrade_StandAlonePage.IE.css" />
 </head>
<script TYPE="text/javascript" language="JavaScript">
<!-- hide
var WinBigJPEG=null;
function Add(){
if(parent.BackLink==1)
{
parent.BackLink=" ";
return("<a href='javascript:document.rechBis.submit()' target=mainFrame>Back to search results</a> | ");
}
else
return("");
}
function windowDejaVu(URL, name, specs, nopage) {
var WinDejaVu = window.open(URL, name, specs)
WinDejaVu.document.write("<html><head><title>DejaVu Image</title><style type=\"text/css\">body {background-color:#FFFFFF;margin:0.25em;font-family:tahoma,sans-serif;font-size:8pt;letter-spacing:1pt;}</style></head><body>")
WinDejaVu.document.write("<a href=\"\" onclick=\"window.close()\">Close window / Fermer cette fen�tre</a>");
WinDejaVu.document.write("<p style=\"margin:0em;\" align=\"center\">Description of Lake Athabasca and the Chipweans, ca. 1805 and Journal of a Voyage from Lachine to Fort River Qu'Appelle, 1793. An electronic transcription.<br />MacDonell, John. <b>" + nopage + "</b></p>");WinDejaVu.document.write("<embed type=\"image/x-djvu\" pluginspace=\"http://www.djvu.com/download.html\" src=\"../../../scans/0005/DejaVu/MFTP0005Pg075.djvu\" width=\"100%\" height=\"90%\"></body>");
WinDejaVu.document.close()
}
function windowBigJPEG(width,height,specs,nopage) {
x=screen.availWidth-width-20;
if(WinBigJPEG==null)
WinBigJPEG = window.open('','','width='+width+',height='+height+',screenX='+x+',screenY=20, top=20, left='+x+specs)
		else
		{
		if(WinBigJPEG.closed)
		WinBigJPEG = window.open('','','width='+width+',height='+height+',screenX='+x+',screenY=20, top=20, left='+x+specs)
		else
		{
		WinBigJPEG.close();
		WinBigJPEG = window.open('','','width='+width+',height='+height+',screenX='+x+',screenY=20, top=20, left='+x+specs)
		WinBigJPEG.focus();
		}
		}
WinBigJPEG.document.write("<html><head><title>Bigger JPEG Image</title><style type=\"text/css\">body {background-color:#FFFFFF;margin:0.25em;font-family:tahoma,sans-serif;font-size:8pt;letter-spacing:1pt;}</style></head><body>")
WinBigJPEG.document.write("<a href=\"\" onclick=\"window.close()\">Close window / Fermer cette fen�tre</a>");
WinBigJPEG.document.write("<p style=\"margin:0em;\" align=\"center\">Description of Lake Athabasca and the Chipweans, ca. 1805 and Journal of a Voyage from Lachine to Fort River Qu'Appelle, 1793. An electronic transcription.<br />MacDonell, John. <b>" + nopage + "</b></p>");WinBigJPEG.document.write("<img src=\"../../../scans/0005/bigJPEG/MFTP0005PG0075.JPG\" /></body>");
WinBigJPEG.document.close()
}
// end hiding -->
</script>
<script language="javascript">if(parent.main2)  parent.main2.cols='0%,100%';</script>

<body>

<p class="NavBar"><script language="javascript">document.write(Add());</script><a href="../../../../search/searchfs.htm" target="mainFrame">New search</a> | <a href="notes.html">Notes</a> | <a href="abstract.html">Abstract</a></p>
<p class="NavBar"><A HREF="Pg001.html">&lt;&lt; First Page</A> | <A HREF="Pg074.html">&lt; Previous Page</A> | <span class="PageFocusOn"> Page #75 of 112</span> | <A HREF="Pg076.html"> Next Page &gt;</A> | <A HREF="Pg112.html"> Last Page &gt;&gt;</A> </p>

<table class="page" align="center" width="770" border="0">
<tr>
<td rowspan="2" width="360" valign="top">
<p class="EnTeteTranscription">MacDonell, John. Description of Lake Athabasca and the Chipweans, ca. 1805 and Journal of a Voyage from Lachine to Fort River Qu'Appelle, 1793. An electronic transcription. MFTP #0005</p><div class="ContenuPage">
<p style="text-align:justify;">since the <span style="text-decoration:underline;">long Soult</span> but who we since learnt came <span class="AddHand-author">to</span> them that same evening<span class="AddHand-editors">[.]</span>  We are now but a single canoe making the best of our way to the Grand Portage<span class="AddHand-editors">[.]</span>  After proceeding four leagues we put on shore for the evening<span class="AddHand-editors">[.]</span>  The 28<sup>th</sup> being a fine sunshining day we made good progress<span class="AddHand-editors">[.]</span>  <span class="AddHand-editors">[N]</span>ext day we had a thick fog in which we were bewildered for some hours and camped at <span class="AddHand-author">the</span> <span style="text-decoration:underline;">serpents</span> point &#8211; halfway to the sault.</p>
<p style="text-align:justify;"><span class="AddHand-author">Saturday 29</span><span class="AddHand-author"><sup>th</sup></span><span class="AddHand-editors">[<span class="AddHand-author">.</span>]</span><span class="AddHand-author">  Met a number of canoes coming from Michilimackinac and passed point Lepalon</span><span class="AddHand-editors">[<span class="AddHand-author">.</span>]</span>  <span class="AddHand-editors">[<span class="AddHand-author">W</span>]</span><span class="AddHand-author">e continued coasting the North shore of the lake</span><span class="AddHand-editors">[<span class="AddHand-author">.</span>]</span></p>
<p style="text-align:justify;"><span class="DelHand-author">Saturday 29</span> <span class="AddHand-author">Sunday 30</span><sup>th</sup><span class="AddHand-editors">[.]</span>  Arrived at the Sault S<sup>t</sup> Mary's<span class="AddHand-editors">[.]</span>  The only settlements are on the South shore of the straits divid<span class="DelHand-author">ed</span>ing Lake Superior from Lake Huron at <span class="AddHand-author">the</span> bottom of a large Rapid which makes us carry our goods; a mile to their head<span class="AddHand-editors">[.]</span>  M<sup>r</sup> Nolin who transacts the North West Companys business here has much the best improvements of any of those settled here.</p>
<p style="text-align:justify;">From this gentleman M<sup>r</sup> M<sup>c</sup>Leod and I received every attention, and rooms in his House while we remained at the Sault.</p>
<p style="text-align:justify;">Vast numbers of white fish are taken, here, of an excellent quality many of which are salted and sent to <span style="text-decoration:underline;">Mackinac</span> &amp; <span class="AddHand-author"><span style="text-decoration:underline;">De</span></span><span style="text-decoration:underline;">troit</span> where they ought to sell well to bear the expense and repay the exporte, for salt sells at the Sault for 1/8 p<sup>r</sup> <sup>lbs</sup><span class="AddHand-editors">[.]</span></p>
<p style="text-align:justify;">July 2<sup>nd</sup><span class="AddHand-editors">[.]</span>  We left the hospitable roof of Mons<sup>r</sup> Nolin who escorted us to the western end of the portage</p>
<p style="text-align:right;">where</p>

<p align="page-number"><span class="AddHand-editors">[73]</span></p>

</div>
<p style="line-height:12px;font-size:10px;font-family:arial,swiss,sans-serif;"><span style="font-weight:bold;font-size:9px;">L E G E N D :</span><br /><span style="background-color:red;color:white;"> in red </span>, modifications made by the editor(s).<br /><span style="background-color:#9900ff;color:white;"> in lavender </span>, modifications made by the assumed author(s).</p>
</td>
<td align="right" width="410" valign="top">
<a style="margin-left:100px;"  class="small" title="JPEG Image" onmouseover="window.status='View Bigger JPEG Image'; return true" onmouseout="window.status=' '; return true" href="javascript:windowBigJPEG(280,300,'toolbar=no,location=no,scrollbars=yes,resizable=yes,alwaysRaised=yes','Page #75')">View bigger image in JPEG format [ 129k ]</a></td>
</tr>
<tr>
<td valign="top" width="410" align="left"><img src="../../../scans/0005/smallJPEG/MFTP0005PG0075.JPG" /></td>
</tr>
</table>

</body>
</html>
