<?xml version="1.0" encoding="iso-8859-1" ?>

<html>

 <head>
  <title>Letter to Judge Adam Mabane, 1787, with a copy of Jones's testimony 1783.  - Page #7</title>
  <meta http-equiv="Content-Type" content="text/html;charset=iso-8859-1" />
<META Name="author" Content="Jones, John.">
  <link rel="stylesheet" type="text/css" href="../../../../ss/css/FurTrade_StandAlonePage.IE.css" />
 </head>
<script TYPE="text/javascript" language="JavaScript">
<!-- hide
var WinBigJPEG=null;
function Add(){
if(parent.BackLink==1)
{
parent.BackLink=" ";
return("<a href='javascript:document.rechBis.submit()' target=mainFrame>Back to search results</a> | ");
}
else
return("");
}
function windowDejaVu(URL, name, specs, nopage) {
var WinDejaVu = window.open(URL, name, specs)
WinDejaVu.document.write("<html><head><title>DejaVu Image</title><style type=\"text/css\">body {background-color:#FFFFFF;margin:0.25em;font-family:tahoma,sans-serif;font-size:8pt;letter-spacing:1pt;}</style></head><body>")
WinDejaVu.document.write("<a href=\"\" onclick=\"window.close()\">Close window / Fermer cette fen�tre</a>");
WinDejaVu.document.write("<p style=\"margin:0em;\" align=\"center\">Letter to Judge Adam Mabane, 1787, with a copy of Jones's testimony 1783. An electronic transcription.<br />Jones, John. <b>" + nopage + "</b></p>");WinDejaVu.document.write("<embed type=\"image/x-djvu\" pluginspace=\"http://www.djvu.com/download.html\" src=\"../../../scans/0003/DejaVu/MFTP0003Pg007.djvu\" width=\"100%\" height=\"90%\"></body>");
WinDejaVu.document.close()
}
function windowBigJPEG(width,height,specs,nopage) {
x=screen.availWidth-width-20;
if(WinBigJPEG==null)
WinBigJPEG = window.open('','','width='+width+',height='+height+',screenX='+x+',screenY=20, top=20, left='+x+specs)
		else
		{
		if(WinBigJPEG.closed)
		WinBigJPEG = window.open('','','width='+width+',height='+height+',screenX='+x+',screenY=20, top=20, left='+x+specs)
		else
		{
		WinBigJPEG.close();
		WinBigJPEG = window.open('','','width='+width+',height='+height+',screenX='+x+',screenY=20, top=20, left='+x+specs)
		WinBigJPEG.focus();
		}
		}
WinBigJPEG.document.write("<html><head><title>Bigger JPEG Image</title><style type=\"text/css\">body {background-color:#FFFFFF;margin:0.25em;font-family:tahoma,sans-serif;font-size:8pt;letter-spacing:1pt;}</style></head><body>")
WinBigJPEG.document.write("<a href=\"\" onclick=\"window.close()\">Close window / Fermer cette fen�tre</a>");
WinBigJPEG.document.write("<p style=\"margin:0em;\" align=\"center\">Letter to Judge Adam Mabane, 1787, with a copy of Jones's testimony 1783. An electronic transcription.<br />Jones, John. <b>" + nopage + "</b></p>");WinBigJPEG.document.write("<img src=\"../../../scans/0003/bigJPEG/MFTP0003PG0007.JPG\" /></body>");
WinBigJPEG.document.close()
}
// end hiding -->
</script>
<script language="javascript">if(parent.main2)  parent.main2.cols='0%,100%';</script>

<body>

<p class="NavBar"><script language="javascript">document.write(Add());</script><a href="../../../../search/searchfs.htm" target="mainFrame">New search</a> | <a href="notes.html">Notes</a> | <a href="abstract.html">Abstract</a></p>
<p class="NavBar"><A HREF="Pg001.html">&lt;&lt; First Page</A> | <A HREF="Pg006.html">&lt; Previous Page</A> | <span class="PageFocusOn"> Page #7 of 20</span> | <A HREF="Pg008.html"> Next Page &gt;</A> | <A HREF="Pg020.html"> Last Page &gt;&gt;</A> </p>

<table class="page" align="center" width="770" border="0">
<tr>
<td rowspan="2" width="360" valign="top">
<p class="EnTeteTranscription">Jones, John. Letter to Judge Adam Mabane, 1787, with a copy of Jones's testimony 1783. An electronic transcription. MFTP #0003</p><div class="ContenuPage">
<p style="text-align:justify;">same thing as to file a blank sheet of Paper.  Further.  To shew that it was <span style="text-decoration:underline;">read</span> and regularly <span style="text-decoration:underline;">filed</span>, you should prove that M<sup>r</sup> Williams had received Communication of <span class="DelHand-author">M<sup>r</sup> Panet objections</span> <span class="AddHand-author">it</span>:</p>
<p style="text-align:justify;">You should on the 11th June, have received <span style="text-decoration:underline;">read</span> &amp; <span style="text-decoration:underline;">filed</span> the defence <span class="AddHand-author">or objections, and heard the argument </span>of M<sup>r</sup> Cochrane, <span class="DelHand-author">then have ordered</span> <span class="AddHand-author">after hearing his reply then you should have ordered </span>Communication to be given to M<sup>r</sup> Williams, and then have <span style="text-decoration:underline;">considered of the same</span>, &amp; not before. <span class="AddHand-author">Were these things done? No.</span></p>
<p style="text-align:justify;">This must carry conviction with it that your own Testimony of Record makes against &amp; condems you; but to the full refutation of your malicious Charge, I bring such Oral prooff, in support of my evidence, and in contradiction to your Comments, that no Man living can challenge or doubt:  I annex to this Letter a Copy of an Original Paper, now in my possession, dated the 8th Instant, being the declaration of M<sup>r</sup> J. A. Panet Advocate, &amp; M<sup>r</sup> Jaques Perrault Merchant in the French Language and of M<sup>r</sup> John Blackwood in the English Language made in the presence of seven Gentlemen of Character &amp; Consequence, besides two Gentlemen of the Bar, <span style="text-decoration:underline;">which</span> will be confirmed by oath in a Court of Justice.</p>
<p class="head">This Declaration sets forth,</p>
<p style="text-align:justify;">That, M<sup>r</sup> Panet advocate for the Defendant M<sup>r</sup> Cochrane came to Court with a written Paper, containing his Client's Defence against a Motion, made the preceding Court day by M<sup>r</sup> Williams, shewing cause why it should no be granted.</p>
<p style="text-align:justify;">JJ</p>

<p align="page-number"><span class="AddHand-editors">[7]</span></p>

</div>
<p style="line-height:12px;font-size:10px;font-family:arial,swiss,sans-serif;"><span style="font-weight:bold;font-size:9px;">L E G E N D :</span><br /><span style="background-color:red;color:white;"> in red </span>, modifications made by the editor(s).<br /><span style="background-color:#9900ff;color:white;"> in lavender </span>, modifications made by the assumed author(s).</p>
</td>
<td align="right" width="410" valign="top">
<a style="margin-left:100px;"  class="small" title="JPEG Image" onmouseover="window.status='View Bigger JPEG Image'; return true" onmouseout="window.status=' '; return true" href="javascript:windowBigJPEG(280,300,'toolbar=no,location=no,scrollbars=yes,resizable=yes,alwaysRaised=yes','Page #7')">View bigger image in JPEG format [ 134k ]</a></td>
</tr>
<tr>
<td valign="top" width="410" align="left"><img src="../../../scans/0003/smallJPEG/MFTP0003PG0007.JPG" /></td>
</tr>
</table>

</body>
</html>
