<?xml version="1.0" encoding="iso-8859-1" ?>

<html>

 <head>
  <title>Letter to Judge Adam Mabane, 1787, with a copy of Jones's testimony 1783.  - Page #3</title>
  <meta http-equiv="Content-Type" content="text/html;charset=iso-8859-1" />
<META Name="author" Content="Jones, John.">
  <link rel="stylesheet" type="text/css" href="../../../../ss/css/FurTrade_StandAlonePage.IE.css" />
 </head>
<script TYPE="text/javascript" language="JavaScript">
<!-- hide
var WinBigJPEG=null;
function Add(){
if(parent.BackLink==1)
{
parent.BackLink=" ";
return("<a href='javascript:document.rechBis.submit()' target=mainFrame>Back to search results</a> | ");
}
else
return("");
}
function windowDejaVu(URL, name, specs, nopage) {
var WinDejaVu = window.open(URL, name, specs)
WinDejaVu.document.write("<html><head><title>DejaVu Image</title><style type=\"text/css\">body {background-color:#FFFFFF;margin:0.25em;font-family:tahoma,sans-serif;font-size:8pt;letter-spacing:1pt;}</style></head><body>")
WinDejaVu.document.write("<a href=\"\" onclick=\"window.close()\">Close window / Fermer cette fen�tre</a>");
WinDejaVu.document.write("<p style=\"margin:0em;\" align=\"center\">Letter to Judge Adam Mabane, 1787, with a copy of Jones's testimony 1783. An electronic transcription.<br />Jones, John. <b>" + nopage + "</b></p>");WinDejaVu.document.write("<embed type=\"image/x-djvu\" pluginspace=\"http://www.djvu.com/download.html\" src=\"../../../scans/0003/DejaVu/MFTP0003Pg003.djvu\" width=\"100%\" height=\"90%\"></body>");
WinDejaVu.document.close()
}
function windowBigJPEG(width,height,specs,nopage) {
x=screen.availWidth-width-20;
if(WinBigJPEG==null)
WinBigJPEG = window.open('','','width='+width+',height='+height+',screenX='+x+',screenY=20, top=20, left='+x+specs)
		else
		{
		if(WinBigJPEG.closed)
		WinBigJPEG = window.open('','','width='+width+',height='+height+',screenX='+x+',screenY=20, top=20, left='+x+specs)
		else
		{
		WinBigJPEG.close();
		WinBigJPEG = window.open('','','width='+width+',height='+height+',screenX='+x+',screenY=20, top=20, left='+x+specs)
		WinBigJPEG.focus();
		}
		}
WinBigJPEG.document.write("<html><head><title>Bigger JPEG Image</title><style type=\"text/css\">body {background-color:#FFFFFF;margin:0.25em;font-family:tahoma,sans-serif;font-size:8pt;letter-spacing:1pt;}</style></head><body>")
WinBigJPEG.document.write("<a href=\"\" onclick=\"window.close()\">Close window / Fermer cette fen�tre</a>");
WinBigJPEG.document.write("<p style=\"margin:0em;\" align=\"center\">Letter to Judge Adam Mabane, 1787, with a copy of Jones's testimony 1783. An electronic transcription.<br />Jones, John. <b>" + nopage + "</b></p>");WinBigJPEG.document.write("<img src=\"../../../scans/0003/bigJPEG/MFTP0003PG0003.JPG\" /></body>");
WinBigJPEG.document.close()
}
// end hiding -->
</script>
<script language="javascript">if(parent.main2)  parent.main2.cols='0%,100%';</script>

<body>

<p class="NavBar"><script language="javascript">document.write(Add());</script><a href="../../../../search/searchfs.htm" target="mainFrame">New search</a> | <a href="notes.html">Notes</a> | <a href="abstract.html">Abstract</a></p>
<p class="NavBar"><A HREF="Pg001.html">&lt;&lt; First Page</A> | <A HREF="Pg002.html">&lt; Previous Page</A> | <span class="PageFocusOn"> Page #3 of 20</span> | <A HREF="Pg004.html"> Next Page &gt;</A> | <A HREF="Pg020.html"> Last Page &gt;&gt;</A> </p>

<table class="page" align="center" width="770" border="0">
<tr>
<td rowspan="2" width="360" valign="top">
<p class="EnTeteTranscription">Jones, John. Letter to Judge Adam Mabane, 1787, with a copy of Jones's testimony 1783. An electronic transcription. MFTP #0003</p><div class="ContenuPage">
<p style="text-align:justify;">that the testimony I gave upon the Proceedings in the Cause or Action of Jenkin Williams Esq<sup>r</sup> Solicitor for General Haldimand against the Honble John Cochrane is <span style="text-decoration:underline;">contrary to the Records and therefore contrary to Truth</span>.</p>
<p style="text-align:justify;">This, Sir, is a heavy charge declaring me guilty of a very heinous offence; it is my duty to prove my innocence, in doing which, if I shall unavoidably be led to recriminate, I shall stand acquitted by the World.  On the principle of recrimination, it is fair to retort, and to turn the accusation upon my Adversary; I fear not that I shall succeed by what I shall now offer to the perusal of the Public.</p>
<p class="head">My Testimony states</p>
<p style="text-align:justify;">That, I saw M<sup>r</sup> Judge Mabane take out of his pocket a written paper, which he brought with him into Court, containing an Order, or Entry, or Judgement on the motion which M<sup>r</sup> Williams Solicitor for the plaintiff had made the preceeding Court day being four days before;</p>
<p style="text-align:justify;">That, M<sup>r</sup> Panet, Advocate for the Defendant M<sup>r</sup> Cochrane, had prepared his Clients Defence, containing </p>
<p style="text-align:justify;">his objections against the said motion of M<sup>r</sup> Williams, &amp; shewing Cause why the Court should not grant it;</p>
<p style="text-align:justify;">JJ</p>

<p align="page-number"><span class="AddHand-editors">[3]</span></p>

</div>
<p style="line-height:12px;font-size:10px;font-family:arial,swiss,sans-serif;"><span style="font-weight:bold;font-size:9px;">L E G E N D :</span><br /><span style="background-color:red;color:white;"> in red </span>, modifications made by the editor(s).<br /><span style="background-color:#9900ff;color:white;"> in lavender </span>, modifications made by the assumed author(s).</p>
</td>
<td align="right" width="410" valign="top">
<a style="margin-left:100px;"  class="small" title="JPEG Image" onmouseover="window.status='View Bigger JPEG Image'; return true" onmouseout="window.status=' '; return true" href="javascript:windowBigJPEG(280,300,'toolbar=no,location=no,scrollbars=yes,resizable=yes,alwaysRaised=yes','Page #3')">View bigger image in JPEG format [ 118k ]</a></td>
</tr>
<tr>
<td valign="top" width="410" align="left"><img src="../../../scans/0003/smallJPEG/MFTP0003PG0003.JPG" /></td>
</tr>
</table>

</body>
</html>
