<?xml version="1.0" encoding="iso-8859-1" ?>

<html>

 <head>
  <title>Letter to Judge Adam Mabane, 1787, with a copy of Jones's testimony 1783.  - Page #6</title>
  <meta http-equiv="Content-Type" content="text/html;charset=iso-8859-1" />
<META Name="author" Content="Jones, John.">
  <link rel="stylesheet" type="text/css" href="../../../../ss/css/FurTrade_StandAlonePage.IE.css" />
 </head>
<script TYPE="text/javascript" language="JavaScript">
<!-- hide
var WinBigJPEG=null;
function Add(){
if(parent.BackLink==1)
{
parent.BackLink=" ";
return("<a href='javascript:document.rechBis.submit()' target=mainFrame>Back to search results</a> | ");
}
else
return("");
}
function windowDejaVu(URL, name, specs, nopage) {
var WinDejaVu = window.open(URL, name, specs)
WinDejaVu.document.write("<html><head><title>DejaVu Image</title><style type=\"text/css\">body {background-color:#FFFFFF;margin:0.25em;font-family:tahoma,sans-serif;font-size:8pt;letter-spacing:1pt;}</style></head><body>")
WinDejaVu.document.write("<a href=\"\" onclick=\"window.close()\">Close window / Fermer cette fen�tre</a>");
WinDejaVu.document.write("<p style=\"margin:0em;\" align=\"center\">Letter to Judge Adam Mabane, 1787, with a copy of Jones's testimony 1783. An electronic transcription.<br />Jones, John. <b>" + nopage + "</b></p>");WinDejaVu.document.write("<embed type=\"image/x-djvu\" pluginspace=\"http://www.djvu.com/download.html\" src=\"../../../scans/0003/DejaVu/MFTP0003Pg006.djvu\" width=\"100%\" height=\"90%\"></body>");
WinDejaVu.document.close()
}
function windowBigJPEG(width,height,specs,nopage) {
x=screen.availWidth-width-20;
if(WinBigJPEG==null)
WinBigJPEG = window.open('','','width='+width+',height='+height+',screenX='+x+',screenY=20, top=20, left='+x+specs)
		else
		{
		if(WinBigJPEG.closed)
		WinBigJPEG = window.open('','','width='+width+',height='+height+',screenX='+x+',screenY=20, top=20, left='+x+specs)
		else
		{
		WinBigJPEG.close();
		WinBigJPEG = window.open('','','width='+width+',height='+height+',screenX='+x+',screenY=20, top=20, left='+x+specs)
		WinBigJPEG.focus();
		}
		}
WinBigJPEG.document.write("<html><head><title>Bigger JPEG Image</title><style type=\"text/css\">body {background-color:#FFFFFF;margin:0.25em;font-family:tahoma,sans-serif;font-size:8pt;letter-spacing:1pt;}</style></head><body>")
WinBigJPEG.document.write("<a href=\"\" onclick=\"window.close()\">Close window / Fermer cette fen�tre</a>");
WinBigJPEG.document.write("<p style=\"margin:0em;\" align=\"center\">Letter to Judge Adam Mabane, 1787, with a copy of Jones's testimony 1783. An electronic transcription.<br />Jones, John. <b>" + nopage + "</b></p>");WinBigJPEG.document.write("<img src=\"../../../scans/0003/bigJPEG/MFTP0003PG0006.JPG\" /></body>");
WinBigJPEG.document.close()
}
// end hiding -->
</script>
<script language="javascript">if(parent.main2)  parent.main2.cols='0%,100%';</script>

<body>

<p class="NavBar"><script language="javascript">document.write(Add());</script><a href="../../../../search/searchfs.htm" target="mainFrame">New search</a> | <a href="notes.html">Notes</a> | <a href="abstract.html">Abstract</a></p>
<p class="NavBar"><A HREF="Pg001.html">&lt;&lt; First Page</A> | <A HREF="Pg005.html">&lt; Previous Page</A> | <span class="PageFocusOn"> Page #6 of 20</span> | <A HREF="Pg007.html"> Next Page &gt;</A> | <A HREF="Pg020.html"> Last Page &gt;&gt;</A> </p>

<table class="page" align="center" width="770" border="0">
<tr>
<td rowspan="2" width="360" valign="top">
<p class="EnTeteTranscription">Jones, John. Letter to Judge Adam Mabane, 1787, with a copy of Jones's testimony 1783. An electronic transcription. MFTP #0003</p><div class="ContenuPage">
<p style="text-align:justify;">and some are Copies of Originals which are not to be found <span class="AddHand-author">&amp; almost all in confusion.</span>  The Written Paper of M<sup>r</sup> Panet which should be on record, is not endorsed "<span style="text-decoration:underline;">filed</span>"; It has only the Initials of M<sup>r</sup> Lynd; if <span class="DelHand-author">that</span> <span class="AddHand-author">those </span>mean that it was regularly <span style="text-decoration:underline;">filed</span>, it cannot be interp<span class="AddHand-author">r</span>eted to certify that it was <span style="text-decoration:underline;">read</span> <span class="AddHand-author">or</span> <span class="AddHand-author">that he was heard in argument; </span>it exhibits no proof of <span class="DelHand-author">being read</span> <span class="AddHand-author">either</span>.  It is the Law of all Countries that the Records of a Court be kept in regular order &amp; method; Make your election of English or French Law, or both; they command regularity order and Method in your Records.  It remains with you to prove the existence of order &amp; Method, <span class="AddHand-author">before any degree of Credit can be given to them. </span><span class="DelHand-author">that all papers filed may have the authenticity of Records</span>.  I presume you do not mean to refer to the <span style="text-decoration:underline;">Cut</span> and <span style="text-decoration:underline;">Dry</span> &#173; Judgement, as the Record of the Court, to prove that M<sup>r</sup> Panets written Paper was <span style="text-decoration:underline;">read</span> &amp; <span style="text-decoration:underline;">filed</span> <span class="AddHand-author">or that he was heard in Argument</span>; for though you may have therein <span style="text-decoration:underline;">premised</span> <span class="AddHand-author">that he was heard or </span>that it was <span style="text-decoration:underline;">read</span>, very little Credit will be given to an instrument laboring under so unfavorable a complexion, an instrument made out before you came into Court, <span class="DelHand-author">and therefore <span style="text-decoration:underline;">read</span> and <span style="text-decoration:underline;">filed</span> was</span> <span class="AddHand-author">and in which therefore </span><span class="AddHand-author"><span style="text-decoration:underline;">read</span></span><span class="AddHand-author"> &amp; </span><span class="AddHand-author"><span style="text-decoration:underline;">filed</span></span><span class="AddHand-author"> or <span class="DelHand-author">heard</span> must have been</span> inserted <span class="DelHand-author">on it</span> before you heard the Defense <span style="text-decoration:underline;">read</span> <span class="AddHand-author">&amp; before you ordered it to be </span><span style="text-decoration:underline;">filed</span>; Perhaps you intended it should be read; it is a misfortune you did not adhere to your intention; it was not <span style="text-decoration:underline;">read</span>, <span class="AddHand-author">nor was he heard </span>and to file a paper without <span class="AddHand-author">hearing the advocate in argument or without </span>reading it, is (with respect to the immediate Subject before the Court) much the </p>

<p align="page-number"><span class="AddHand-editors">[6]</span></p>

</div>
<p style="line-height:12px;font-size:10px;font-family:arial,swiss,sans-serif;"><span style="font-weight:bold;font-size:9px;">L E G E N D :</span><br /><span style="background-color:red;color:white;"> in red </span>, modifications made by the editor(s).<br /><span style="background-color:#9900ff;color:white;"> in lavender </span>, modifications made by the assumed author(s).</p>
</td>
<td align="right" width="410" valign="top">
<a style="margin-left:100px;"  class="small" title="JPEG Image" onmouseover="window.status='View Bigger JPEG Image'; return true" onmouseout="window.status=' '; return true" href="javascript:windowBigJPEG(280,300,'toolbar=no,location=no,scrollbars=yes,resizable=yes,alwaysRaised=yes','Page #6')">View bigger image in JPEG format [ 149k ]</a></td>
</tr>
<tr>
<td valign="top" width="410" align="left"><img src="../../../scans/0003/smallJPEG/MFTP0003PG0006.JPG" /></td>
</tr>
</table>

</body>
</html>
