<?xml version="1.0" encoding="iso-8859-1" ?>

<html>

 <head>
  <title>Letter to Judge Adam Mabane, 1787, with a copy of Jones's testimony 1783.  - Page #8</title>
  <meta http-equiv="Content-Type" content="text/html;charset=iso-8859-1" />
<META Name="author" Content="Jones, John.">
  <link rel="stylesheet" type="text/css" href="../../../../ss/css/FurTrade_StandAlonePage.IE.css" />
 </head>
<script TYPE="text/javascript" language="JavaScript">
<!-- hide
var WinBigJPEG=null;
function Add(){
if(parent.BackLink==1)
{
parent.BackLink=" ";
return("<a href='javascript:document.rechBis.submit()' target=mainFrame>Back to search results</a> | ");
}
else
return("");
}
function windowDejaVu(URL, name, specs, nopage) {
var WinDejaVu = window.open(URL, name, specs)
WinDejaVu.document.write("<html><head><title>DejaVu Image</title><style type=\"text/css\">body {background-color:#FFFFFF;margin:0.25em;font-family:tahoma,sans-serif;font-size:8pt;letter-spacing:1pt;}</style></head><body>")
WinDejaVu.document.write("<a href=\"\" onclick=\"window.close()\">Close window / Fermer cette fen�tre</a>");
WinDejaVu.document.write("<p style=\"margin:0em;\" align=\"center\">Letter to Judge Adam Mabane, 1787, with a copy of Jones's testimony 1783. An electronic transcription.<br />Jones, John. <b>" + nopage + "</b></p>");WinDejaVu.document.write("<embed type=\"image/x-djvu\" pluginspace=\"http://www.djvu.com/download.html\" src=\"../../../scans/0003/DejaVu/MFTP0003Pg008.djvu\" width=\"100%\" height=\"90%\"></body>");
WinDejaVu.document.close()
}
function windowBigJPEG(width,height,specs,nopage) {
x=screen.availWidth-width-20;
if(WinBigJPEG==null)
WinBigJPEG = window.open('','','width='+width+',height='+height+',screenX='+x+',screenY=20, top=20, left='+x+specs)
		else
		{
		if(WinBigJPEG.closed)
		WinBigJPEG = window.open('','','width='+width+',height='+height+',screenX='+x+',screenY=20, top=20, left='+x+specs)
		else
		{
		WinBigJPEG.close();
		WinBigJPEG = window.open('','','width='+width+',height='+height+',screenX='+x+',screenY=20, top=20, left='+x+specs)
		WinBigJPEG.focus();
		}
		}
WinBigJPEG.document.write("<html><head><title>Bigger JPEG Image</title><style type=\"text/css\">body {background-color:#FFFFFF;margin:0.25em;font-family:tahoma,sans-serif;font-size:8pt;letter-spacing:1pt;}</style></head><body>")
WinBigJPEG.document.write("<a href=\"\" onclick=\"window.close()\">Close window / Fermer cette fen�tre</a>");
WinBigJPEG.document.write("<p style=\"margin:0em;\" align=\"center\">Letter to Judge Adam Mabane, 1787, with a copy of Jones's testimony 1783. An electronic transcription.<br />Jones, John. <b>" + nopage + "</b></p>");WinBigJPEG.document.write("<img src=\"../../../scans/0003/bigJPEG/MFTP0003PG0008.JPG\" /></body>");
WinBigJPEG.document.close()
}
// end hiding -->
</script>
<script language="javascript">if(parent.main2)  parent.main2.cols='0%,100%';</script>

<body>

<p class="NavBar"><script language="javascript">document.write(Add());</script><a href="../../../../search/searchfs.htm" target="mainFrame">New search</a> | <a href="notes.html">Notes</a> | <a href="abstract.html">Abstract</a></p>
<p class="NavBar"><A HREF="Pg001.html">&lt;&lt; First Page</A> | <A HREF="Pg007.html">&lt; Previous Page</A> | <span class="PageFocusOn"> Page #8 of 20</span> | <A HREF="Pg009.html"> Next Page &gt;</A> | <A HREF="Pg020.html"> Last Page &gt;&gt;</A> </p>

<table class="page" align="center" width="770" border="0">
<tr>
<td rowspan="2" width="360" valign="top">
<p class="EnTeteTranscription">Jones, John. Letter to Judge Adam Mabane, 1787, with a copy of Jones's testimony 1783. An electronic transcription. MFTP #0003</p><div class="ContenuPage">
<p style="text-align:justify;">That he began to read the <span class="DelHand-author">same</span> <span class="AddHand-author">said</span> Paper, and wh<span class="AddHand-editors">[ile]</span> reading it, <span class="AddHand-author">he perceived</span> M<sup>r</sup> Judge Mabane was directing <span class="AddHand-editors">[the]</span> Clerk of the Court to enter on his <span class="AddHand-author">Minute Book or </span>book of Record<span class="DelHand-author">s</span>, Judgement on the said motion of M<sup>r</sup> Williams; (which Judgement, he was told, M<sup>r</sup> Mabane took out of his Pocket;)</p>
<p style="text-align:justify;">That in the utmost consternation at such an unjustifiable proceeding he laid down his paper and attempted to impress the said Judge with a Sense of its enormity; but to no purpose;</p>
<p style="text-align:justify;">That M<sup>r</sup> Williams did also pray the said Judge not to make any rule or pass any Judgement on his motion till the reasons of M<sup>r</sup> Cochrane against it should be heard &#8211; but to no purpose;</p>
<p style="text-align:justify;">That the said Judge compelled &amp; endecently hurried the Clerk of the Court to enter the said Judgement in <span class="AddHand-author">the Minute book or </span>the Book of Record;</p>
<p style="text-align:justify;">And that M<sup>r</sup> Cochrane cried out, &#8220;It was in vain to hope for Justice in that Court when the first Judge brought Judgements ready <span style="text-decoration:underline;">Cut</span> and <span style="text-decoration:underline;">Dry</span>.</p>
<p style="text-align:justify;">Thus, Sir, I have, by your invitation, traced your evidences &amp; testimony upon Record; <span class="AddHand-author">I</span> <span class="AddHand-author">have established the fact of your bringing the Judgement ready made into Court, &amp; of your pronouncing it without hearing the defendant;</span> I have an impartial Public to Judge if I am guilty of <span style="text-decoration:underline;">Temerity &amp; Untruth</span>.</p>
<p style="text-align:justify;">Will you be pleased to tell that Public why you did not oppose the Evidence of M<sup>r</sup> Williams to mine?  Why you did not bring forward M<sup>r</sup> J. A. Panet the Advocate? and why you did not examine M<sup>r</sup> Lynd the Clerk of the Court upon this point, when you had him in evidence?  These Gentlemen you</p>

<p align="page-number"><span class="AddHand-editors">[8]</span></p>

</div>
<p style="line-height:12px;font-size:10px;font-family:arial,swiss,sans-serif;"><span style="font-weight:bold;font-size:9px;">L E G E N D :</span><br /><span style="background-color:red;color:white;"> in red </span>, modifications made by the editor(s).<br /><span style="background-color:#9900ff;color:white;"> in lavender </span>, modifications made by the assumed author(s).</p>
</td>
<td align="right" width="410" valign="top">
<a style="margin-left:100px;"  class="small" title="JPEG Image" onmouseover="window.status='View Bigger JPEG Image'; return true" onmouseout="window.status=' '; return true" href="javascript:windowBigJPEG(280,300,'toolbar=no,location=no,scrollbars=yes,resizable=yes,alwaysRaised=yes','Page #8')">View bigger image in JPEG format [ 138k ]</a></td>
</tr>
<tr>
<td valign="top" width="410" align="left"><img src="../../../scans/0003/smallJPEG/MFTP0003PG0008.JPG" /></td>
</tr>
</table>

</body>
</html>
