<?xml version="1.0" encoding="iso-8859-1" ?>

<html>

 <head>
  <title>Letter to Judge Adam Mabane, 1787, with a copy of Jones's testimony 1783.  - Page #5</title>
  <meta http-equiv="Content-Type" content="text/html;charset=iso-8859-1" />
<META Name="author" Content="Jones, John.">
  <link rel="stylesheet" type="text/css" href="../../../../ss/css/FurTrade_StandAlonePage.IE.css" />
 </head>
<script TYPE="text/javascript" language="JavaScript">
<!-- hide
var WinBigJPEG=null;
function Add(){
if(parent.BackLink==1)
{
parent.BackLink=" ";
return("<a href='javascript:document.rechBis.submit()' target=mainFrame>Back to search results</a> | ");
}
else
return("");
}
function windowDejaVu(URL, name, specs, nopage) {
var WinDejaVu = window.open(URL, name, specs)
WinDejaVu.document.write("<html><head><title>DejaVu Image</title><style type=\"text/css\">body {background-color:#FFFFFF;margin:0.25em;font-family:tahoma,sans-serif;font-size:8pt;letter-spacing:1pt;}</style></head><body>")
WinDejaVu.document.write("<a href=\"\" onclick=\"window.close()\">Close window / Fermer cette fen�tre</a>");
WinDejaVu.document.write("<p style=\"margin:0em;\" align=\"center\">Letter to Judge Adam Mabane, 1787, with a copy of Jones's testimony 1783. An electronic transcription.<br />Jones, John. <b>" + nopage + "</b></p>");WinDejaVu.document.write("<embed type=\"image/x-djvu\" pluginspace=\"http://www.djvu.com/download.html\" src=\"../../../scans/0003/DejaVu/MFTP0003Pg005.djvu\" width=\"100%\" height=\"90%\"></body>");
WinDejaVu.document.close()
}
function windowBigJPEG(width,height,specs,nopage) {
x=screen.availWidth-width-20;
if(WinBigJPEG==null)
WinBigJPEG = window.open('','','width='+width+',height='+height+',screenX='+x+',screenY=20, top=20, left='+x+specs)
		else
		{
		if(WinBigJPEG.closed)
		WinBigJPEG = window.open('','','width='+width+',height='+height+',screenX='+x+',screenY=20, top=20, left='+x+specs)
		else
		{
		WinBigJPEG.close();
		WinBigJPEG = window.open('','','width='+width+',height='+height+',screenX='+x+',screenY=20, top=20, left='+x+specs)
		WinBigJPEG.focus();
		}
		}
WinBigJPEG.document.write("<html><head><title>Bigger JPEG Image</title><style type=\"text/css\">body {background-color:#FFFFFF;margin:0.25em;font-family:tahoma,sans-serif;font-size:8pt;letter-spacing:1pt;}</style></head><body>")
WinBigJPEG.document.write("<a href=\"\" onclick=\"window.close()\">Close window / Fermer cette fen�tre</a>");
WinBigJPEG.document.write("<p style=\"margin:0em;\" align=\"center\">Letter to Judge Adam Mabane, 1787, with a copy of Jones's testimony 1783. An electronic transcription.<br />Jones, John. <b>" + nopage + "</b></p>");WinBigJPEG.document.write("<img src=\"../../../scans/0003/bigJPEG/MFTP0003PG0005.JPG\" /></body>");
WinBigJPEG.document.close()
}
// end hiding -->
</script>
<script language="javascript">if(parent.main2)  parent.main2.cols='0%,100%';</script>

<body>

<p class="NavBar"><script language="javascript">document.write(Add());</script><a href="../../../../search/searchfs.htm" target="mainFrame">New search</a> | <a href="notes.html">Notes</a> | <a href="abstract.html">Abstract</a></p>
<p class="NavBar"><A HREF="Pg001.html">&lt;&lt; First Page</A> | <A HREF="Pg004.html">&lt; Previous Page</A> | <span class="PageFocusOn"> Page #5 of 20</span> | <A HREF="Pg006.html"> Next Page &gt;</A> | <A HREF="Pg020.html"> Last Page &gt;&gt;</A> </p>

<table class="page" align="center" width="770" border="0">
<tr>
<td rowspan="2" width="360" valign="top">
<p class="EnTeteTranscription">Jones, John. Letter to Judge Adam Mabane, 1787, with a copy of Jones's testimony 1783. An electronic transcription. MFTP #0003</p><div class="ContenuPage">
<p><span class="fw">2</span>
</p>
<p style="text-align:justify;">against a most unjustifiable Act of the Defendant M<sup>r</sup> Cochrane;</p>
<p style="text-align:justify;">That this being the only matter <span class="AddHand-author">to </span>which my Evidence (on the special Interrogatory) refers, I have been guilty of <span style="text-decoration:underline;">Temrity</span> <span class="AddHand-editors">[ed.n.: temerity]</span> &amp; <span style="text-decoration:underline;">Untruth</span> in asserting that the Counsel for M<sup>r</sup> Cochrane was refused to be heard, whose written answer, as <span style="text-decoration:underline;">read</span> &amp; <span style="text-decoration:underline;">filed</span>, signed both my M<sup>r</sup> Cochrane &amp; his Counsel, <span style="text-decoration:underline;">Remains</span> <span style="text-decoration:underline;">on</span> <span style="text-decoration:underline;">Record</span>. <span class="DelHand-author">Now, Sir I</span></p>
<p style="text-align:justify;"><span class="AddHand-author">Now, Sir, I</span> do once more in the face of the world declare, that what I gave in testimony, &amp; what I have more briefly stated in this Letter I did hear and see done and said by <span class="DelHand-author">you</span> <span class="AddHand-author"><span style="text-decoration:underline;">YOU</span></span> in the Court of Common Pleas; and I shall now proceed to prove that you have knowingly, &amp; deliberately misrepresented facts, and that you were affraid of bringing Oral testimony to confront mine, because you knew that every Iota of my evidence would be confirmed by your own Witnesses.</p>
<p style="text-align:justify;">In your Comments you refer to the Records of the Court, to prove that you did not give Judgement on M<sup>r </sup>Williams's Motion before M<sup>r</sup> Panets written Paper was <span style="text-decoration:underline;">read</span> and <span style="text-decoration:underline;">filed</span>; and this you do with as much confidence as if you believed that the World would receive them as the most authentic Evidence, whereas it is generally understood that they carry very little weight with them from the Circumstance, as represented on the investigation, that some are lost, some are blotted.</p>
<p style="text-align:justify;">JJ</p>
<p style="text-align:right;">and</p>

<p align="page-number"><span class="AddHand-editors">[5]</span></p>

</div>
<p style="line-height:12px;font-size:10px;font-family:arial,swiss,sans-serif;"><span style="font-weight:bold;font-size:9px;">L E G E N D :</span><br /><span style="background-color:red;color:white;"> in red </span>, modifications made by the editor(s).<br /><span style="background-color:#9900ff;color:white;"> in lavender </span>, modifications made by the assumed author(s).</p>
</td>
<td align="right" width="410" valign="top">
<a style="margin-left:100px;"  class="small" title="JPEG Image" onmouseover="window.status='View Bigger JPEG Image'; return true" onmouseout="window.status=' '; return true" href="javascript:windowBigJPEG(280,300,'toolbar=no,location=no,scrollbars=yes,resizable=yes,alwaysRaised=yes','Page #5')">View bigger image in JPEG format [ 128k ]</a></td>
</tr>
<tr>
<td valign="top" width="410" align="left"><img src="../../../scans/0003/smallJPEG/MFTP0003PG0005.JPG" /></td>
</tr>
</table>

</body>
</html>
