<?xml version="1.0" encoding="iso-8859-1" ?>

<html>

 <head>
  <title>Letter to Judge Adam Mabane, 1787, with a copy of Jones's testimony 1783.  - Page #2</title>
  <meta http-equiv="Content-Type" content="text/html;charset=iso-8859-1" />
<META Name="author" Content="Jones, John.">
  <link rel="stylesheet" type="text/css" href="../../../../ss/css/FurTrade_StandAlonePage.IE.css" />
 </head>
<script TYPE="text/javascript" language="JavaScript">
<!-- hide
var WinBigJPEG=null;
function Add(){
if(parent.BackLink==1)
{
parent.BackLink=" ";
return("<a href='javascript:document.rechBis.submit()' target=mainFrame>Back to search results</a> | ");
}
else
return("");
}
function windowDejaVu(URL, name, specs, nopage) {
var WinDejaVu = window.open(URL, name, specs)
WinDejaVu.document.write("<html><head><title>DejaVu Image</title><style type=\"text/css\">body {background-color:#FFFFFF;margin:0.25em;font-family:tahoma,sans-serif;font-size:8pt;letter-spacing:1pt;}</style></head><body>")
WinDejaVu.document.write("<a href=\"\" onclick=\"window.close()\">Close window / Fermer cette fen�tre</a>");
WinDejaVu.document.write("<p style=\"margin:0em;\" align=\"center\">Letter to Judge Adam Mabane, 1787, with a copy of Jones's testimony 1783. An electronic transcription.<br />Jones, John. <b>" + nopage + "</b></p>");WinDejaVu.document.write("<embed type=\"image/x-djvu\" pluginspace=\"http://www.djvu.com/download.html\" src=\"../../../scans/0003/DejaVu/MFTP0003Pg002.djvu\" width=\"100%\" height=\"90%\"></body>");
WinDejaVu.document.close()
}
function windowBigJPEG(width,height,specs,nopage) {
x=screen.availWidth-width-20;
if(WinBigJPEG==null)
WinBigJPEG = window.open('','','width='+width+',height='+height+',screenX='+x+',screenY=20, top=20, left='+x+specs)
		else
		{
		if(WinBigJPEG.closed)
		WinBigJPEG = window.open('','','width='+width+',height='+height+',screenX='+x+',screenY=20, top=20, left='+x+specs)
		else
		{
		WinBigJPEG.close();
		WinBigJPEG = window.open('','','width='+width+',height='+height+',screenX='+x+',screenY=20, top=20, left='+x+specs)
		WinBigJPEG.focus();
		}
		}
WinBigJPEG.document.write("<html><head><title>Bigger JPEG Image</title><style type=\"text/css\">body {background-color:#FFFFFF;margin:0.25em;font-family:tahoma,sans-serif;font-size:8pt;letter-spacing:1pt;}</style></head><body>")
WinBigJPEG.document.write("<a href=\"\" onclick=\"window.close()\">Close window / Fermer cette fen�tre</a>");
WinBigJPEG.document.write("<p style=\"margin:0em;\" align=\"center\">Letter to Judge Adam Mabane, 1787, with a copy of Jones's testimony 1783. An electronic transcription.<br />Jones, John. <b>" + nopage + "</b></p>");WinBigJPEG.document.write("<img src=\"../../../scans/0003/bigJPEG/MFTP0003PG0002.JPG\" /></body>");
WinBigJPEG.document.close()
}
// end hiding -->
</script>
<script language="javascript">if(parent.main2)  parent.main2.cols='0%,100%';</script>

<body>

<p class="NavBar"><script language="javascript">document.write(Add());</script><a href="../../../../search/searchfs.htm" target="mainFrame">New search</a> | <a href="notes.html">Notes</a> | <a href="abstract.html">Abstract</a></p>
<p class="NavBar"><A HREF="Pg001.html">&lt;&lt; First Page</A> | <A HREF="Pg001.html">&lt; Previous Page</A> | <span class="PageFocusOn"> Page #2 of 20</span> | <A HREF="Pg003.html"> Next Page &gt;</A> | <A HREF="Pg020.html"> Last Page &gt;&gt;</A> </p>

<table class="page" align="center" width="770" border="0">
<tr>
<td rowspan="2" width="360" valign="top">
<p class="EnTeteTranscription">Jones, John. Letter to Judge Adam Mabane, 1787, with a copy of Jones's testimony 1783. An electronic transcription. MFTP #0003</p><div class="ContenuPage">
<p style="text-align:justify;">Man; if I suffer them to pass without Contradiction they will be taken for proved; a Man under so foul a Stigma is incapable of enjoying the rights of Society, <span class="DelHand-author">and</span> <span class="AddHand-author">he </span>is disqualified to act as a Citizen.  I am <span class="AddHand-author">on </span>this day discharging the Duty of a Grand Juror, a Duty which the Constitution <span class="DelHand-author">of</span> <span class="AddHand-author">&amp;</span> Laws of my Country teach me to be of a very serious and important Nature; If your accusation is <span class="DelHand-author">fact</span> <span class="AddHand-author">just</span>, I am henceforth neither Competent to be a Juror, nor to be received as a Witness in any Court of Justice; and thus you have discribed me as an Exile by the Law, the out-cast of Society; Injured as I am, and feeling as I do, I should be justified if I dipt my pen in Gall.</p>
<p style="text-align:justify;">It would seem that your invective and declamation cost you little pains, they have flowed freely from a rich fountain; and tho' they will not be received for truth by dispassionate men, it is necessary that I make my defence public, as you have your Comments <span class="AddHand-author">to prevent any improper impressions being fixt on the minds of my fellows citizens.</span>  I address myself to you, because in the Language I discover the <span style="text-decoration:underline;">Man</span>: I shall not imitate your example; I shall convey my justification in terms of Decency and Respect.</p>
<p style="text-align:justify;">You have had the confidence to Charge me with <span style="text-decoration:underline;">Temerity</span> &amp; <span style="text-decoration:underline;">Untruth</span>, and to assert</p>
<p style="text-align:right;">that</p>

<p align="page-number"><span class="AddHand-editors">[2]</span></p>

</div>
<p style="line-height:12px;font-size:10px;font-family:arial,swiss,sans-serif;"><span style="font-weight:bold;font-size:9px;">L E G E N D :</span><br /><span style="background-color:red;color:white;"> in red </span>, modifications made by the editor(s).<br /><span style="background-color:#9900ff;color:white;"> in lavender </span>, modifications made by the assumed author(s).</p>
</td>
<td align="right" width="410" valign="top">
<a style="margin-left:100px;"  class="small" title="JPEG Image" onmouseover="window.status='View Bigger JPEG Image'; return true" onmouseout="window.status=' '; return true" href="javascript:windowBigJPEG(280,300,'toolbar=no,location=no,scrollbars=yes,resizable=yes,alwaysRaised=yes','Page #2')">View bigger image in JPEG format [ 130k ]</a></td>
</tr>
<tr>
<td valign="top" width="410" align="left"><img src="../../../scans/0003/smallJPEG/MFTP0003PG0002.JPG" /></td>
</tr>
</table>

</body>
</html>
