<?xml version="1.0" encoding="iso-8859-1" ?>

<html>

 <head>
  <title>Letter to Judge Adam Mabane, 1787, with a copy of Jones's testimony 1783.  - Page #4</title>
  <meta http-equiv="Content-Type" content="text/html;charset=iso-8859-1" />
<META Name="author" Content="Jones, John.">
  <link rel="stylesheet" type="text/css" href="../../../../ss/css/FurTrade_StandAlonePage.IE.css" />
 </head>
<script TYPE="text/javascript" language="JavaScript">
<!-- hide
var WinBigJPEG=null;
function Add(){
if(parent.BackLink==1)
{
parent.BackLink=" ";
return("<a href='javascript:document.rechBis.submit()' target=mainFrame>Back to search results</a> | ");
}
else
return("");
}
function windowDejaVu(URL, name, specs, nopage) {
var WinDejaVu = window.open(URL, name, specs)
WinDejaVu.document.write("<html><head><title>DejaVu Image</title><style type=\"text/css\">body {background-color:#FFFFFF;margin:0.25em;font-family:tahoma,sans-serif;font-size:8pt;letter-spacing:1pt;}</style></head><body>")
WinDejaVu.document.write("<a href=\"\" onclick=\"window.close()\">Close window / Fermer cette fen�tre</a>");
WinDejaVu.document.write("<p style=\"margin:0em;\" align=\"center\">Letter to Judge Adam Mabane, 1787, with a copy of Jones's testimony 1783. An electronic transcription.<br />Jones, John. <b>" + nopage + "</b></p>");WinDejaVu.document.write("<embed type=\"image/x-djvu\" pluginspace=\"http://www.djvu.com/download.html\" src=\"../../../scans/0003/DejaVu/MFTP0003Pg004.djvu\" width=\"100%\" height=\"90%\"></body>");
WinDejaVu.document.close()
}
function windowBigJPEG(width,height,specs,nopage) {
x=screen.availWidth-width-20;
if(WinBigJPEG==null)
WinBigJPEG = window.open('','','width='+width+',height='+height+',screenX='+x+',screenY=20, top=20, left='+x+specs)
		else
		{
		if(WinBigJPEG.closed)
		WinBigJPEG = window.open('','','width='+width+',height='+height+',screenX='+x+',screenY=20, top=20, left='+x+specs)
		else
		{
		WinBigJPEG.close();
		WinBigJPEG = window.open('','','width='+width+',height='+height+',screenX='+x+',screenY=20, top=20, left='+x+specs)
		WinBigJPEG.focus();
		}
		}
WinBigJPEG.document.write("<html><head><title>Bigger JPEG Image</title><style type=\"text/css\">body {background-color:#FFFFFF;margin:0.25em;font-family:tahoma,sans-serif;font-size:8pt;letter-spacing:1pt;}</style></head><body>")
WinBigJPEG.document.write("<a href=\"\" onclick=\"window.close()\">Close window / Fermer cette fen�tre</a>");
WinBigJPEG.document.write("<p style=\"margin:0em;\" align=\"center\">Letter to Judge Adam Mabane, 1787, with a copy of Jones's testimony 1783. An electronic transcription.<br />Jones, John. <b>" + nopage + "</b></p>");WinBigJPEG.document.write("<img src=\"../../../scans/0003/bigJPEG/MFTP0003PG0004.JPG\" /></body>");
WinBigJPEG.document.close()
}
// end hiding -->
</script>
<script language="javascript">if(parent.main2)  parent.main2.cols='0%,100%';</script>

<body>

<p class="NavBar"><script language="javascript">document.write(Add());</script><a href="../../../../search/searchfs.htm" target="mainFrame">New search</a> | <a href="notes.html">Notes</a> | <a href="abstract.html">Abstract</a></p>
<p class="NavBar"><A HREF="Pg001.html">&lt;&lt; First Page</A> | <A HREF="Pg003.html">&lt; Previous Page</A> | <span class="PageFocusOn"> Page #4 of 20</span> | <A HREF="Pg005.html"> Next Page &gt;</A> | <A HREF="Pg020.html"> Last Page &gt;&gt;</A> </p>

<table class="page" align="center" width="770" border="0">
<tr>
<td rowspan="2" width="360" valign="top">
<p class="EnTeteTranscription">Jones, John. Letter to Judge Adam Mabane, 1787, with a copy of Jones's testimony 1783. An electronic transcription. MFTP #0003</p><div class="ContenuPage">
<p style="text-align:justify;">That, <span class="DelHand-author">he began to read it, but that he was s<span class="Gap">[&#8230;]</span> and</span><span class="AddHand-author"> he was prevented being heard or</span> <span class="AddHand-author">reading the said paper of defence </span>prevented by M<sup>r</sup> Judge Mabane, <span class="AddHand-author">for</span> <span class="AddHand-author"><span class="AddHand-editors">[he]</span></span> <span class="AddHand-author">was overruled when he prayed to be heard.</span></p>
<p>That, he expostulated with the said Judge upon the Cruelty and Injustice of forbidding; absolutely forbidding him to plead his Clients Cause.</p>
<p style="text-align:justify;">That, M<sup>r</sup> Williams did also importune the said Judge to allow the Defendants objections against this motion to be read;</p>
<p style="text-align:justify;">That M<sup>r</sup> Cochrane finding the entreaties of both these Lawyers unavailing, did address himself to M<sup>r</sup> Judge Mabane and say &#8220;It is in vain to look for Justice in this Court when the first Judge thereof brings Judgements in his Pocket ready <span style="text-decoration:underline;">Cut &amp; dry</span>.&#8221;</p>
<p class="positiveIndent">The answer which you have made to this, as contained in your Comments <span class="DelHand-author">decla<span class="AddHand-editors">[res]</span></span>.</p>
<p style="text-align:justify;"><span style="text-decoration:underline;">Declares That it appears by the Records,</span></p>
<p style="text-align:justify;">That, On the 7th June 1783, the Solicitor M<sup>r</sup> Williams made a motion grounded <span style="text-decoration:underline;">on facts of a very serious and important Nature</span>, which the Court ordered to be communicated by M<sup>r</sup> Williams to M<sup>r</sup> Panet and <span style="text-decoration:underline;">that the same should be considered of by the Court.</span></p>
<p style="text-align:justify;">That on the 11th June M<sup>r</sup> Williams moved for Judgement on his motion of the 7th June.</p>
<p style="text-align:justify;">That M<sup>r</sup> Panet <span style="text-decoration:underline;">read and filed</span> his written answer, <span style="text-decoration:underline;">upon which</span> the Court made the Entry or Interlocutory Order of that date (the 11th), not complying altogether with the Motion of M<sup>r</sup> Williams but providing a remedy</p>

<p align="page-number"><span class="AddHand-editors">[4]</span></p>

</div>
<p style="line-height:12px;font-size:10px;font-family:arial,swiss,sans-serif;"><span style="font-weight:bold;font-size:9px;">L E G E N D :</span><br /><span style="background-color:red;color:white;"> in red </span>, modifications made by the editor(s).<br /><span style="background-color:#9900ff;color:white;"> in lavender </span>, modifications made by the assumed author(s).</p>
</td>
<td align="right" width="410" valign="top">
<a style="margin-left:100px;"  class="small" title="JPEG Image" onmouseover="window.status='View Bigger JPEG Image'; return true" onmouseout="window.status=' '; return true" href="javascript:windowBigJPEG(280,300,'toolbar=no,location=no,scrollbars=yes,resizable=yes,alwaysRaised=yes','Page #4')">View bigger image in JPEG format [ 140k ]</a></td>
</tr>
<tr>
<td valign="top" width="410" align="left"><img src="../../../scans/0003/smallJPEG/MFTP0003PG0004.JPG" /></td>
</tr>
</table>

</body>
</html>
