<?xml version="1.0" encoding="iso-8859-1" ?>

<html>

 <head>
  <title>Letter to Judge Adam Mabane, 1787, with a copy of Jones's testimony 1783.  - Page #12</title>
  <meta http-equiv="Content-Type" content="text/html;charset=iso-8859-1" />
<META Name="author" Content="Jones, John.">
  <link rel="stylesheet" type="text/css" href="../../../../ss/css/FurTrade_StandAlonePage.IE.css" />
 </head>
<script TYPE="text/javascript" language="JavaScript">
<!-- hide
var WinBigJPEG=null;
function Add(){
if(parent.BackLink==1)
{
parent.BackLink=" ";
return("<a href='javascript:document.rechBis.submit()' target=mainFrame>Back to search results</a> | ");
}
else
return("");
}
function windowDejaVu(URL, name, specs, nopage) {
var WinDejaVu = window.open(URL, name, specs)
WinDejaVu.document.write("<html><head><title>DejaVu Image</title><style type=\"text/css\">body {background-color:#FFFFFF;margin:0.25em;font-family:tahoma,sans-serif;font-size:8pt;letter-spacing:1pt;}</style></head><body>")
WinDejaVu.document.write("<a href=\"\" onclick=\"window.close()\">Close window / Fermer cette fen�tre</a>");
WinDejaVu.document.write("<p style=\"margin:0em;\" align=\"center\">Letter to Judge Adam Mabane, 1787, with a copy of Jones's testimony 1783. An electronic transcription.<br />Jones, John. <b>" + nopage + "</b></p>");WinDejaVu.document.write("<embed type=\"image/x-djvu\" pluginspace=\"http://www.djvu.com/download.html\" src=\"../../../scans/0003/DejaVu/MFTP0003Pg012.djvu\" width=\"100%\" height=\"90%\"></body>");
WinDejaVu.document.close()
}
function windowBigJPEG(width,height,specs,nopage) {
x=screen.availWidth-width-20;
if(WinBigJPEG==null)
WinBigJPEG = window.open('','','width='+width+',height='+height+',screenX='+x+',screenY=20, top=20, left='+x+specs)
		else
		{
		if(WinBigJPEG.closed)
		WinBigJPEG = window.open('','','width='+width+',height='+height+',screenX='+x+',screenY=20, top=20, left='+x+specs)
		else
		{
		WinBigJPEG.close();
		WinBigJPEG = window.open('','','width='+width+',height='+height+',screenX='+x+',screenY=20, top=20, left='+x+specs)
		WinBigJPEG.focus();
		}
		}
WinBigJPEG.document.write("<html><head><title>Bigger JPEG Image</title><style type=\"text/css\">body {background-color:#FFFFFF;margin:0.25em;font-family:tahoma,sans-serif;font-size:8pt;letter-spacing:1pt;}</style></head><body>")
WinBigJPEG.document.write("<a href=\"\" onclick=\"window.close()\">Close window / Fermer cette fen�tre</a>");
WinBigJPEG.document.write("<p style=\"margin:0em;\" align=\"center\">Letter to Judge Adam Mabane, 1787, with a copy of Jones's testimony 1783. An electronic transcription.<br />Jones, John. <b>" + nopage + "</b></p>");WinBigJPEG.document.write("<img src=\"../../../scans/0003/bigJPEG/MFTP0003PG0012.JPG\" /></body>");
WinBigJPEG.document.close()
}
// end hiding -->
</script>
<script language="javascript">if(parent.main2)  parent.main2.cols='0%,100%';</script>

<body>

<p class="NavBar"><script language="javascript">document.write(Add());</script><a href="../../../../search/searchfs.htm" target="mainFrame">New search</a> | <a href="notes.html">Notes</a> | <a href="abstract.html">Abstract</a></p>
<p class="NavBar"><A HREF="Pg001.html">&lt;&lt; First Page</A> | <A HREF="Pg011.html">&lt; Previous Page</A> | <span class="PageFocusOn"> Page #12 of 20</span> | <A HREF="Pg013.html"> Next Page &gt;</A> | <A HREF="Pg020.html"> Last Page &gt;&gt;</A> </p>

<table class="page" align="center" width="770" border="0">
<tr>
<td rowspan="2" width="360" valign="top">
<p class="EnTeteTranscription">Jones, John. Letter to Judge Adam Mabane, 1787, with a copy of Jones's testimony 1783. An electronic transcription. MFTP #0003</p><div class="ContenuPage">
<p style="text-align:justify;">You are adroit in the Art of developing; m<span class="AddHand-editors">[y]</span> <span class="AddHand-editors">[inter]</span>rogatories would afford you an opportunity of de<span class="AddHand-editors">[veloping]</span> the interior Cabinet: Heavens, what a perspective!</p>
<p style="text-align:justify;">I coincide with you that this action was attended by <span style="text-decoration:underline;">facts of a very serious &amp; important Nature</span>; May I ask you if that is not the strongest inducement for a Judge to be Cautious, deliberate and dispassionate in pronouncing Judgement, to lay a side prejudice and to avoid a hasty &amp; precipitate Decision?  Can there be a better reason for Calm and cool reflection?</p>
<p style="text-align:justify;">You have declined enumerating facts; be not angry that I do.</p>
<p style="text-align:justify;">For a Judge to be challenged on the <span class="AddHand-author">B</span>ench, as unfit &amp; incompetent to sit there, because he had advised in private to prosecute the action, <span style="text-decoration:underline;">is a fact of a very serious &amp; important Nature</span>.</p>
<p style="text-align:justify;">For a Judge to shew to a spectator in the Court a Judgement in the Action against M<sup>r</sup> Cochrane which he had brought ready made into Court, and to say <span class="AddHand-author">(in answer to expostulations which the said spectator was allowed to make) </span>that it would not militate against the interests of his Constituents <span style="text-decoration:underline;">is a fact of a very serious &amp; important Nature</span>.</p>
<p style="text-align:justify;">For a Judge to declare on the Bench that he was ready <span class="AddHand-author">(as a member of the Legisaltive Council) </span>to assist in amending Old Laws &amp; making new Ones for the good of the King's Subjects, and <span class="DelHand-author">never</span><span class="AddHand-author"> not</span> <span class="AddHand-author">to </span>do it, is <span style="text-decoration:underline;">a fact of a very serious and important nature</span>.</p>
<p style="text-align:justify;"><span class="DelHand-author">For a Judge who is a Member of the Legislative Council to be <span class="Gap">[&#8230;]</span> &amp; intriguing in that Council to counter act the gracious intentions of his Sovereign</span></p>
<p style="text-align:right;">is</p>

<p align="page-number"><span class="AddHand-editors">[12]</span></p>

</div>
<p style="line-height:12px;font-size:10px;font-family:arial,swiss,sans-serif;"><span style="font-weight:bold;font-size:9px;">L E G E N D :</span><br /><span style="background-color:red;color:white;"> in red </span>, modifications made by the editor(s).<br /><span style="background-color:#9900ff;color:white;"> in lavender </span>, modifications made by the assumed author(s).</p>
</td>
<td align="right" width="410" valign="top">
<a style="margin-left:100px;"  class="small" title="JPEG Image" onmouseover="window.status='View Bigger JPEG Image'; return true" onmouseout="window.status=' '; return true" href="javascript:windowBigJPEG(280,300,'toolbar=no,location=no,scrollbars=yes,resizable=yes,alwaysRaised=yes','Page #12')">View bigger image in JPEG format [ 117k ]</a></td>
</tr>
<tr>
<td valign="top" width="410" align="left"><img src="../../../scans/0003/smallJPEG/MFTP0003PG0012.JPG" /></td>
</tr>
</table>

</body>
</html>
