<?xml version="1.0" encoding="iso-8859-1" ?>

<html>

 <head>
  <title>Letter to Judge Adam Mabane, 1787, with a copy of Jones's testimony 1783.  - Page #13</title>
  <meta http-equiv="Content-Type" content="text/html;charset=iso-8859-1" />
<META Name="author" Content="Jones, John.">
  <link rel="stylesheet" type="text/css" href="../../../../ss/css/FurTrade_StandAlonePage.IE.css" />
 </head>
<script TYPE="text/javascript" language="JavaScript">
<!-- hide
var WinBigJPEG=null;
function Add(){
if(parent.BackLink==1)
{
parent.BackLink=" ";
return("<a href='javascript:document.rechBis.submit()' target=mainFrame>Back to search results</a> | ");
}
else
return("");
}
function windowDejaVu(URL, name, specs, nopage) {
var WinDejaVu = window.open(URL, name, specs)
WinDejaVu.document.write("<html><head><title>DejaVu Image</title><style type=\"text/css\">body {background-color:#FFFFFF;margin:0.25em;font-family:tahoma,sans-serif;font-size:8pt;letter-spacing:1pt;}</style></head><body>")
WinDejaVu.document.write("<a href=\"\" onclick=\"window.close()\">Close window / Fermer cette fen�tre</a>");
WinDejaVu.document.write("<p style=\"margin:0em;\" align=\"center\">Letter to Judge Adam Mabane, 1787, with a copy of Jones's testimony 1783. An electronic transcription.<br />Jones, John. <b>" + nopage + "</b></p>");WinDejaVu.document.write("<embed type=\"image/x-djvu\" pluginspace=\"http://www.djvu.com/download.html\" src=\"../../../scans/0003/DejaVu/MFTP0003Pg013.djvu\" width=\"100%\" height=\"90%\"></body>");
WinDejaVu.document.close()
}
function windowBigJPEG(width,height,specs,nopage) {
x=screen.availWidth-width-20;
if(WinBigJPEG==null)
WinBigJPEG = window.open('','','width='+width+',height='+height+',screenX='+x+',screenY=20, top=20, left='+x+specs)
		else
		{
		if(WinBigJPEG.closed)
		WinBigJPEG = window.open('','','width='+width+',height='+height+',screenX='+x+',screenY=20, top=20, left='+x+specs)
		else
		{
		WinBigJPEG.close();
		WinBigJPEG = window.open('','','width='+width+',height='+height+',screenX='+x+',screenY=20, top=20, left='+x+specs)
		WinBigJPEG.focus();
		}
		}
WinBigJPEG.document.write("<html><head><title>Bigger JPEG Image</title><style type=\"text/css\">body {background-color:#FFFFFF;margin:0.25em;font-family:tahoma,sans-serif;font-size:8pt;letter-spacing:1pt;}</style></head><body>")
WinBigJPEG.document.write("<a href=\"\" onclick=\"window.close()\">Close window / Fermer cette fen�tre</a>");
WinBigJPEG.document.write("<p style=\"margin:0em;\" align=\"center\">Letter to Judge Adam Mabane, 1787, with a copy of Jones's testimony 1783. An electronic transcription.<br />Jones, John. <b>" + nopage + "</b></p>");WinBigJPEG.document.write("<img src=\"../../../scans/0003/bigJPEG/MFTP0003PG0013.JPG\" /></body>");
WinBigJPEG.document.close()
}
// end hiding -->
</script>
<script language="javascript">if(parent.main2)  parent.main2.cols='0%,100%';</script>

<body>

<p class="NavBar"><script language="javascript">document.write(Add());</script><a href="../../../../search/searchfs.htm" target="mainFrame">New search</a> | <a href="notes.html">Notes</a> | <a href="abstract.html">Abstract</a></p>
<p class="NavBar"><A HREF="Pg001.html">&lt;&lt; First Page</A> | <A HREF="Pg012.html">&lt; Previous Page</A> | <span class="PageFocusOn"> Page #13 of 20</span> | <A HREF="Pg014.html"> Next Page &gt;</A> | <A HREF="Pg020.html"> Last Page &gt;&gt;</A> </p>

<table class="page" align="center" width="770" border="0">
<tr>
<td rowspan="2" width="360" valign="top">
<p class="EnTeteTranscription">Jones, John. Letter to Judge Adam Mabane, 1787, with a copy of Jones's testimony 1783. An electronic transcription. MFTP #0003</p><div class="ContenuPage">
<p><span class="fw">4</span>
</p>
<p style="text-align:justify;"><span class="DelHand-author">is a fact of a very Serious and important Nature</span>.</p>
<p style="text-align:justify;">For a Judge <span class="DelHand-author">by  <span class="Gap">[&#8230;]</span></span>, to attempt to deprive the Commerce of the great and admired privilege of Trial by Jury in Civil and Commercial Actions (which His Majesty had recommended &amp; injoined as a Duty upon His Council to grant, &amp; which was granted to the great Comfort and satisfaction of the people) is <span style="text-decoration:underline;">a fact of a very serious &amp; important Nature</span>.</p>
<p style="text-align:justify;">For a judge <span class="DelHand-author">by <span class="Gap">[&#8230;]</span></span> to urge the people to the painful necessity of applying to the Legislative Council for relief against his Measures <span class="DelHand-author">&amp; <span class="Gap">[&#8230;]</span></span> &amp; thereby to cause a<span class="DelHand-author">n</span> <span class="AddHand-author">public </span>investigation into his Conduct, is <span style="text-decoration:underline;">a fact of a very serious and important Nature</span>.</p>
<p style="text-align:justify;">For a Judge to frame or countenance an Ordinance that in Civil &amp; Commercial Actions, he shall put interrogatories to the parties <span class="AddHand-author">which may </span><span class="DelHand-author">to</span> condemn themselves, <span class="AddHand-author">&amp;</span> which they must answer, or <span class="DelHand-author">it</span> <span class="AddHand-author">the Law</span> is nugatory <span class="DelHand-author">to put them</span>, is <span style="text-decoration:underline;">a fact of a very serious &amp; important Nature</span>.</p>
<p style="text-align:justify;"><span class="DelHand-author">For a Judge to be framing <span class="AddHand-editors">[&#8230;]</span> peoples Property at risk, is a fact of a very serious &amp; important Nature.</span></p>
<p style="text-align:justify;">For a Judge to be framing or countenancing Ordinances</p>
<p style="text-align:justify;">JJ</p>

<p align="page-number"><span class="AddHand-editors">[13]</span></p>

</div>
<p style="line-height:12px;font-size:10px;font-family:arial,swiss,sans-serif;"><span style="font-weight:bold;font-size:9px;">L E G E N D :</span><br /><span style="background-color:red;color:white;"> in red </span>, modifications made by the editor(s).<br /><span style="background-color:#9900ff;color:white;"> in lavender </span>, modifications made by the assumed author(s).</p>
</td>
<td align="right" width="410" valign="top">
<a style="margin-left:100px;"  class="small" title="JPEG Image" onmouseover="window.status='View Bigger JPEG Image'; return true" onmouseout="window.status=' '; return true" href="javascript:windowBigJPEG(280,300,'toolbar=no,location=no,scrollbars=yes,resizable=yes,alwaysRaised=yes','Page #13')">View bigger image in JPEG format [ 143k ]</a></td>
</tr>
<tr>
<td valign="top" width="410" align="left"><img src="../../../scans/0003/smallJPEG/MFTP0003PG0013.JPG" /></td>
</tr>
</table>

</body>
</html>
