<?xml version="1.0" encoding="iso-8859-1" ?>

<html>

 <head>
  <title>Letter to Judge Adam Mabane, 1787, with a copy of Jones's testimony 1783.  - Page #10</title>
  <meta http-equiv="Content-Type" content="text/html;charset=iso-8859-1" />
<META Name="author" Content="Jones, John.">
  <link rel="stylesheet" type="text/css" href="../../../../ss/css/FurTrade_StandAlonePage.IE.css" />
 </head>
<script TYPE="text/javascript" language="JavaScript">
<!-- hide
var WinBigJPEG=null;
function Add(){
if(parent.BackLink==1)
{
parent.BackLink=" ";
return("<a href='javascript:document.rechBis.submit()' target=mainFrame>Back to search results</a> | ");
}
else
return("");
}
function windowDejaVu(URL, name, specs, nopage) {
var WinDejaVu = window.open(URL, name, specs)
WinDejaVu.document.write("<html><head><title>DejaVu Image</title><style type=\"text/css\">body {background-color:#FFFFFF;margin:0.25em;font-family:tahoma,sans-serif;font-size:8pt;letter-spacing:1pt;}</style></head><body>")
WinDejaVu.document.write("<a href=\"\" onclick=\"window.close()\">Close window / Fermer cette fen�tre</a>");
WinDejaVu.document.write("<p style=\"margin:0em;\" align=\"center\">Letter to Judge Adam Mabane, 1787, with a copy of Jones's testimony 1783. An electronic transcription.<br />Jones, John. <b>" + nopage + "</b></p>");WinDejaVu.document.write("<embed type=\"image/x-djvu\" pluginspace=\"http://www.djvu.com/download.html\" src=\"../../../scans/0003/DejaVu/MFTP0003Pg010.djvu\" width=\"100%\" height=\"90%\"></body>");
WinDejaVu.document.close()
}
function windowBigJPEG(width,height,specs,nopage) {
x=screen.availWidth-width-20;
if(WinBigJPEG==null)
WinBigJPEG = window.open('','','width='+width+',height='+height+',screenX='+x+',screenY=20, top=20, left='+x+specs)
		else
		{
		if(WinBigJPEG.closed)
		WinBigJPEG = window.open('','','width='+width+',height='+height+',screenX='+x+',screenY=20, top=20, left='+x+specs)
		else
		{
		WinBigJPEG.close();
		WinBigJPEG = window.open('','','width='+width+',height='+height+',screenX='+x+',screenY=20, top=20, left='+x+specs)
		WinBigJPEG.focus();
		}
		}
WinBigJPEG.document.write("<html><head><title>Bigger JPEG Image</title><style type=\"text/css\">body {background-color:#FFFFFF;margin:0.25em;font-family:tahoma,sans-serif;font-size:8pt;letter-spacing:1pt;}</style></head><body>")
WinBigJPEG.document.write("<a href=\"\" onclick=\"window.close()\">Close window / Fermer cette fen�tre</a>");
WinBigJPEG.document.write("<p style=\"margin:0em;\" align=\"center\">Letter to Judge Adam Mabane, 1787, with a copy of Jones's testimony 1783. An electronic transcription.<br />Jones, John. <b>" + nopage + "</b></p>");WinBigJPEG.document.write("<img src=\"../../../scans/0003/bigJPEG/MFTP0003PG0010.JPG\" /></body>");
WinBigJPEG.document.close()
}
// end hiding -->
</script>
<script language="javascript">if(parent.main2)  parent.main2.cols='0%,100%';</script>

<body>

<p class="NavBar"><script language="javascript">document.write(Add());</script><a href="../../../../search/searchfs.htm" target="mainFrame">New search</a> | <a href="notes.html">Notes</a> | <a href="abstract.html">Abstract</a></p>
<p class="NavBar"><A HREF="Pg001.html">&lt;&lt; First Page</A> | <A HREF="Pg009.html">&lt; Previous Page</A> | <span class="PageFocusOn"> Page #10 of 20</span> | <A HREF="Pg011.html"> Next Page &gt;</A> | <A HREF="Pg020.html"> Last Page &gt;&gt;</A> </p>

<table class="page" align="center" width="770" border="0">
<tr>
<td rowspan="2" width="360" valign="top">
<p class="EnTeteTranscription">Jones, John. Letter to Judge Adam Mabane, 1787, with a copy of Jones's testimony 1783. An electronic transcription. MFTP #0003</p><div class="ContenuPage">
<p style="text-align:justify;">a private <span class="DelHand-author">&amp; public</span> nature and <span class="AddHand-author">of a public </span>Trust, that I had their confidence when in their employ, &amp; I have retained their Friendship and Patronage when they had no further Occasion for my Services.  These I apprehend will be deemed a good recommendation, and the sure Signs of a fair character.  This Character you have wantonly sported with &amp; wounded; a day of Retribution will come, I live in hopes to see that Day when <span class="AddHand-author">a competent Court will be constituted in which </span>I shall bring you forth to be tried by that Country &amp; by those Laws which <span class="AddHand-author">in traducing me </span>you have scandalised and abused.</p>
<p style="text-align:justify;">Since you have forced me to appear in Public for my own vindication, you must pardon me if I take the liberty to make a few Strictures in return, and by a fair quotation of your own Words <span class="AddHand-author">still to</span> <span class="AddHand-author">strengthen my testimony &amp; to </span>exhibit proof that you had determined to prejudge the motion of M<sup>r</sup> Williams; if words have any import, my construction of them is right.  You declare that the Court on 7th June ordered the motion of M<sup>r</sup> Williams <span class="AddHand-author">(made on that day the 7</span><span class="AddHand-author"><sup>th</sup></span><span class="AddHand-author"> June) </span>to be communicated to M<sup>r</sup> Panet (the Attorney for M<sup>r</sup> Cochrane) <span style="text-decoration:underline;">And that the same should be considered of by the Court</span>.  What! Will the Judge of any Court declare that while the Plaintiff is communicating a Copy of his motion to the Defendant, the Court will be employed in considering that motion, <span style="text-decoration:underline;">alone</span>, in <span style="text-decoration:underline;">secret</span>, <span style="text-decoration:underline;">out of Court</span>, <span style="text-decoration:underline;">before <span class="DelHand-author">hearing</span> </span><span class="AddHand-author"><span style="text-decoration:underline;">knowing</span></span><span style="text-decoration:underline;"> that the Communication</span> is <span style="text-decoration:underline;">given</span>, <span class="AddHand-author">and</span> <span class="AddHand-author">before a </span><span style="text-decoration:underline;">defence </span><span class="AddHand-author"><span style="text-decoration:underline;">was </span></span><span style="text-decoration:underline;">made</span>; Is not this prejudging; is not this</p>

<p align="page-number"><span class="AddHand-editors">[10]</span></p>

</div>
<p style="line-height:12px;font-size:10px;font-family:arial,swiss,sans-serif;"><span style="font-weight:bold;font-size:9px;">L E G E N D :</span><br /><span style="background-color:red;color:white;"> in red </span>, modifications made by the editor(s).<br /><span style="background-color:#9900ff;color:white;"> in lavender </span>, modifications made by the assumed author(s).</p>
</td>
<td align="right" width="410" valign="top">
<a style="margin-left:100px;"  class="small" title="JPEG Image" onmouseover="window.status='View Bigger JPEG Image'; return true" onmouseout="window.status=' '; return true" href="javascript:windowBigJPEG(280,300,'toolbar=no,location=no,scrollbars=yes,resizable=yes,alwaysRaised=yes','Page #10')">View bigger image in JPEG format [ 143k ]</a></td>
</tr>
<tr>
<td valign="top" width="410" align="left"><img src="../../../scans/0003/smallJPEG/MFTP0003PG0010.JPG" /></td>
</tr>
</table>

</body>
</html>
