<?xml version="1.0" encoding="iso-8859-1" ?>

<html>

 <head>
  <title>Printed circular letter, 1806.  - Page #2</title>
  <meta http-equiv="Content-Type" content="text/html;charset=iso-8859-1" />
<META Name="author" Content="Mackenzie, Roderick.">
  <link rel="stylesheet" type="text/css" href="../../../../ss/css/FurTrade_StandAlonePage.IE.css" />
 </head>
<script TYPE="text/javascript" language="JavaScript">
<!-- hide
var WinBigJPEG=null;
function Add(){
if(parent.BackLink==1)
{
parent.BackLink=" ";
return("<a href='javascript:document.rechBis.submit()' target=mainFrame>Back to search results</a> | ");
}
else
return("");
}
function windowDejaVu(URL, name, specs, nopage) {
var WinDejaVu = window.open(URL, name, specs)
WinDejaVu.document.write("<html><head><title>DejaVu Image</title><style type=\"text/css\">body {background-color:#FFFFFF;margin:0.25em;font-family:tahoma,sans-serif;font-size:8pt;letter-spacing:1pt;}</style></head><body>")
WinDejaVu.document.write("<a href=\"\" onclick=\"window.close()\">Close window / Fermer cette fen�tre</a>");
WinDejaVu.document.write("<p style=\"margin:0em;\" align=\"center\">Printed circular letter, 1806. An electronic transcription.<br />Mackenzie, Roderick. <b>" + nopage + "</b></p>");WinDejaVu.document.write("<embed type=\"image/x-djvu\" pluginspace=\"http://www.djvu.com/download.html\" src=\"../../../scans/0001/DejaVu/MFTP0001Pg002.djvu\" width=\"100%\" height=\"90%\"></body>");
WinDejaVu.document.close()
}
function windowBigJPEG(width,height,specs,nopage) {
x=screen.availWidth-width-20;
if(WinBigJPEG==null)
WinBigJPEG = window.open('','','width='+width+',height='+height+',screenX='+x+',screenY=20, top=20, left='+x+specs)
		else
		{
		if(WinBigJPEG.closed)
		WinBigJPEG = window.open('','','width='+width+',height='+height+',screenX='+x+',screenY=20, top=20, left='+x+specs)
		else
		{
		WinBigJPEG.close();
		WinBigJPEG = window.open('','','width='+width+',height='+height+',screenX='+x+',screenY=20, top=20, left='+x+specs)
		WinBigJPEG.focus();
		}
		}
WinBigJPEG.document.write("<html><head><title>Bigger JPEG Image</title><style type=\"text/css\">body {background-color:#FFFFFF;margin:0.25em;font-family:tahoma,sans-serif;font-size:8pt;letter-spacing:1pt;}</style></head><body>")
WinBigJPEG.document.write("<a href=\"\" onclick=\"window.close()\">Close window / Fermer cette fen�tre</a>");
WinBigJPEG.document.write("<p style=\"margin:0em;\" align=\"center\">Printed circular letter, 1806. An electronic transcription.<br />Mackenzie, Roderick. <b>" + nopage + "</b></p>");WinBigJPEG.document.write("<img src=\"../../../scans/0001/bigJPEG/MFTP0001PG0002.JPG\" /></body>");
WinBigJPEG.document.close()
}
// end hiding -->
</script>
<script language="javascript">if(parent.main2)  parent.main2.cols='0%,100%';</script>

<body>

<p class="NavBar"><script language="javascript">document.write(Add());</script><a href="../../../../search/searchfs.htm" target="mainFrame">New search</a> | <a href="notes.html">Notes</a> | <a href="abstract.html">Abstract</a></p>
<p class="NavBar"><A HREF="Pg001.html">&lt;&lt; First Page</A> | <A HREF="Pg001.html">&lt; Previous Page</A> | <span class="PageFocusOn"> Page #2 of 5</span> | <A HREF="Pg003.html"> Next Page &gt;</A> | <A HREF="Pg005.html"> Last Page &gt;&gt;</A> </p>

<table class="page" align="center" width="770" border="0">
<tr>
<td rowspan="2" width="360" valign="top">
<p class="EnTeteTranscription">Mackenzie, Roderick. Printed circular letter, 1806. An electronic transcription. MFTP #0001</p><div class="ContenuPage">
<p><span class="AddHand-editors">[Printed circular]</span></p>
<p style="text-align:right;">M<span class="scaps" style="font-variant:small-caps;">ontreal</span>, 21 April, 1806.</p>
<p class="positiveIndent">SINCE the first moment I saw Sir J<span class="scaps" style="font-variant:small-caps;">n. Sinclair's </span>Statistical Account of Scotland it struck me that a similar account, as is given there by the Clergy of the several Parishes, might be given here by the Traders of the several Indian Tribes.  Impressed with this idea I collected, in the course of reading, such Passages as, I thought, could be of service to the Gentlemen in the Indian Countries, who might be inclined to favor the Design.  This formed a Pamphlet of about 50 or 60 pages which, in February last, I gave into the Printing Office at this place; and Mr. Edwards promised me as many Copies of it as I pleased by the 25th instant. &#8212; But now I find myself disappointed: &#8212; little or nothing of it is done, and, in all appearance it will not be complete in a twelve month &#8212;  Perhaps the following hints, though roughly put together, may answer the same purpose.</p>
<p style="text-align:justify;">Longitude and Latitude, Surface of the Country, its irregularities, Soil, and Layers of soil at different depths, its extent, Situation, low or elevated &#8212; <span class="AddHand-author">Mountains</span>, their extent, connexion, direction, shape, superficies, heights, composition, strata, caves, craters, volcanoes, petr<span class="AddHand-author">e</span>factions, lava, fosils, minerals, ores, and other curious productions of nature.</p>
<p style="text-align:justify;">Marshes and Plains, Trees, Shrubs Plants, Fruits, Season of their growth, Flowering, Maturity, and their use; Barks, Gums, Dyes, Medecines, Insects, Birds, Beasts, modes of Hunting.</p>
<p style="text-align:justify;">Lakes, Rivers, Islands, Falls, Rapids, Portages, Dangerous Places, Nature of the Waters, Mineral Springs, Fish, modes of Fishing, Climate, Remarkable instances of good and bad Weather, of Heat and Cold, Meteors, Ruling Winds, Diseases their causes and cures.</p>
<p style="text-align:justify;">The <span class="AddHand-author">Natives</span>, the Origin and meaning of the names of Tribes, Whence they Came, How far Distant, in what direction, by what means, their ancient and present State of Population, the cause of their increase and decrease, Number of Families, Number of Men, Women and Children in each Family, and the Number of Souls in all &#8212; Their Morals, Religion, Principles, Statures, Superstition, Idols, Ceremonies, Traditions, Amusements, Disposition, Qualifications, Occupations, Government, Police, Regulation, manners, Customs, Industry, Economy, Food and Manner of Preparing it, Habitations, Utensils, Vessels, Dresses, Ornaments Arms, Instruments, manner of making War, Tombs, Monuments, Advantages and Disadvantages, Means of Improvement &#8212; Eminent Men &#8212; General Character of each Tribe.  The nature and amount of the various Productions of the Country, Wages, and Price of Labour; Commerce when began, How carried on, by Whom, and the good and bad effects of Competition.</p>
<p class="head">V O C B U L A R Y</p>
<p></p>
<table width="360" cellpadding="1" cellspacing="1">
<tr>
 <td bgcolor="#F0F0F0" width="10%" valign="top"><p>God </p>
</td>

 <td bgcolor="#F0F0F0" width="11%" valign="top"><p>Beard </p>
</td>

 <td bgcolor="#F0F0F0" width="11%" valign="top"><p>Noise </p>
</td>

 <td bgcolor="#F0F0F0" width="11%" valign="top"><p>I </p>
</td>

 <td bgcolor="#F0F0F0" width="11%" valign="top"><p>Stupid </p>
</td>

 <td bgcolor="#F0F0F0" width="11%" valign="top"><p>Ice </p>
</td>

 <td bgcolor="#F0F0F0" width="11%" valign="top"><p>Shore </p>
</td>

 <td bgcolor="#F0F0F0" width="11%" valign="top"><p>Knife </p>
</td>

 <td bgcolor="#F0F0F0" width="11%" valign="top"><p>Nine </p>
</td>
</tr>

<tr>
 <td bgcolor="#F0F0F0" width="10%" valign="top"><p>Father </p>
</td>

 <td bgcolor="#F0F0F0" width="11%" valign="top"><p>Neck </p>
</td>

 <td bgcolor="#F0F0F0" width="11%" valign="top"><p>Crying </p>
</td>

 <td bgcolor="#F0F0F0" width="11%" valign="top"><p>Thou </p>
</td>

 <td bgcolor="#F0F0F0" width="11%" valign="top"><p>Wife </p>
</td>

 <td bgcolor="#F0F0F0" width="11%" valign="top"><p>Fire </p>
</td>

 <td bgcolor="#F0F0F0" width="11%" valign="top"><p>Mountain </p>
</td>

 <td bgcolor="#F0F0F0" width="11%" valign="top"><p>Boat </p>
</td>

 <td bgcolor="#F0F0F0" width="11%" valign="top"><p>Ten </p>
</td>
</tr>

<tr>
 <td bgcolor="#F0F0F0" width="10%" valign="top"><p>Mother </p>
</td>

 <td bgcolor="#F0F0F0" width="11%" valign="top"><p>Shoulder </p>
</td>

 <td bgcolor="#F0F0F0" width="11%" valign="top"><p>Tears </p>
</td>

 <td bgcolor="#F0F0F0" width="11%" valign="top"><p>He </p>
</td>

 <td bgcolor="#F0F0F0" width="11%" valign="top"><p>Strong </p>
</td>

 <td bgcolor="#F0F0F0" width="11%" valign="top"><p>Light </p>
</td>

 <td bgcolor="#F0F0F0" width="11%" valign="top"><p>Rock </p>
</td>

 <td bgcolor="#F0F0F0" width="11%" valign="top"><p>Building </p>
</td>

 <td bgcolor="#F0F0F0" width="11%" valign="top"><p>Twenty </p>
</td>
</tr>

<tr>
 <td bgcolor="#F0F0F0" width="10%" valign="top"><p>Son </p>
</td>

 <td bgcolor="#F0F0F0" width="11%" valign="top"><p>Elbow </p>
</td>

 <td bgcolor="#F0F0F0" width="11%" valign="top"><p>Laughter </p>
</td>

 <td bgcolor="#F0F0F0" width="11%" valign="top"><p>We </p>
</td>

 <td bgcolor="#F0F0F0" width="11%" valign="top"><p>Weak </p>
</td>

 <td bgcolor="#F0F0F0" width="11%" valign="top"><p>Shadow </p>
</td>

 <td bgcolor="#F0F0F0" width="11%" valign="top"><p>Iron </p>
</td>

 <td bgcolor="#F0F0F0" width="11%" valign="top"><p>Cloathes </p>
</td>

 <td bgcolor="#F0F0F0" width="11%" valign="top"><p>Thirty </p>
</td>
</tr>

<tr>
 <td bgcolor="#F0F0F0" width="10%" valign="top"><p>Daughter </p>
</td>

 <td bgcolor="#F0F0F0" width="11%" valign="top"><p>Arm </p>
</td>

 <td bgcolor="#F0F0F0" width="11%" valign="top"><p>Sneezing </p>
</td>

 <td bgcolor="#F0F0F0" width="11%" valign="top"><p>Ye </p>
</td>

 <td bgcolor="#F0F0F0" width="11%" valign="top"><p>Thin </p>
</td>

 <td bgcolor="#F0F0F0" width="11%" valign="top"><p>Dark </p>
</td>

 <td bgcolor="#F0F0F0" width="11%" valign="top"><p>Weeds </p>
</td>

 <td bgcolor="#F0F0F0" width="11%" valign="top"><p>Food </p>
</td>

 <td bgcolor="#F0F0F0" width="11%" valign="top"><p>Forty </p>
</td>
</tr>

<tr>
 <td bgcolor="#F0F0F0" width="10%" valign="top"><p>Brother </p>
</td>

 <td bgcolor="#F0F0F0" width="11%" valign="top"><p>Hand </p>
</td>

 <td bgcolor="#F0F0F0" width="11%" valign="top"><p>Scratching </p>
</td>

 <td bgcolor="#F0F0F0" width="11%" valign="top"><p>They </p>
</td>

 <td bgcolor="#F0F0F0" width="11%" valign="top"><p>Thick </p>
</td>

 <td bgcolor="#F0F0F0" width="11%" valign="top"><p>Day </p>
</td>

 <td bgcolor="#F0F0F0" width="11%" valign="top"><p>Trees </p>
</td>

 <td bgcolor="#F0F0F0" width="11%" valign="top"><p>Rain </p>
</td>

 <td bgcolor="#F0F0F0" width="11%" valign="top"><p>Beginning </p>
</td>
</tr>

<tr>
 <td bgcolor="#F0F0F0" width="10%" valign="top"><p>Sister </p>
</td>

 <td bgcolor="#F0F0F0" width="11%" valign="top"><p>Fingers </p>
</td>

 <td bgcolor="#F0F0F0" width="11%" valign="top"><p>Trembling </p>
</td>

 <td bgcolor="#F0F0F0" width="11%" valign="top"><p>To eat </p>
</td>

 <td bgcolor="#F0F0F0" width="11%" valign="top"><p>Broad </p>
</td>

 <td bgcolor="#F0F0F0" width="11%" valign="top"><p>Night </p>
</td>

 <td bgcolor="#F0F0F0" width="11%" valign="top"><p>Bark </p>
</td>

 <td bgcolor="#F0F0F0" width="11%" valign="top"><p>Dressed </p>
</td>

 <td bgcolor="#F0F0F0" width="11%" valign="top"><p>Ending </p>
</td>
</tr>

<tr>
 <td bgcolor="#F0F0F0" width="10%" valign="top"><p>Husband </p>
</td>

 <td bgcolor="#F0F0F0" width="11%" valign="top"><p>Nails </p>
</td>

 <td bgcolor="#F0F0F0" width="11%" valign="top"><p>Singing </p>
</td>

 <td bgcolor="#F0F0F0" width="11%" valign="top"><p>To drink </p>
</td>

 <td bgcolor="#F0F0F0" width="11%" valign="top"><p>Narrow </p>
</td>

 <td bgcolor="#F0F0F0" width="11%" valign="top"><p>Morning </p>
</td>

 <td bgcolor="#F0F0F0" width="11%" valign="top"><p>Branch </p>
</td>

 <td bgcolor="#F0F0F0" width="11%" valign="top"><p>Thief </p>
</td>

 <td bgcolor="#F0F0F0" width="11%" valign="top"><p>Yes </p>
</td>
</tr>

<tr>
 <td bgcolor="#F0F0F0" width="10%" valign="top"><p>Wife </p>
</td>

 <td bgcolor="#F0F0F0" width="11%" valign="top"><p>Breast </p>
</td>

 <td bgcolor="#F0F0F0" width="11%" valign="top"><p>Sighing </p>
</td>

 <td bgcolor="#F0F0F0" width="11%" valign="top"><p>To carry </p>
</td>

 <td bgcolor="#F0F0F0" width="11%" valign="top"><p>White </p>
</td>

 <td bgcolor="#F0F0F0" width="11%" valign="top"><p>Evening </p>
</td>

 <td bgcolor="#F0F0F0" width="11%" valign="top"><p>Leaf </p>
</td>

 <td bgcolor="#F0F0F0" width="11%" valign="top"><p>War </p>
</td>

 <td bgcolor="#F0F0F0" width="11%" valign="top"><p>No </p>
</td>
</tr>

<tr>
 <td bgcolor="#F0F0F0" width="10%" valign="top"><p>Boy </p>
</td>

 <td bgcolor="#F0F0F0" width="11%" valign="top"><p>Belly </p>
</td>

 <td bgcolor="#F0F0F0" width="11%" valign="top"><p>Whistling </p>
</td>

 <td bgcolor="#F0F0F0" width="11%" valign="top"><p>To throw </p>
</td>

 <td bgcolor="#F0F0F0" width="11%" valign="top"><p>Black </p>
</td>

 <td bgcolor="#F0F0F0" width="11%" valign="top"><p>East </p>
</td>

 <td bgcolor="#F0F0F0" width="11%" valign="top"><p>Flower </p>
</td>

 <td bgcolor="#F0F0F0" width="11%" valign="top"><p>Quarrel </p>
</td>

 <td bgcolor="#F0F0F0" width="11%" valign="top"><p>Now </p>
</td>
</tr>

<tr>
 <td bgcolor="#F0F0F0" width="10%" valign="top"><p>Girl </p>
</td>

 <td bgcolor="#F0F0F0" width="11%" valign="top"><p>Back </p>
</td>

 <td bgcolor="#F0F0F0" width="11%" valign="top"><p>Lying </p>
</td>

 <td bgcolor="#F0F0F0" width="11%" valign="top"><p>To cut </p>
</td>

 <td bgcolor="#F0F0F0" width="11%" valign="top"><p>Red </p>
</td>

 <td bgcolor="#F0F0F0" width="11%" valign="top"><p>West </p>
</td>

 <td bgcolor="#F0F0F0" width="11%" valign="top"><p>Beast </p>
</td>

 <td bgcolor="#F0F0F0" width="11%" valign="top"><p>Fighting </p>
</td>

 <td bgcolor="#F0F0F0" width="11%" valign="top"><p>Before </p>
</td>
</tr>

<tr>
 <td bgcolor="#F0F0F0" width="10%" valign="top"><p>Child </p>
</td>

 <td bgcolor="#F0F0F0" width="11%" valign="top"><p>Feet </p>
</td>

 <td bgcolor="#F0F0F0" width="11%" valign="top"><p>Standing </p>
</td>

 <td bgcolor="#F0F0F0" width="11%" valign="top"><p>To hide </p>
</td>

 <td bgcolor="#F0F0F0" width="11%" valign="top"><p>Green </p>
</td>

 <td bgcolor="#F0F0F0" width="11%" valign="top"><p>North </p>
</td>

 <td bgcolor="#F0F0F0" width="11%" valign="top"><p>Fish </p>
</td>

 <td bgcolor="#F0F0F0" width="11%" valign="top"><p>Spear </p>
</td>

 <td bgcolor="#F0F0F0" width="11%" valign="top"><p>After </p>
</td>
</tr>

<tr>
 <td bgcolor="#F0F0F0" width="10%" valign="top"><p>Man </p>
</td>

 <td bgcolor="#F0F0F0" width="11%" valign="top"><p>Knee </p>
</td>

 <td bgcolor="#F0F0F0" width="11%" valign="top"><p>Setting </p>
</td>

 <td bgcolor="#F0F0F0" width="11%" valign="top"><p>To beat </p>
</td>

 <td bgcolor="#F0F0F0" width="11%" valign="top"><p>Blue </p>
</td>

 <td bgcolor="#F0F0F0" width="11%" valign="top"><p>South </p>
</td>

 <td bgcolor="#F0F0F0" width="11%" valign="top"><p>Worms </p>
</td>

 <td bgcolor="#F0F0F0" width="11%" valign="top"><p>Guard </p>
</td>

 <td bgcolor="#F0F0F0" width="11%" valign="top"><p>Here </p>
</td>
</tr>

<tr>
 <td bgcolor="#F0F0F0" width="10%" valign="top"><p>Woman </p>
</td>

 <td bgcolor="#F0F0F0" width="11%" valign="top"><p>Heart </p>
</td>

 <td bgcolor="#F0F0F0" width="11%" valign="top"><p>Go </p>
</td>

 <td bgcolor="#F0F0F0" width="11%" valign="top"><p>Birth </p>
</td>

 <td bgcolor="#F0F0F0" width="11%" valign="top"><p>Yellow </p>
</td>

 <td bgcolor="#F0F0F0" width="11%" valign="top"><p>Summer </p>
</td>

 <td bgcolor="#F0F0F0" width="11%" valign="top"><p>Frog </p>
</td>

 <td bgcolor="#F0F0F0" width="11%" valign="top"><p>Distress </p>
</td>

 <td bgcolor="#F0F0F0" width="11%" valign="top"><p>There </p>
</td>
</tr>

<tr>
 <td bgcolor="#F0F0F0" width="10%" valign="top"><p>Head </p>
</td>

 <td bgcolor="#F0F0F0" width="11%" valign="top"><p>Stomach </p>
</td>

 <td bgcolor="#F0F0F0" width="11%" valign="top"><p>To sleep </p>
</td>

 <td bgcolor="#F0F0F0" width="11%" valign="top"><p>Race </p>
</td>

 <td bgcolor="#F0F0F0" width="11%" valign="top"><p>Sun </p>
</td>

 <td bgcolor="#F0F0F0" width="11%" valign="top"><p>Winter </p>
</td>

 <td bgcolor="#F0F0F0" width="11%" valign="top"><p>Fly </p>
</td>

 <td bgcolor="#F0F0F0" width="11%" valign="top"><p>Victory </p>
</td>

 <td bgcolor="#F0F0F0" width="11%" valign="top"><p>Yesterday </p>
</td>
</tr>

<tr>
 <td bgcolor="#F0F0F0" width="10%" valign="top"><p>Face </p>
</td>

 <td bgcolor="#F0F0F0" width="11%" valign="top"><p>Blood </p>
</td>

 <td bgcolor="#F0F0F0" width="11%" valign="top"><p>Dream </p>
</td>

 <td bgcolor="#F0F0F0" width="11%" valign="top"><p>Marriage </p>
</td>

 <td bgcolor="#F0F0F0" width="11%" valign="top"><p>Moon </p>
</td>

 <td bgcolor="#F0F0F0" width="11%" valign="top"><p>Autumn </p>
</td>

 <td bgcolor="#F0F0F0" width="11%" valign="top"><p>Ant </p>
</td>

 <td bgcolor="#F0F0F0" width="11%" valign="top"><p>Friend </p>
</td>

 <td bgcolor="#F0F0F0" width="11%" valign="top"><p>To Day </p>
</td>
</tr>

<tr>
 <td bgcolor="#F0F0F0" width="10%" valign="top"><p>Nose </p>
</td>

 <td bgcolor="#F0F0F0" width="11%" valign="top"><p>Milk </p>
</td>

 <td bgcolor="#F0F0F0" width="11%" valign="top"><p>Jumping </p>
</td>

 <td bgcolor="#F0F0F0" width="11%" valign="top"><p>Widow </p>
</td>

 <td bgcolor="#F0F0F0" width="11%" valign="top"><p>Stars </p>
</td>

 <td bgcolor="#F0F0F0" width="11%" valign="top"><p>Spring </p>
</td>

 <td bgcolor="#F0F0F0" width="11%" valign="top"><p>Spider </p>
</td>

 <td bgcolor="#F0F0F0" width="11%" valign="top"><p>Enemy </p>
</td>

 <td bgcolor="#F0F0F0" width="11%" valign="top"><p>Tomorrow </p>
</td>
</tr>

<tr>
 <td bgcolor="#F0F0F0" width="10%" valign="top"><p>Nostrils </p>
</td>

 <td bgcolor="#F0F0F0" width="11%" valign="top"><p>Skin </p>
</td>

 <td bgcolor="#F0F0F0" width="11%" valign="top"><p>Running </p>
</td>

 <td bgcolor="#F0F0F0" width="11%" valign="top"><p>Life </p>
</td>

 <td bgcolor="#F0F0F0" width="11%" valign="top"><p>Sky </p>
</td>

 <td bgcolor="#F0F0F0" width="11%" valign="top"><p>Year </p>
</td>

 <td bgcolor="#F0F0F0" width="11%" valign="top"><p>Dog </p>
</td>

 <td bgcolor="#F0F0F0" width="11%" valign="top"><p>Servant </p>
</td>

 <td bgcolor="#F0F0F0" width="11%" valign="top"><p>Look </p>
</td>
</tr>

<tr>
 <td bgcolor="#F0F0F0" width="10%" valign="top"><p>Eyes </p>
</td>

 <td bgcolor="#F0F0F0" width="11%" valign="top"><p>Meat </p>
</td>

 <td bgcolor="#F0F0F0" width="11%" valign="top"><p>Dancing </p>
</td>

 <td bgcolor="#F0F0F0" width="11%" valign="top"><p>Body </p>
</td>

 <td bgcolor="#F0F0F0" width="11%" valign="top"><p>Fog </p>
</td>

 <td bgcolor="#F0F0F0" width="11%" valign="top"><p>Time </p>
</td>

 <td bgcolor="#F0F0F0" width="11%" valign="top"><p>Mouse </p>
</td>

 <td bgcolor="#F0F0F0" width="11%" valign="top"><p>Chief </p>
</td>

 <td bgcolor="#F0F0F0" width="11%" valign="top"><p>How </p>
</td>
</tr>

<tr>
 <td bgcolor="#F0F0F0" width="10%" valign="top"><p>Eye brows </p>
</td>

 <td bgcolor="#F0F0F0" width="11%" valign="top"><p>Bones </p>
</td>

 <td bgcolor="#F0F0F0" width="11%" valign="top"><p>Holding </p>
</td>

 <td bgcolor="#F0F0F0" width="11%" valign="top"><p>Soul </p>
</td>

 <td bgcolor="#F0F0F0" width="11%" valign="top"><p>Clouds </p>
</td>

 <td bgcolor="#F0F0F0" width="11%" valign="top"><p>Earth </p>
</td>

 <td bgcolor="#F0F0F0" width="11%" valign="top"><p>Goose </p>
</td>

 <td bgcolor="#F0F0F0" width="11%" valign="top"><p>Writing </p>
</td>

 <td bgcolor="#F0F0F0" width="11%" valign="top"><p>When </p>
</td>
</tr>

<tr>
 <td bgcolor="#F0F0F0" width="10%" valign="top"><p>Ear </p>
</td>

 <td bgcolor="#F0F0F0" width="11%" valign="top"><p>Hearing </p>
</td>

 <td bgcolor="#F0F0F0" width="11%" valign="top"><p>Love </p>
</td>

 <td bgcolor="#F0F0F0" width="11%" valign="top"><p>Death </p>
</td>

 <td bgcolor="#F0F0F0" width="11%" valign="top"><p>Rays </p>
</td>

 <td bgcolor="#F0F0F0" width="11%" valign="top"><p>Water </p>
</td>

 <td bgcolor="#F0F0F0" width="11%" valign="top"><p>Duck </p>
</td>

 <td bgcolor="#F0F0F0" width="11%" valign="top"><p>Number </p>
</td>

 <td bgcolor="#F0F0F0" width="11%" valign="top"><p>Where </p>
</td>
</tr>

<tr>
 <td bgcolor="#F0F0F0" width="10%" valign="top"><p>Forehead </p>
</td>

 <td bgcolor="#F0F0F0" width="11%" valign="top"><p>Sewing </p>
</td>

 <td bgcolor="#F0F0F0" width="11%" valign="top"><p>Hate </p>
</td>

 <td bgcolor="#F0F0F0" width="11%" valign="top"><p>Age </p>
</td>

 <td bgcolor="#F0F0F0" width="11%" valign="top"><p>Wind </p>
</td>

 <td bgcolor="#F0F0F0" width="11%" valign="top"><p>Sea </p>
</td>

 <td bgcolor="#F0F0F0" width="11%" valign="top"><p>Feathers </p>
</td>

 <td bgcolor="#F0F0F0" width="11%" valign="top"><p>One </p>
</td>

 <td bgcolor="#F0F0F0" width="11%" valign="top"><p>What </p>
</td>
</tr>

<tr>
 <td bgcolor="#F0F0F0" width="10%" valign="top"><p>Hair </p>
</td>

 <td bgcolor="#F0F0F0" width="11%" valign="top"><p>Tasting </p>
</td>

 <td bgcolor="#F0F0F0" width="11%" valign="top"><p>Glad </p>
</td>

 <td bgcolor="#F0F0F0" width="11%" valign="top"><p>Youth </p>
</td>

 <td bgcolor="#F0F0F0" width="11%" valign="top"><p>Blowing </p>
</td>

 <td bgcolor="#F0F0F0" width="11%" valign="top"><p>Lake </p>
</td>

 <td bgcolor="#F0F0F0" width="11%" valign="top"><p>Eggs </p>
</td>

 <td bgcolor="#F0F0F0" width="11%" valign="top"><p>Two </p>
</td>

 <td bgcolor="#F0F0F0" width="11%" valign="top"><p>Who </p>
</td>
</tr>

<tr>
 <td bgcolor="#F0F0F0" width="10%" valign="top"><p>Cheek </p>
</td>

 <td bgcolor="#F0F0F0" width="11%" valign="top"><p>Smelling </p>
</td>

 <td bgcolor="#F0F0F0" width="11%" valign="top"><p>Joy </p>
</td>

 <td bgcolor="#F0F0F0" width="11%" valign="top"><p>Big </p>
</td>

 <td bgcolor="#F0F0F0" width="11%" valign="top"><p>Storm </p>
</td>

 <td bgcolor="#F0F0F0" width="11%" valign="top"><p>River </p>
</td>

 <td bgcolor="#F0F0F0" width="11%" valign="top"><p>Nest </p>
</td>

 <td bgcolor="#F0F0F0" width="11%" valign="top"><p>Three </p>
</td>

 <td bgcolor="#F0F0F0" width="11%" valign="top"><p>With what </p>
</td>
</tr>

<tr>
 <td bgcolor="#F0F0F0" width="10%" valign="top"><p>Mouth </p>
</td>

 <td bgcolor="#F0F0F0" width="11%" valign="top"><p>Touching </p>
</td>

 <td bgcolor="#F0F0F0" width="11%" valign="top"><p>Sorrow </p>
</td>

 <td bgcolor="#F0F0F0" width="11%" valign="top"><p>Small </p>
</td>

 <td bgcolor="#F0F0F0" width="11%" valign="top"><p>Rain </p>
</td>

 <td bgcolor="#F0F0F0" width="11%" valign="top"><p>Island </p>
</td>

 <td bgcolor="#F0F0F0" width="11%" valign="top"><p>Hut </p>
</td>

 <td bgcolor="#F0F0F0" width="11%" valign="top"><p>Four </p>
</td>

 <td bgcolor="#F0F0F0" width="11%" valign="top"><p>Under </p>
</td>
</tr>

<tr>
 <td bgcolor="#F0F0F0" width="10%" valign="top"><p>Throat </p>
</td>

 <td bgcolor="#F0F0F0" width="11%" valign="top"><p>Voice </p>
</td>

 <td bgcolor="#F0F0F0" width="11%" valign="top"><p>Pain </p>
</td>

 <td bgcolor="#F0F0F0" width="11%" valign="top"><p>High </p>
</td>

 <td bgcolor="#F0F0F0" width="11%" valign="top"><p>Thaw </p>
</td>

 <td bgcolor="#F0F0F0" width="11%" valign="top"><p>Sand </p>
</td>

 <td bgcolor="#F0F0F0" width="11%" valign="top"><p>Door </p>
</td>

 <td bgcolor="#F0F0F0" width="11%" valign="top"><p>Five </p>
</td>

 <td bgcolor="#F0F0F0" width="11%" valign="top"><p>Upon </p>
</td>
</tr>

<tr>
 <td bgcolor="#F0F0F0" width="10%" valign="top"><p>Lips </p>
</td>

 <td bgcolor="#F0F0F0" width="11%" valign="top"><p>Talking </p>
</td>

 <td bgcolor="#F0F0F0" width="11%" valign="top"><p>Trouble </p>
</td>

 <td bgcolor="#F0F0F0" width="11%" valign="top"><p>Low </p>
</td>

 <td bgcolor="#F0F0F0" width="11%" valign="top"><p>Thunder </p>
</td>

 <td bgcolor="#F0F0F0" width="11%" valign="top"><p>Clay </p>
</td>

 <td bgcolor="#F0F0F0" width="11%" valign="top"><p>Hearth </p>
</td>

 <td bgcolor="#F0F0F0" width="11%" valign="top"><p>Six </p>
</td>

 <td bgcolor="#F0F0F0" width="11%" valign="top"><p> </p>
</td>
</tr>

<tr>
 <td bgcolor="#F0F0F0" width="10%" valign="top"><p>Teeth </p>
</td>

 <td bgcolor="#F0F0F0" width="11%" valign="top"><p>Name </p>
</td>

 <td bgcolor="#F0F0F0" width="11%" valign="top"><p>Work </p>
</td>

 <td bgcolor="#F0F0F0" width="11%" valign="top"><p>Cold </p>
</td>

 <td bgcolor="#F0F0F0" width="11%" valign="top"><p>Lightning </p>
</td>

 <td bgcolor="#F0F0F0" width="11%" valign="top"><p>Dust </p>
</td>

 <td bgcolor="#F0F0F0" width="11%" valign="top"><p>Floor </p>
</td>

 <td bgcolor="#F0F0F0" width="11%" valign="top"><p>Seven </p>
</td>

 <td bgcolor="#F0F0F0" width="11%" valign="top"><p> </p>
</td>
</tr>

<tr>
 <td bgcolor="#F0F0F0" width="10%" valign="top"><p>Tongue </p>
</td>

 <td bgcolor="#F0F0F0" width="11%" valign="top"><p>Scream </p>
</td>

 <td bgcolor="#F0F0F0" width="11%" valign="top"><p>Lazy </p>
</td>

 <td bgcolor="#F0F0F0" width="11%" valign="top"><p>Warm </p>
</td>

 <td bgcolor="#F0F0F0" width="11%" valign="top"><p>Snow </p>
</td>

 <td bgcolor="#F0F0F0" width="11%" valign="top"><p>Hill </p>
</td>

 <td bgcolor="#F0F0F0" width="11%" valign="top"><p>Hatchet </p>
</td>

 <td bgcolor="#F0F0F0" width="11%" valign="top"><p>Eight </p>
</td>

 <td bgcolor="#F0F0F0" width="11%" valign="top"><p> </p>
</td>
</tr>
</table>
<p></p>

<p align="page-number"><span class="AddHand-editors">[1]</span></p>

</div>
<p style="line-height:12px;font-size:10px;font-family:arial,swiss,sans-serif;"><span style="font-weight:bold;font-size:9px;">L E G E N D :</span><br /><span style="background-color:red;color:white;"> in red </span>, modifications made by the editor(s).<br /><span style="background-color:#9900ff;color:white;"> in lavender </span>, modifications made by the assumed author(s).</p>
</td>
<td align="right" width="410" valign="top">
<a style="margin-left:100px;"  class="small" title="JPEG Image" onmouseover="window.status='View Bigger JPEG Image'; return true" onmouseout="window.status=' '; return true" href="javascript:windowBigJPEG(280,300,'toolbar=no,location=no,scrollbars=yes,resizable=yes,alwaysRaised=yes','Page #2')">View bigger image in JPEG format [ 208k ]</a></td>
</tr>
<tr>
<td valign="top" width="410" align="left"><img src="../../../scans/0001/smallJPEG/MFTP0001PG0002.JPG" /></td>
</tr>
</table>

</body>
</html>
