<?xml version="1.0" encoding="iso-8859-1" ?>

<html>

 <head>
  <title>Journal of Great Bear Lake, 1805-1806.  - Page #5</title>
  <meta http-equiv="Content-Type" content="text/html;charset=iso-8859-1" />
<META Name="author" Content="McKenzie, Alexander.">
  <link rel="stylesheet" type="text/css" href="../../../../ss/css/FurTrade_StandAlonePage.IE.css" />
 </head>
<script TYPE="text/javascript" language="JavaScript">
<!-- hide
var WinBigJPEG=null;
function Add(){
if(parent.BackLink==1)
{
parent.BackLink=" ";
return("<a href='javascript:document.rechBis.submit()' target=mainFrame>Back to search results</a> | ");
}
else
return("");
}
function windowDejaVu(URL, name, specs, nopage) {
var WinDejaVu = window.open(URL, name, specs)
WinDejaVu.document.write("<html><head><title>DejaVu Image</title><style type=\"text/css\">body {background-color:#FFFFFF;margin:0.25em;font-family:tahoma,sans-serif;font-size:8pt;letter-spacing:1pt;}</style></head><body>")
WinDejaVu.document.write("<a href=\"\" onclick=\"window.close()\">Close window / Fermer cette fen�tre</a>");
WinDejaVu.document.write("<p style=\"margin:0em;\" align=\"center\">Journal of Great Bear Lake, 1805-1806. An electronic transcription.<br />McKenzie, Alexander. <b>" + nopage + "</b></p>");WinDejaVu.document.write("<embed type=\"image/x-djvu\" pluginspace=\"http://www.djvu.com/download.html\" src=\"../../../scans/0006/DejaVu/MFTP0006Pg005.djvu\" width=\"100%\" height=\"90%\"></body>");
WinDejaVu.document.close()
}
function windowBigJPEG(width,height,specs,nopage) {
x=screen.availWidth-width-20;
if(WinBigJPEG==null)
WinBigJPEG = window.open('','','width='+width+',height='+height+',screenX='+x+',screenY=20, top=20, left='+x+specs)
		else
		{
		if(WinBigJPEG.closed)
		WinBigJPEG = window.open('','','width='+width+',height='+height+',screenX='+x+',screenY=20, top=20, left='+x+specs)
		else
		{
		WinBigJPEG.close();
		WinBigJPEG = window.open('','','width='+width+',height='+height+',screenX='+x+',screenY=20, top=20, left='+x+specs)
		WinBigJPEG.focus();
		}
		}
WinBigJPEG.document.write("<html><head><title>Bigger JPEG Image</title><style type=\"text/css\">body {background-color:#FFFFFF;margin:0.25em;font-family:tahoma,sans-serif;font-size:8pt;letter-spacing:1pt;}</style></head><body>")
WinBigJPEG.document.write("<a href=\"\" onclick=\"window.close()\">Close window / Fermer cette fen�tre</a>");
WinBigJPEG.document.write("<p style=\"margin:0em;\" align=\"center\">Journal of Great Bear Lake, 1805-1806. An electronic transcription.<br />McKenzie, Alexander. <b>" + nopage + "</b></p>");WinBigJPEG.document.write("<img src=\"../../../scans/0006/bigJPEG/MFTP0006PG0005.JPG\" /></body>");
WinBigJPEG.document.close()
}
// end hiding -->
</script>
<script language="javascript">if(parent.main2)  parent.main2.cols='0%,100%';</script>

<body>

<p class="NavBar"><script language="javascript">document.write(Add());</script><a href="../../../../search/searchfs.htm" target="mainFrame">New search</a> | <a href="notes.html">Notes</a> | <a href="abstract.html">Abstract</a></p>
<p class="NavBar"><A HREF="Pg001.html">&lt;&lt; First Page</A> | <A HREF="Pg004.html">&lt; Previous Page</A> | <span class="PageFocusOn"> Page #5 of 48</span> | <A HREF="Pg006.html"> Next Page &gt;</A> | <A HREF="Pg048.html"> Last Page &gt;&gt;</A> </p>

<table class="page" align="center" width="770" border="0">
<tr>
<td rowspan="2" width="360" valign="top">
<p class="EnTeteTranscription">McKenzie, Alexander. Journal of Great Bear Lake, 1805-1806. An electronic transcription. MFTP #0006</p><div class="ContenuPage">
<p style="text-align:justify;">Sept<sup>r</sup> 28<sup>th</sup></p>
<p style="text-align:justify;">Embarked at 4 O Clock of the morning and Encamped at 7 O Clock<span class="AddHand-editors">[.]</span>  3 miles below the Gros <span style="text-decoration:underline;">Rashere</span> embarked at 12 O Clock at night<span class="AddHand-editors">[.]</span>  <span class="AddHand-editors">[A]</span>t 2 O Clock stopped at a Camp of Indians (say Slaves)<span class="AddHand-editors">[.]</span>  <span class="AddHand-editors">[G]</span>ot 2 Carriboux &amp; 1 moose deer in meet &amp; embarked 2 young men to assist in going to Bear River<span class="AddHand-editors">[.]</span></p>
<p style="text-align:justify;">29<sup>th</sup></p>
<p style="text-align:justify;"><span class="AddHand-editors">[A]</span>t 7 O Clock in the morning I put a shore where there was 5 Lodges of Dog Ribb Indians<span class="AddHand-editors">[.]</span>  Recei<sup>d</sup> 2 small Bundles of Peltries<span class="AddHand-editors">[,]</span> two Blatthers of Grease &amp; 4 Ribs of Carriboux and embarked one young man which made one Indian per Cannoe<span class="AddHand-editors">[.]</span>  <span class="AddHand-editors">[I]</span>t rained very much all day<span class="AddHand-editors">[.]</span>  <span class="AddHand-editors">[T]</span>he men being weat and M<sup>r</sup> Henrys Cannoe not with us<span class="AddHand-editors">[,]</span> Encamped at 6 O Clock<span class="AddHand-editors">[.]</span></p>
<p style="text-align:justify;">30<sup>th</sup></p>
<p style="text-align:justify;">Embarked at 5 O Clock without any appearance of M<sup>r</sup> Henry<span class="AddHand-editors">[.]</span>  <span class="AddHand-editors">[E]</span>ntered Bear River at 12 O Clock<span class="AddHand-editors">[.]</span>  <span class="AddHand-editors">[P]</span>ut on shore as there was no appearance of the other Cannoe and made a Comfortable Breakfast<span class="AddHand-editors">[.]</span>  <span class="AddHand-editors">[A]</span>t 2 O Clock embarked thinking that the other Cannoe might have gone up the River<span class="AddHand-editors">[.]</span>  <span class="AddHand-editors">[A]</span>t 6 O Clock I found that M<sup>r</sup> Henry had not passed<span class="AddHand-editors">[.]</span>  I encamped for the night<span class="AddHand-editors">[.]</span></p>
<p style="text-align:justify;">Octb<sup>r</sup> 1<sup>st</sup></p>
<p style="text-align:justify;">I made M<sup>r</sup> Grant &amp; his Cannoe make the best of their way to Bear Lake and sent an Indian<span class="AddHand-editors">[.]</span>  Before M<sup>r</sup> Henrys Cannoe the Indian returned at 10 O Clock with good news that the Cannoe was a Coming.  <span class="AddHand-editors">[T]</span>hey arrived at 12 O Clock and informed me that they had been runing after a Carriboux that they had wounded<span class="AddHand-editors">[.]</span>  I told M<sup>r</sup> H. <span class="DelHand-author">that for</span> the future he would not detain any Cannoe for his sport we had plenty of provisions<span class="AddHand-editors">[.]</span>  <span class="DelHand-author">we</span> <span class="AddHand-author">I</span> Embarked at 7 O Clock<span class="AddHand-editors">[.]</span>  Encamped a little Below the first Islands &#8211; where we overtook M<sup>r</sup> Grant<span class="AddHand-editors">[.]</span></p>
<p style="text-align:justify;"><span class="AddHand-editors">[Octb<sup>r</sup>]</span> 2<sup>nd</sup></p>
<p style="text-align:justify;">Embarked at <span class="DelHand-author">5</span> <span class="AddHand-author">6</span> O Clock<span class="AddHand-editors">[.]</span>  <span class="AddHand-editors">[F]</span>ine weather<span class="AddHand-editors">[.]</span>  <span class="AddHand-editors">[A]</span>rrived at foot of the Rapids at 1 O Clock<span class="AddHand-editors">[.]</span>  M<sup>r</sup> G. debarked on the S. side of the River<span class="AddHand-editors">[.]</span>  <span class="AddHand-editors">[B]</span>eing some distance a head of his Cannoe when they arrived at the foot of the Rapids the Cannoe Crossed to the N. side as they go up the Rappids on that side.  I arrived with my Cann<span class="AddHand-editors">[oe]</span> only above the Rappids at 8 O Clock<span class="AddHand-editors">[.]</span>  M<sup>r</sup> G. was oposite us and had discharged his Gun two or three times<span class="AddHand-editors">[.]</span>  <span class="AddHand-editors">[I]</span>t would have been improper to have sent for him at that hour of the night and would have ran great risque of damaging the Cannoe therefore</p>

<p align="page-number"><span class="AddHand-editors">[3]</span></p>

</div>
<p style="line-height:12px;font-size:10px;font-family:arial,swiss,sans-serif;"><span style="font-weight:bold;font-size:9px;">L E G E N D :</span><br /><span style="background-color:red;color:white;"> in red </span>, modifications made by the editor(s).<br /><span style="background-color:#9900ff;color:white;"> in lavender </span>, modifications made by the assumed author(s).</p>
</td>
<td align="right" width="410" valign="top">
<a style="margin-left:100px;"  class="small" title="JPEG Image" onmouseover="window.status='View Bigger JPEG Image'; return true" onmouseout="window.status=' '; return true" href="javascript:windowBigJPEG(280,300,'toolbar=no,location=no,scrollbars=yes,resizable=yes,alwaysRaised=yes','Page #5')">View bigger image in JPEG format [ 181k ]</a></td>
</tr>
<tr>
<td valign="top" width="410" align="left"><img src="../../../scans/0006/smallJPEG/MFTP0006PG0005.JPG" /></td>
</tr>
</table>

</body>
</html>
