<?xml version="1.0" encoding="iso-8859-1" ?>

<html>

 <head>
  <title>Journal of Great Bear Lake, 1805-1806.  - Page #6</title>
  <meta http-equiv="Content-Type" content="text/html;charset=iso-8859-1" />
<META Name="author" Content="McKenzie, Alexander.">
  <link rel="stylesheet" type="text/css" href="../../../../ss/css/FurTrade_StandAlonePage.IE.css" />
 </head>
<script TYPE="text/javascript" language="JavaScript">
<!-- hide
var WinBigJPEG=null;
function Add(){
if(parent.BackLink==1)
{
parent.BackLink=" ";
return("<a href='javascript:document.rechBis.submit()' target=mainFrame>Back to search results</a> | ");
}
else
return("");
}
function windowDejaVu(URL, name, specs, nopage) {
var WinDejaVu = window.open(URL, name, specs)
WinDejaVu.document.write("<html><head><title>DejaVu Image</title><style type=\"text/css\">body {background-color:#FFFFFF;margin:0.25em;font-family:tahoma,sans-serif;font-size:8pt;letter-spacing:1pt;}</style></head><body>")
WinDejaVu.document.write("<a href=\"\" onclick=\"window.close()\">Close window / Fermer cette fen�tre</a>");
WinDejaVu.document.write("<p style=\"margin:0em;\" align=\"center\">Journal of Great Bear Lake, 1805-1806. An electronic transcription.<br />McKenzie, Alexander. <b>" + nopage + "</b></p>");WinDejaVu.document.write("<embed type=\"image/x-djvu\" pluginspace=\"http://www.djvu.com/download.html\" src=\"../../../scans/0006/DejaVu/MFTP0006Pg006.djvu\" width=\"100%\" height=\"90%\"></body>");
WinDejaVu.document.close()
}
function windowBigJPEG(width,height,specs,nopage) {
x=screen.availWidth-width-20;
if(WinBigJPEG==null)
WinBigJPEG = window.open('','','width='+width+',height='+height+',screenX='+x+',screenY=20, top=20, left='+x+specs)
		else
		{
		if(WinBigJPEG.closed)
		WinBigJPEG = window.open('','','width='+width+',height='+height+',screenX='+x+',screenY=20, top=20, left='+x+specs)
		else
		{
		WinBigJPEG.close();
		WinBigJPEG = window.open('','','width='+width+',height='+height+',screenX='+x+',screenY=20, top=20, left='+x+specs)
		WinBigJPEG.focus();
		}
		}
WinBigJPEG.document.write("<html><head><title>Bigger JPEG Image</title><style type=\"text/css\">body {background-color:#FFFFFF;margin:0.25em;font-family:tahoma,sans-serif;font-size:8pt;letter-spacing:1pt;}</style></head><body>")
WinBigJPEG.document.write("<a href=\"\" onclick=\"window.close()\">Close window / Fermer cette fen�tre</a>");
WinBigJPEG.document.write("<p style=\"margin:0em;\" align=\"center\">Journal of Great Bear Lake, 1805-1806. An electronic transcription.<br />McKenzie, Alexander. <b>" + nopage + "</b></p>");WinBigJPEG.document.write("<img src=\"../../../scans/0006/bigJPEG/MFTP0006PG0006.JPG\" /></body>");
WinBigJPEG.document.close()
}
// end hiding -->
</script>
<script language="javascript">if(parent.main2)  parent.main2.cols='0%,100%';</script>

<body>

<p class="NavBar"><script language="javascript">document.write(Add());</script><a href="../../../../search/searchfs.htm" target="mainFrame">New search</a> | <a href="notes.html">Notes</a> | <a href="abstract.html">Abstract</a></p>
<p class="NavBar"><A HREF="Pg001.html">&lt;&lt; First Page</A> | <A HREF="Pg005.html">&lt; Previous Page</A> | <span class="PageFocusOn"> Page #6 of 48</span> | <A HREF="Pg007.html"> Next Page &gt;</A> | <A HREF="Pg048.html"> Last Page &gt;&gt;</A> </p>

<table class="page" align="center" width="770" border="0">
<tr>
<td rowspan="2" width="360" valign="top">
<p class="EnTeteTranscription">McKenzie, Alexander. Journal of Great Bear Lake, 1805-1806. An electronic transcription. MFTP #0006</p><div class="ContenuPage">
<p style="text-align:justify;"><span class="fw" style="text-decoration:underline;">1805</span>
</p>
<p style="text-align:justify;">he was left to amuse himself all night a long side his fier which he made with his Gun<span class="AddHand-editors">[.]</span>  <span class="AddHand-editors">[T]</span>he two other Cannoes arrived at 9 O Clock<span class="AddHand-editors">[.]</span></p>
<p style="text-align:justify;">Octb<sup>r</sup> 3</p>
<p style="text-align:justify;"><span class="AddHand-editors">[A]</span>t 5 O Clock in the morning I embarked and two miles above my encampment I Crossed on the S. side of the River to Embark M<sup>r</sup> G.  <span class="AddHand-editors">[H]</span>is trousers were much tore By the Branches and had passed a very disagreeable night as it was very Cold<span class="AddHand-editors">[.]</span>  I put him a shore on the N. side of the River as his Cannoe remained at the Camp to Gum<span class="AddHand-editors">[.]</span>  <span class="AddHand-editors">[A]</span>t 8 O Clock encamped at the half way point between the Rappids &amp; Bear Lake<span class="AddHand-editors">[.]</span></p>
<p style="text-align:justify;">4<sup>th</sup></p>
<p style="text-align:justify;">Embarked at 5 O Clock and arrived at Great Bear Lake Castle at 4 O Clock in the afternoon my Cannoe only.  I was in the House before they perceived me.  I found seven Indians at the Fort of which not one was able to kill a Carriboux<span class="AddHand-editors">[.]</span></p>
<p style="text-align:justify;">5<sup>th</sup></p>
<p style="text-align:justify;">M<sup>r</sup> H. &amp; G. arrived at 9 O Clock in the morning.  I made up M<sup>r</sup> Henrys Equipment to send him to Bear Island as I found it would have been imprudent to send him to the <span style="text-decoration:underline;">Lushues</span> not having a hunter for him nor a man or Indian that had been there<span class="AddHand-editors">[.]</span>   Sansols was with the Red Knives on their lands and had not been to the Lushue Countrie in the Summer as was expected<span class="AddHand-editors">[.]</span></p>
<p style="text-align:justify;">6<sup>th</sup></p>
<p style="text-align:justify;"><span class="AddHand-editors">[A]</span>t 8 O Clock in the morning M<sup>r</sup> H. embarked for his post with 5 men one woman and a Indian with orders not to make any Credits and as soon as the hunt was over to send the yallow or Red Knives to Mountain Island and if he met Sansols and the Indians that was with him not to trade with them but to take what provisions he might want and give them a order on me for the amount<span class="AddHand-editors">[.]</span>  <span class="AddHand-editors">[A]</span> great fall of snow to day and very cold<span class="AddHand-editors">[.]</span></p>
<p style="text-align:justify;">7<sup>th</sup></p>
<p style="text-align:justify;">I gave a few Credits to the Indians and sent them from the fort<span class="AddHand-editors">[.]</span>  <span class="AddHand-editors">[D]</span>elivered the Summer men their Equipment &amp;ca<span class="AddHand-editors">[.]</span></p>
<p style="text-align:justify;">8<sup>th</sup></p>
<p style="text-align:justify;"><span class="AddHand-editors">[S]</span>et the men to Build a Small House as the present one is not fit to pass the winter<span class="AddHand-editors">[.]</span>  <span class="AddHand-editors">[S]</span>now and Strong N. wind<span class="AddHand-editors">[.]</span></p>

<p align="page-number"><span class="AddHand-editors">[4]</span></p>

</div>
<p style="line-height:12px;font-size:10px;font-family:arial,swiss,sans-serif;"><span style="font-weight:bold;font-size:9px;">L E G E N D :</span><br /><span style="background-color:red;color:white;"> in red </span>, modifications made by the editor(s).<br /><span style="background-color:#9900ff;color:white;"> in lavender </span>, modifications made by the assumed author(s).</p>
</td>
<td align="right" width="410" valign="top">
<a style="margin-left:100px;"  class="small" title="JPEG Image" onmouseover="window.status='View Bigger JPEG Image'; return true" onmouseout="window.status=' '; return true" href="javascript:windowBigJPEG(280,300,'toolbar=no,location=no,scrollbars=yes,resizable=yes,alwaysRaised=yes','Page #6')">View bigger image in JPEG format [ 158k ]</a></td>
</tr>
<tr>
<td valign="top" width="410" align="left"><img src="../../../scans/0006/smallJPEG/MFTP0006PG0006.JPG" /></td>
</tr>
</table>

</body>
</html>
