<?xml version="1.0" encoding="iso-8859-1" ?>

<html>

 <head>
  <title>Journal of Great Bear Lake, 1805-1806.  - Page #4</title>
  <meta http-equiv="Content-Type" content="text/html;charset=iso-8859-1" />
<META Name="author" Content="McKenzie, Alexander.">
  <link rel="stylesheet" type="text/css" href="../../../../ss/css/FurTrade_StandAlonePage.IE.css" />
 </head>
<script TYPE="text/javascript" language="JavaScript">
<!-- hide
var WinBigJPEG=null;
function Add(){
if(parent.BackLink==1)
{
parent.BackLink=" ";
return("<a href='javascript:document.rechBis.submit()' target=mainFrame>Back to search results</a> | ");
}
else
return("");
}
function windowDejaVu(URL, name, specs, nopage) {
var WinDejaVu = window.open(URL, name, specs)
WinDejaVu.document.write("<html><head><title>DejaVu Image</title><style type=\"text/css\">body {background-color:#FFFFFF;margin:0.25em;font-family:tahoma,sans-serif;font-size:8pt;letter-spacing:1pt;}</style></head><body>")
WinDejaVu.document.write("<a href=\"\" onclick=\"window.close()\">Close window / Fermer cette fen�tre</a>");
WinDejaVu.document.write("<p style=\"margin:0em;\" align=\"center\">Journal of Great Bear Lake, 1805-1806. An electronic transcription.<br />McKenzie, Alexander. <b>" + nopage + "</b></p>");WinDejaVu.document.write("<embed type=\"image/x-djvu\" pluginspace=\"http://www.djvu.com/download.html\" src=\"../../../scans/0006/DejaVu/MFTP0006Pg004.djvu\" width=\"100%\" height=\"90%\"></body>");
WinDejaVu.document.close()
}
function windowBigJPEG(width,height,specs,nopage) {
x=screen.availWidth-width-20;
if(WinBigJPEG==null)
WinBigJPEG = window.open('','','width='+width+',height='+height+',screenX='+x+',screenY=20, top=20, left='+x+specs)
		else
		{
		if(WinBigJPEG.closed)
		WinBigJPEG = window.open('','','width='+width+',height='+height+',screenX='+x+',screenY=20, top=20, left='+x+specs)
		else
		{
		WinBigJPEG.close();
		WinBigJPEG = window.open('','','width='+width+',height='+height+',screenX='+x+',screenY=20, top=20, left='+x+specs)
		WinBigJPEG.focus();
		}
		}
WinBigJPEG.document.write("<html><head><title>Bigger JPEG Image</title><style type=\"text/css\">body {background-color:#FFFFFF;margin:0.25em;font-family:tahoma,sans-serif;font-size:8pt;letter-spacing:1pt;}</style></head><body>")
WinBigJPEG.document.write("<a href=\"\" onclick=\"window.close()\">Close window / Fermer cette fen�tre</a>");
WinBigJPEG.document.write("<p style=\"margin:0em;\" align=\"center\">Journal of Great Bear Lake, 1805-1806. An electronic transcription.<br />McKenzie, Alexander. <b>" + nopage + "</b></p>");WinBigJPEG.document.write("<img src=\"../../../scans/0006/bigJPEG/MFTP0006PG0004.JPG\" /></body>");
WinBigJPEG.document.close()
}
// end hiding -->
</script>
<script language="javascript">if(parent.main2)  parent.main2.cols='0%,100%';</script>

<body>

<p class="NavBar"><script language="javascript">document.write(Add());</script><a href="../../../../search/searchfs.htm" target="mainFrame">New search</a> | <a href="notes.html">Notes</a> | <a href="abstract.html">Abstract</a></p>
<p class="NavBar"><A HREF="Pg001.html">&lt;&lt; First Page</A> | <A HREF="Pg003.html">&lt; Previous Page</A> | <span class="PageFocusOn"> Page #4 of 48</span> | <A HREF="Pg005.html"> Next Page &gt;</A> | <A HREF="Pg048.html"> Last Page &gt;&gt;</A> </p>

<table class="page" align="center" width="770" border="0">
<tr>
<td rowspan="2" width="360" valign="top">
<p class="EnTeteTranscription">McKenzie, Alexander. Journal of Great Bear Lake, 1805-1806. An electronic transcription. MFTP #0006</p><div class="ContenuPage">
<p style="text-align:justify;"><span class="fw">1805</span>
</p>
<p style="text-align:justify;">Sept<sup>r</sup> 21<sup>st</sup></p>
<p style="text-align:justify;">Embarked at 6 O Clock in the evening<span class="AddHand-editors">[.]</span>  <span class="AddHand-editors">[A]</span>t sun rise in the m morning of the 22<sup>nd</sup> we had made the Treverse to dead Island<span class="AddHand-editors">[.]</span></p>
<p style="text-align:justify;"><span class="AddHand-editors">[Sept<sup>r</sup> ]</span> 22<sup>nd</sup></p>
<p style="text-align:justify;">I met Mandvile, Bastonie &amp; 2 Indians at 5 O Clock in the morning on their way to Moose deer Island.  <span class="AddHand-editors">[O]</span>ne of the Indians gave me two sides of a Moose deer which was very acceptable as I had no fresh provisions<span class="AddHand-editors">[.]</span>  <span class="AddHand-editors">[A]</span>t 9 O Clock we put a shore to Gum our Cannoes and make Breakfast on burnt point<span class="AddHand-editors">[.]</span>  At 9 O Clock of the night Encamped at Hay river my Cannoe only the other 3 Cannoes Encamped 6 miles behind me<span class="AddHand-editors">[.]</span></p>
<p style="text-align:justify;"><span class="AddHand-editors">[Sept<sup>r</sup>]</span> 23<sup>rd</sup></p>
<p style="text-align:justify;">I was obliged here to wait for the Cannoes that remained behind me last night<span class="AddHand-editors">[.]</span>  <span class="AddHand-editors">[A]</span>t 6 O Clock they arrived<span class="AddHand-editors">[.]</span>  I requested of them for the future not to Camp seperately.  <span class="AddHand-editors">[T]</span>he men of M<sup>r</sup> Henrys Cannoe informed me that it was impossible for them to Keep up with the other Cannoes<span class="AddHand-editors">[.]</span>  I gave them a man out of my Cannoe which enabled them to keep up with the others<span class="AddHand-editors">[.]</span>  <span class="AddHand-editors">[T]</span>he swell was very high and a Strong head Wind<span class="AddHand-editors">[.]</span>  <span class="AddHand-editors">[A]</span>t 7 O Clock in the morning we was obliged to put a shore in the north Channel of Hay river where we remained until half past 10 O Clock at night then Embarked<span class="AddHand-editors">[.]</span>  <span class="AddHand-editors">[A]</span>t sun rise we were oposite Stony point<span class="AddHand-editors">[.]</span></p>
<p style="text-align:justify;"><span class="AddHand-editors">[Sept<sup>r</sup>]</span> 24<sup>th</sup></p>
<p style="text-align:justify;">Encamped nine miles below the Rappids of M<sup>c</sup>Kenzie River at 7 O Clock at night<span class="AddHand-editors">[.]</span></p>
<p style="text-align:justify;">25<sup>th</sup></p>
<p style="text-align:justify;">Embarked at 4 O Clock in the morning with every appearance of a pleasant day and at 8 O Clock in the Evening Encamped at River a La Pache<span class="AddHand-editors">[.]</span></p>
<p style="text-align:justify;">26<sup>th</sup></p>
<p style="text-align:justify;">Embarked at 12 O Clock of the night and at 2 O Clock arrived at the Forks where we found M<sup>r</sup> Wentzel much surprised to se us Arrive so early in fall.  I gave the nessesary Goods &amp;ca for that post and the South Branch &amp;ca<span class="AddHand-editors">[.]</span></p>
<p style="text-align:justify;">27<sup>th</sup></p>
<p style="text-align:justify;">Embarked at 10 O Clock in the morning for Bear Lake with two Cannoes &amp; my own Cannoe, in all 32 trading pieces<span class="AddHand-editors">[.]</span>  Encamped at 10 O Clock at night at Old Rockey mountain Fort.  <span class="AddHand-editors">[T]</span>he Houses are yet in good order except for the Chimneys<span class="AddHand-editors">[.]</span></p>

<p align="page-number"><span class="AddHand-editors">[2]</span></p>

</div>
<p style="line-height:12px;font-size:10px;font-family:arial,swiss,sans-serif;"><span style="font-weight:bold;font-size:9px;">L E G E N D :</span><br /><span style="background-color:red;color:white;"> in red </span>, modifications made by the editor(s).<br /><span style="background-color:#9900ff;color:white;"> in lavender </span>, modifications made by the assumed author(s).</p>
</td>
<td align="right" width="410" valign="top">
<a style="margin-left:100px;"  class="small" title="JPEG Image" onmouseover="window.status='View Bigger JPEG Image'; return true" onmouseout="window.status=' '; return true" href="javascript:windowBigJPEG(280,300,'toolbar=no,location=no,scrollbars=yes,resizable=yes,alwaysRaised=yes','Page #4')">View bigger image in JPEG format [ 166k ]</a></td>
</tr>
<tr>
<td valign="top" width="410" align="left"><img src="../../../scans/0006/smallJPEG/MFTP0006PG0004.JPG" /></td>
</tr>
</table>

</body>
</html>
