<?xml version="1.0" encoding="iso-8859-1" ?>

<html>

 <head>
  <title>Journal of Great Bear Lake, 1805-1806.  - Page #9</title>
  <meta http-equiv="Content-Type" content="text/html;charset=iso-8859-1" />
<META Name="author" Content="McKenzie, Alexander.">
  <link rel="stylesheet" type="text/css" href="../../../../ss/css/FurTrade_StandAlonePage.IE.css" />
 </head>
<script TYPE="text/javascript" language="JavaScript">
<!-- hide
var WinBigJPEG=null;
function Add(){
if(parent.BackLink==1)
{
parent.BackLink=" ";
return("<a href='javascript:document.rechBis.submit()' target=mainFrame>Back to search results</a> | ");
}
else
return("");
}
function windowDejaVu(URL, name, specs, nopage) {
var WinDejaVu = window.open(URL, name, specs)
WinDejaVu.document.write("<html><head><title>DejaVu Image</title><style type=\"text/css\">body {background-color:#FFFFFF;margin:0.25em;font-family:tahoma,sans-serif;font-size:8pt;letter-spacing:1pt;}</style></head><body>")
WinDejaVu.document.write("<a href=\"\" onclick=\"window.close()\">Close window / Fermer cette fen�tre</a>");
WinDejaVu.document.write("<p style=\"margin:0em;\" align=\"center\">Journal of Great Bear Lake, 1805-1806. An electronic transcription.<br />McKenzie, Alexander. <b>" + nopage + "</b></p>");WinDejaVu.document.write("<embed type=\"image/x-djvu\" pluginspace=\"http://www.djvu.com/download.html\" src=\"../../../scans/0006/DejaVu/MFTP0006Pg009.djvu\" width=\"100%\" height=\"90%\"></body>");
WinDejaVu.document.close()
}
function windowBigJPEG(width,height,specs,nopage) {
x=screen.availWidth-width-20;
if(WinBigJPEG==null)
WinBigJPEG = window.open('','','width='+width+',height='+height+',screenX='+x+',screenY=20, top=20, left='+x+specs)
		else
		{
		if(WinBigJPEG.closed)
		WinBigJPEG = window.open('','','width='+width+',height='+height+',screenX='+x+',screenY=20, top=20, left='+x+specs)
		else
		{
		WinBigJPEG.close();
		WinBigJPEG = window.open('','','width='+width+',height='+height+',screenX='+x+',screenY=20, top=20, left='+x+specs)
		WinBigJPEG.focus();
		}
		}
WinBigJPEG.document.write("<html><head><title>Bigger JPEG Image</title><style type=\"text/css\">body {background-color:#FFFFFF;margin:0.25em;font-family:tahoma,sans-serif;font-size:8pt;letter-spacing:1pt;}</style></head><body>")
WinBigJPEG.document.write("<a href=\"\" onclick=\"window.close()\">Close window / Fermer cette fen�tre</a>");
WinBigJPEG.document.write("<p style=\"margin:0em;\" align=\"center\">Journal of Great Bear Lake, 1805-1806. An electronic transcription.<br />McKenzie, Alexander. <b>" + nopage + "</b></p>");WinBigJPEG.document.write("<img src=\"../../../scans/0006/bigJPEG/MFTP0006PG0009.JPG\" /></body>");
WinBigJPEG.document.close()
}
// end hiding -->
</script>
<script language="javascript">if(parent.main2)  parent.main2.cols='0%,100%';</script>

<body>

<p class="NavBar"><script language="javascript">document.write(Add());</script><a href="../../../../search/searchfs.htm" target="mainFrame">New search</a> | <a href="notes.html">Notes</a> | <a href="abstract.html">Abstract</a></p>
<p class="NavBar"><A HREF="Pg001.html">&lt;&lt; First Page</A> | <A HREF="Pg008.html">&lt; Previous Page</A> | <span class="PageFocusOn"> Page #9 of 48</span> | <A HREF="Pg010.html"> Next Page &gt;</A> | <A HREF="Pg048.html"> Last Page &gt;&gt;</A> </p>

<table class="page" align="center" width="770" border="0">
<tr>
<td rowspan="2" width="360" valign="top">
<p class="EnTeteTranscription">McKenzie, Alexander. Journal of Great Bear Lake, 1805-1806. An electronic transcription. MFTP #0006</p><div class="ContenuPage">
<p style="text-align:justify;">Nov<sup>r</sup> 3<sup>rd</sup></p>
<p style="text-align:justify;">The men stil working at the House very slowly<span class="AddHand-editors">[.]</span></p>
<p style="text-align:justify;"><span class="AddHand-editors">[Nov<sup>r</sup>]</span> 4<sup>th</sup></p>
<p style="text-align:justify;"><span class="AddHand-editors">[The men stil working at the House very slowly.]</span></p>
<p style="text-align:justify;"><span class="AddHand-editors">[Nov<sup>r</sup>]</span> 5<sup>th</sup></p>
<p style="text-align:justify;">The last of our fresh meet has been given this morning<span class="AddHand-editors">[.]</span></p>
<p style="text-align:justify;"><span class="AddHand-editors">[Nov<sup>r</sup>]</span> 6</p>
<p style="text-align:justify;"><span class="AddHand-editors">[G]</span>ave pounded meet to the men<span class="AddHand-editors">[.]</span></p>
<p style="text-align:justify;"><span class="AddHand-editors">[Nov<sup>r</sup>]</span> 7<sup>th</sup></p>
<p style="text-align:justify;">Carkara Came to the Fort to set lines on the <span style="text-decoration:underline;">Bordages</span> as he was starving at his Lodge<span class="AddHand-editors">[.]</span>  I lent him 5 hooks<span class="AddHand-editors">[.]</span></p>
<p style="text-align:justify;"><span class="AddHand-editors">[Nov<sup>r</sup>]</span> 8<sup>th</sup></p>
<p style="text-align:justify;">The hunter arrived from hunting<span class="AddHand-editors">[.]</span>  <span class="AddHand-editors">[H]</span>e killed four Carribouxs<span class="AddHand-editors">[.]</span>  <span class="AddHand-editors">[T]</span>wenty below 0.  Ettier sett 6 Lines under the Ice<span class="AddHand-editors">[.]</span></p>
<p style="text-align:justify;"><span class="AddHand-editors">[Nov<sup>r</sup>]</span> 9<sup>th</sup></p>
<p style="text-align:justify;">Sent 3 men, the hunter for the meet<span class="AddHand-editors">[.]</span>  Ettier Caut 4 Trout on his Lines<span class="AddHand-editors">[.]</span></p>
<p style="text-align:justify;">10<sup>th</sup></p>
<p style="text-align:justify;">The men Came home with the meet<span class="AddHand-editors">[.]</span>  <span class="AddHand-editors">[P]</span>ut 4 nets under the Ice<span class="AddHand-editors">[.]</span></p>
<p style="text-align:justify;">11<sup>th</sup></p>
<p style="text-align:justify;">The nets was visited and only 23 fish taken out of them<span class="AddHand-editors">[.]</span>  <span class="AddHand-editors">[P]</span>oor appearance<span class="AddHand-editors">[.]</span></p>
<p style="text-align:justify;">12<sup>th</sup></p>
<p style="text-align:justify;">I moved in the Small Building I had made with M<sup>r</sup> G.<span class="AddHand-editors">[,]</span> Ettier<span class="AddHand-editors">[,]</span> Pansenac &amp; John.  Ettier Caut 11 Trout of his Lines &amp; only 7 fish in the nets<span class="AddHand-editors">[.]</span>  The Lake froze a Cross Last night<span class="AddHand-editors">[.]</span>  30 below 0.  I Gave out 4 nets more and apointed Morent &amp; Generaux for fishermen &amp; Gilbore to Cut their wood<span class="AddHand-editors">[.]</span></p>
<p style="text-align:justify;">13<sup>th</sup></p>
<p style="text-align:justify;">32 below 0<span class="AddHand-editors">[.]</span>  15 fish out of the nets &amp; 10 Trout on the Lines<span class="AddHand-editors">[.]</span></p>
<p style="text-align:justify;">14<sup>th</sup></p>
<p style="text-align:justify;">36 <span class="AddHand-editors">[below]</span> 0<span class="AddHand-editors">[.]</span>  The Women began making snoeshoes<span class="AddHand-editors">[.]</span>  The fishermen set four nets at the enterence of the River<span class="AddHand-editors">[.]</span>  5 Trout of the Lines<span class="AddHand-editors">[.]</span></p>
<p style="text-align:justify;">15<sup>th</sup></p>
<p style="text-align:justify;">The 4 nets at the enterence of the River was visited<span class="AddHand-editors">[.]</span>  63 pieces of fish was all was found in the nets, poor fisherey<span class="AddHand-editors">[.]</span>  The Indians is much surprised this year not being able to get fish for their famil<span class="DelHand-author">y</span><span class="AddHand-author">ies</span>.  <span class="AddHand-editors">[O]</span>nly one trout on the Lines today<span class="AddHand-editors">[.]</span></p>
<p style="text-align:justify;">16<sup>th</sup></p>
<p style="text-align:justify;"><span class="AddHand-editors">[A]</span>s I keep one acc<sup>t</sup> of the fish in a seperate Book I will not take notice of the fishery here<span class="AddHand-editors">[.]</span></p>
<p style="text-align:justify;">17<sup>th</sup></p>
<p style="text-align:justify;"><span class="AddHand-editors">[N]</span>othing extra<span class="AddHand-editors">[.]</span>  10 below 0<span class="AddHand-editors">[.]</span></p>
<p style="text-align:justify;">18<sup>th</sup></p>
<p style="text-align:justify;"><span class="AddHand-editors">[Nothing extra.]</span>  2 <span class="AddHand-editors">[below]</span> 0<span class="AddHand-editors">[.]</span></p>
<p style="text-align:justify;">19<sup>th</sup></p>
<p style="text-align:justify;"><span class="AddHand-editors">[Nothing extra.]</span>  3 <span class="AddHand-editors">[below]</span> 0<span class="AddHand-editors">[.]</span></p>
<p style="text-align:justify;">20<sup>th</sup></p>
<p style="text-align:justify;"><span class="AddHand-editors">[Nothing extra.]</span>  2 <span class="AddHand-editors">[below]</span> 0<span class="AddHand-editors">[.]</span>  <span class="AddHand-editors">[T]</span>he men did not visit the nets<span class="AddHand-editors">[.]</span></p>
<p style="text-align:justify;">21<sup>st</sup></p>
<p style="text-align:justify;">The Hunters Brother came home Sick<span class="AddHand-editors">[.]</span>  <span class="AddHand-editors">[I]</span>n a short time after his arrival, he began to eat<span class="AddHand-editors">[.]</span>  1 below 0<span class="AddHand-editors">[.]</span></p>
<p style="text-align:justify;">22<sup>nd</sup></p>
<p style="text-align:justify;"><span class="AddHand-editors">[N]</span>othi<span class="AddHand-editors">[ng]</span> extra<span class="AddHand-editors">[.]</span>  2 <span class="AddHand-editors">[below]</span> 0<span class="AddHand-editors">[.]</span></p>
<p style="text-align:justify;">23<sup>rd</sup></p>
<p style="text-align:justify;">Two young Indians arrived from Carkaraes Lodge on their way to Bear Island (say M<sup>r</sup> Henrys post)<span class="AddHand-editors">[.]</span></p>

<p align="page-number"><span class="AddHand-editors">[7]</span></p>

</div>
<p style="line-height:12px;font-size:10px;font-family:arial,swiss,sans-serif;"><span style="font-weight:bold;font-size:9px;">L E G E N D :</span><br /><span style="background-color:red;color:white;"> in red </span>, modifications made by the editor(s).<br /><span style="background-color:#9900ff;color:white;"> in lavender </span>, modifications made by the assumed author(s).</p>
</td>
<td align="right" width="410" valign="top">
<a style="margin-left:100px;"  class="small" title="JPEG Image" onmouseover="window.status='View Bigger JPEG Image'; return true" onmouseout="window.status=' '; return true" href="javascript:windowBigJPEG(280,300,'toolbar=no,location=no,scrollbars=yes,resizable=yes,alwaysRaised=yes','Page #9')">View bigger image in JPEG format [ 166k ]</a></td>
</tr>
<tr>
<td valign="top" width="410" align="left"><img src="../../../scans/0006/smallJPEG/MFTP0006PG0009.JPG" /></td>
</tr>
</table>

</body>
</html>
