<?xml version="1.0" encoding="iso-8859-1" ?>

<html>

 <head>
  <title>Journal of Great Bear Lake, 1805-1806.  - Page #8</title>
  <meta http-equiv="Content-Type" content="text/html;charset=iso-8859-1" />
<META Name="author" Content="McKenzie, Alexander.">
  <link rel="stylesheet" type="text/css" href="../../../../ss/css/FurTrade_StandAlonePage.IE.css" />
 </head>
<script TYPE="text/javascript" language="JavaScript">
<!-- hide
var WinBigJPEG=null;
function Add(){
if(parent.BackLink==1)
{
parent.BackLink=" ";
return("<a href='javascript:document.rechBis.submit()' target=mainFrame>Back to search results</a> | ");
}
else
return("");
}
function windowDejaVu(URL, name, specs, nopage) {
var WinDejaVu = window.open(URL, name, specs)
WinDejaVu.document.write("<html><head><title>DejaVu Image</title><style type=\"text/css\">body {background-color:#FFFFFF;margin:0.25em;font-family:tahoma,sans-serif;font-size:8pt;letter-spacing:1pt;}</style></head><body>")
WinDejaVu.document.write("<a href=\"\" onclick=\"window.close()\">Close window / Fermer cette fen�tre</a>");
WinDejaVu.document.write("<p style=\"margin:0em;\" align=\"center\">Journal of Great Bear Lake, 1805-1806. An electronic transcription.<br />McKenzie, Alexander. <b>" + nopage + "</b></p>");WinDejaVu.document.write("<embed type=\"image/x-djvu\" pluginspace=\"http://www.djvu.com/download.html\" src=\"../../../scans/0006/DejaVu/MFTP0006Pg008.djvu\" width=\"100%\" height=\"90%\"></body>");
WinDejaVu.document.close()
}
function windowBigJPEG(width,height,specs,nopage) {
x=screen.availWidth-width-20;
if(WinBigJPEG==null)
WinBigJPEG = window.open('','','width='+width+',height='+height+',screenX='+x+',screenY=20, top=20, left='+x+specs)
		else
		{
		if(WinBigJPEG.closed)
		WinBigJPEG = window.open('','','width='+width+',height='+height+',screenX='+x+',screenY=20, top=20, left='+x+specs)
		else
		{
		WinBigJPEG.close();
		WinBigJPEG = window.open('','','width='+width+',height='+height+',screenX='+x+',screenY=20, top=20, left='+x+specs)
		WinBigJPEG.focus();
		}
		}
WinBigJPEG.document.write("<html><head><title>Bigger JPEG Image</title><style type=\"text/css\">body {background-color:#FFFFFF;margin:0.25em;font-family:tahoma,sans-serif;font-size:8pt;letter-spacing:1pt;}</style></head><body>")
WinBigJPEG.document.write("<a href=\"\" onclick=\"window.close()\">Close window / Fermer cette fen�tre</a>");
WinBigJPEG.document.write("<p style=\"margin:0em;\" align=\"center\">Journal of Great Bear Lake, 1805-1806. An electronic transcription.<br />McKenzie, Alexander. <b>" + nopage + "</b></p>");WinBigJPEG.document.write("<img src=\"../../../scans/0006/bigJPEG/MFTP0006PG0008.JPG\" /></body>");
WinBigJPEG.document.close()
}
// end hiding -->
</script>
<script language="javascript">if(parent.main2)  parent.main2.cols='0%,100%';</script>

<body>

<p class="NavBar"><script language="javascript">document.write(Add());</script><a href="../../../../search/searchfs.htm" target="mainFrame">New search</a> | <a href="notes.html">Notes</a> | <a href="abstract.html">Abstract</a></p>
<p class="NavBar"><A HREF="Pg001.html">&lt;&lt; First Page</A> | <A HREF="Pg007.html">&lt; Previous Page</A> | <span class="PageFocusOn"> Page #8 of 48</span> | <A HREF="Pg009.html"> Next Page &gt;</A> | <A HREF="Pg048.html"> Last Page &gt;&gt;</A> </p>

<table class="page" align="center" width="770" border="0">
<tr>
<td rowspan="2" width="360" valign="top">
<p class="EnTeteTranscription">McKenzie, Alexander. Journal of Great Bear Lake, 1805-1806. An electronic transcription. MFTP #0006</p><div class="ContenuPage">
<p style="text-align:justify;"><span class="fw">1805</span>
</p>
<p style="text-align:justify;">Octb<sup>r</sup> 21<sup>st</sup></p>
<p style="text-align:justify;">The men began to plaster the house took 50 pieces fish out of the nets, &amp; gave pounded meet for supper<span class="AddHand-editors">[.]</span></p>
<p style="text-align:justify;">22<sup>nd</sup></p>
<p style="text-align:justify;">Took 45 pieces of fish.  The Themomator was 2 below 0<span class="AddHand-editors">[.]</span></p>
<p style="text-align:justify;">23<sup>rd</sup></p>
<p style="text-align:justify;">Took 18 pieces of fish<span class="AddHand-editors">[.]</span>  <span class="AddHand-editors">[G]</span>ave pounded meet to the men<span class="AddHand-editors">[.]</span>  <span class="AddHand-editors">[T]</span>wo India<span class="AddHand-editors">[ns]</span> arrived from Carkares with a little fresh meet<span class="AddHand-editors">[.]</span></p>
<p style="text-align:justify;">24<sup>th</sup></p>
<p style="text-align:justify;">Gave fresh meet to the men and sent the Indians back to their Lodges<span class="AddHand-editors">[.]</span>  <span class="AddHand-editors">[T]</span>hey wanted some medisines for a sick man<span class="AddHand-editors">[.]</span>  <span class="AddHand-editors">[N]</span>ot having any they went without<span class="AddHand-editors">[.]</span>  I shall not say any thing more of the fishery as I keep an exact acc<sup>t</sup> of what is taken in a seperate Book.</p>
<p style="text-align:justify;">25<sup>th</sup></p>
<p style="text-align:justify;"><span class="AddHand-editors">[N]</span>othing particular<span class="AddHand-editors">[.]</span></p>
<p style="text-align:justify;">26<sup>th</sup></p>
<p style="text-align:justify;">The Chief of Bear Lake Hair Indians arrived with 4 young men &amp; a Boy with a 150 Beavers.  <span class="AddHand-editors">[T]</span>hey passed best part of the night a dancing as I gave them 4 pints of Rum and one fathom of Tobaccoe<span class="AddHand-editors">[.]</span>  <span class="AddHand-editors">[T]</span>he Chief promised to bring to the Fort 40 of the <span style="text-decoration:underline;">Loushues</span> in the month of March<span class="AddHand-editors">[.]</span></p>
<p style="text-align:justify;">27<sup>th</sup></p>
<p style="text-align:justify;">I sent Cadien and family to remain with those Indians and LeRocke to come back with peltries &amp;ca that they have at their Lodges<span class="AddHand-editors">[.]</span>  <span class="AddHand-editors">[T]</span>heir having promised to bring of the Strange Indians I gave them more Credits than I would have done on acc<sup>t</sup> of going for the Natives that had not seen the Fort<span class="AddHand-editors">[.]</span>  <span class="AddHand-editors">[A]</span>t 7 O Clock in the evening the Hunter &amp; Brother arrived with six Carriboux Tongues and informed me that he had wounded 3 more<span class="AddHand-editors">[.]</span></p>
<p style="text-align:justify;">28<sup>th</sup></p>
<p style="text-align:justify;">I sent 3 men and a Indian for 4 that was on the S side of the River in a Large Cannoe &amp; M<sup>r</sup> Grant<span class="AddHand-editors">[,]</span> John &amp; the hunter for two that was killed six miles from the Fort on the N side<span class="AddHand-editors">[.]</span>  <span class="AddHand-editors">[W]</span>ith 3 dogs the hunter is to follow those he wounded<span class="AddHand-editors">[.]</span>  10 below 0<span class="AddHand-editors">[.]</span>  <span class="AddHand-editors">[T]</span>he Later partey returned at 6 O Clock in the evening with the two Carribous<span class="AddHand-editors">[.]</span>  <span class="AddHand-editors">[T]</span>he Indian killed one of those he wounded yesterday<span class="AddHand-editors">[.]</span>  M<sup>r</sup> G_ broke the Stock of his Gun in his Tripe<span class="AddHand-editors">[.]</span></p>
<p style="text-align:justify;">29<sup>th</sup></p>
<p style="text-align:justify;">Ettier &amp; hunter went with two Slays for the Carriboux that was killed yesterday<span class="AddHand-editors">[.]</span>  13 below 0.  <span class="AddHand-editors">[T]</span>hey returned at 8 O Clock with only part as their dogs ran away with the Slays<span class="AddHand-editors">[.]</span></p>
<p style="text-align:justify;">30<sup>th</sup></p>
<p style="text-align:justify;">This morning 27 below 0.  Martin went for the remainder of the Carriboux.  <span class="AddHand-editors">[R]</span>eturned at 2 O Clock<span class="AddHand-editors">[.]</span></p>
<p style="text-align:justify;"><span class="fw">31</span>
</p>
<p style="text-align:justify;">The men &amp; Indian returned from the South side of the River with the meet &amp; Left the Cannoe at the Enterence of the River<span class="AddHand-editors">[.]</span>  17 below 0<span class="AddHand-editors">[.]</span></p>
<p style="text-align:justify;">Nov<sup>r</sup> 1<sup>st</sup></p>
<p style="text-align:justify;">I gave the men 2<sup>lb</sup> flour &amp; some Grease to make a feast<span class="AddHand-editors">[.]</span>  <span class="AddHand-editors">[T]</span>he hunter &amp; Morent Bro<sup>t</sup> Some wood for 6 p<sup>rs</sup> snoeshoes<span class="AddHand-editors">[.]</span></p>
<p style="text-align:justify;"><span class="AddHand-editors">[Nov<sup>r</sup>]</span> 2</p>
<p style="text-align:justify;">Making snoeshoes for hunter<span class="AddHand-editors">[.]</span></p>

<p align="page-number"><span class="AddHand-editors">[6]</span></p>

</div>
<p style="line-height:12px;font-size:10px;font-family:arial,swiss,sans-serif;"><span style="font-weight:bold;font-size:9px;">L E G E N D :</span><br /><span style="background-color:red;color:white;"> in red </span>, modifications made by the editor(s).<br /><span style="background-color:#9900ff;color:white;"> in lavender </span>, modifications made by the assumed author(s).</p>
</td>
<td align="right" width="410" valign="top">
<a style="margin-left:100px;"  class="small" title="JPEG Image" onmouseover="window.status='View Bigger JPEG Image'; return true" onmouseout="window.status=' '; return true" href="javascript:windowBigJPEG(280,300,'toolbar=no,location=no,scrollbars=yes,resizable=yes,alwaysRaised=yes','Page #8')">View bigger image in JPEG format [ 180k ]</a></td>
</tr>
<tr>
<td valign="top" width="410" align="left"><img src="../../../scans/0006/smallJPEG/MFTP0006PG0008.JPG" /></td>
</tr>
</table>

</body>
</html>
