<?xml version="1.0" encoding="iso-8859-1" ?>

<html>

 <head>
  <title>Journal of Great Bear Lake, 1805-1806.  - Page #11</title>
  <meta http-equiv="Content-Type" content="text/html;charset=iso-8859-1" />
<META Name="author" Content="McKenzie, Alexander.">
  <link rel="stylesheet" type="text/css" href="../../../../ss/css/FurTrade_StandAlonePage.IE.css" />
 </head>
<script TYPE="text/javascript" language="JavaScript">
<!-- hide
var WinBigJPEG=null;
function Add(){
if(parent.BackLink==1)
{
parent.BackLink=" ";
return("<a href='javascript:document.rechBis.submit()' target=mainFrame>Back to search results</a> | ");
}
else
return("");
}
function windowDejaVu(URL, name, specs, nopage) {
var WinDejaVu = window.open(URL, name, specs)
WinDejaVu.document.write("<html><head><title>DejaVu Image</title><style type=\"text/css\">body {background-color:#FFFFFF;margin:0.25em;font-family:tahoma,sans-serif;font-size:8pt;letter-spacing:1pt;}</style></head><body>")
WinDejaVu.document.write("<a href=\"\" onclick=\"window.close()\">Close window / Fermer cette fen�tre</a>");
WinDejaVu.document.write("<p style=\"margin:0em;\" align=\"center\">Journal of Great Bear Lake, 1805-1806. An electronic transcription.<br />McKenzie, Alexander. <b>" + nopage + "</b></p>");WinDejaVu.document.write("<embed type=\"image/x-djvu\" pluginspace=\"http://www.djvu.com/download.html\" src=\"../../../scans/0006/DejaVu/MFTP0006Pg011.djvu\" width=\"100%\" height=\"90%\"></body>");
WinDejaVu.document.close()
}
function windowBigJPEG(width,height,specs,nopage) {
x=screen.availWidth-width-20;
if(WinBigJPEG==null)
WinBigJPEG = window.open('','','width='+width+',height='+height+',screenX='+x+',screenY=20, top=20, left='+x+specs)
		else
		{
		if(WinBigJPEG.closed)
		WinBigJPEG = window.open('','','width='+width+',height='+height+',screenX='+x+',screenY=20, top=20, left='+x+specs)
		else
		{
		WinBigJPEG.close();
		WinBigJPEG = window.open('','','width='+width+',height='+height+',screenX='+x+',screenY=20, top=20, left='+x+specs)
		WinBigJPEG.focus();
		}
		}
WinBigJPEG.document.write("<html><head><title>Bigger JPEG Image</title><style type=\"text/css\">body {background-color:#FFFFFF;margin:0.25em;font-family:tahoma,sans-serif;font-size:8pt;letter-spacing:1pt;}</style></head><body>")
WinBigJPEG.document.write("<a href=\"\" onclick=\"window.close()\">Close window / Fermer cette fen�tre</a>");
WinBigJPEG.document.write("<p style=\"margin:0em;\" align=\"center\">Journal of Great Bear Lake, 1805-1806. An electronic transcription.<br />McKenzie, Alexander. <b>" + nopage + "</b></p>");WinBigJPEG.document.write("<img src=\"../../../scans/0006/bigJPEG/MFTP0006PG0011.JPG\" /></body>");
WinBigJPEG.document.close()
}
// end hiding -->
</script>
<script language="javascript">if(parent.main2)  parent.main2.cols='0%,100%';</script>

<body>

<p class="NavBar"><script language="javascript">document.write(Add());</script><a href="../../../../search/searchfs.htm" target="mainFrame">New search</a> | <a href="notes.html">Notes</a> | <a href="abstract.html">Abstract</a></p>
<p class="NavBar"><A HREF="Pg001.html">&lt;&lt; First Page</A> | <A HREF="Pg010.html">&lt; Previous Page</A> | <span class="PageFocusOn"> Page #11 of 48</span> | <A HREF="Pg012.html"> Next Page &gt;</A> | <A HREF="Pg048.html"> Last Page &gt;&gt;</A> </p>

<table class="page" align="center" width="770" border="0">
<tr>
<td rowspan="2" width="360" valign="top">
<p class="EnTeteTranscription">McKenzie, Alexander. Journal of Great Bear Lake, 1805-1806. An electronic transcription. MFTP #0006</p><div class="ContenuPage">
<p style="text-align:justify;">Dece<sup>r</sup> 9<sup>th</sup></p>
<p style="text-align:justify;">18 Below 0.  The Men did not visit the nets.  Severe Snoe Storm<span class="AddHand-editors">[.]</span>  <span class="AddHand-editors">[G]</span>ave them fresh meet for the day<span class="AddHand-editors">[.]</span></p>
<p style="text-align:justify;">10<sup>th</sup></p>
<p style="text-align:justify;">I acquainted M<sup>r</sup> Grant &amp; Ettier to be ready to go with the Hunter <span style="text-decoration:underline;">Kake</span> <span style="text-decoration:underline;">Batha</span> to the Rappid Indians on the return of the Hunter and not mention to any person my intentions of Sending them<span class="AddHand-editors">[.]</span></p>
<p style="text-align:justify;">11<sup>th</sup></p>
<p style="text-align:justify;">18 Below 0.  Snoe &amp; Strong wind N.E.</p>
<p style="text-align:justify;">12<sup>th</sup></p>
<p style="text-align:justify;">25 <span class="AddHand-editors">[Below]</span> 0<span class="AddHand-editors">[.]</span>  Clear sky<span class="AddHand-editors">[.]</span></p>
<p style="text-align:justify;">13<sup>th</sup></p>
<p style="text-align:justify;">Paul of LaRocque arrived with 2 Hair Indians<span class="AddHand-editors">[.]</span>  32 Be<span class="AddHand-editors">[low.]</span></p>
<p style="text-align:justify;">14<sup>th</sup></p>
<p style="text-align:justify;">Charles Grant, F. Ettier<span class="AddHand-editors">[,]</span> Paul &amp; 3 Indians left this to discover the Rappid Indians<span class="AddHand-editors">[.]</span>  Paul Beboe is to remain at the Hair Indians Lodges<span class="AddHand-editors">[.]</span>  <span class="AddHand-editors">[P]</span>rovisions 1 Tore of pemigan<span class="AddHand-editors">[,]</span> 30<sup>lb</sup> of pounded meet<span class="AddHand-editors">[,]</span> 2 plaucoties &amp; fish for their Dogs<span class="AddHand-editors">[,]</span> 240 Beavers in Goods<span class="AddHand-editors">[.]</span>  God send them good Luck<span class="AddHand-editors">[.]</span></p>
<p style="text-align:justify;">15<sup>th</sup></p>
<p style="text-align:justify;">10 Below 0.  Sno<span class="AddHand-editors">[e.]</span></p>
<p style="text-align:justify;"><span class="fw">16</span>
</p>
<p style="text-align:justify;">24 <span class="AddHand-editors">[Below]</span> 0<span class="AddHand-editors">[.]</span>  Delbeeque &amp; Ranger arrived from M<sup>r</sup> Henrys Fort with an acc<sup>t</sup> of their being no packs or provisions there<span class="AddHand-editors">[.]</span></p>
<p style="text-align:justify;">17<sup>th</sup></p>
<p style="text-align:justify;">18 below 0.</p>
<p style="text-align:justify;">18<sup>th</sup></p>
<p style="text-align:justify;">20 below 0<span class="AddHand-editors">[.]</span></p>
<p style="text-align:justify;">19<sup>th</sup></p>
<p style="text-align:justify;">Delbeeque &amp; Beuchemain went to Bear Island<span class="AddHand-editors">[.]</span>  <span class="AddHand-editors">[P]</span>rovisions 30<sup>lb</sup> pemegan<span class="AddHand-editors">[,]</span> 12 fish<span class="AddHand-editors">[,]</span> 2 dogs<span class="AddHand-editors">[,]</span> 3 Hooks<span class="AddHand-editors">[,]</span> 1 Iron axe<span class="AddHand-editors">[.]</span></p>
<p style="text-align:justify;">20<sup>th</sup></p>
<p style="text-align:justify;">16 Below 0.  S<span class="AddHand-author">n</span>ow Storm<span class="AddHand-editors">[.]</span>  <span class="AddHand-editors">[T]</span>he netts was not visited<span class="AddHand-editors">[.]</span>  <span class="AddHand-editors">[G]</span>ave the men pounded meet for the day<span class="AddHand-editors">[.]</span>  N.E.</p>
<p style="text-align:justify;">21<sup>st</sup></p>
<p style="text-align:justify;">18 Below 0<span class="AddHand-editors">[.]</span>  S<span class="AddHand-editors">[.]</span></p>
<p style="text-align:justify;">22<sup>nd</sup></p>
<p style="text-align:justify;">10 <span class="AddHand-editors">[Below]</span> 0<span class="AddHand-editors">[.]</span>  N.E<span class="AddHand-editors">[.]</span></p>
<p style="text-align:justify;">23<sup>rd</sup></p>
<p style="text-align:justify;">2 <span class="AddHand-editors">[Below]</span> 0<span class="AddHand-editors">[.]</span>  <span class="AddHand-editors">[N.E.]</span>  Karkara slep at the Fort and tomorro<span class="AddHand-author">w</span> is to go to the Chase<span class="AddHand-editors">[.]</span></p>
<p style="text-align:justify;">24<sup>th</sup></p>
<p style="text-align:justify;">12 below 0<span class="AddHand-editors">[.]</span></p>
<p style="text-align:justify;">25<sup>th</sup></p>
<p style="text-align:justify;">M<sup>r</sup> Grant, Beboe &amp; a Hair Indian arrived<span class="AddHand-editors">[.]</span>  <span class="AddHand-editors">[T]</span>hey only got as far as the Hair Indians<span class="AddHand-editors">[.]</span>  <span class="AddHand-editors">[T]</span>heir guide would not go further<span class="AddHand-editors">[.]</span>  Ettier was left there to wait the arrivall of five of the Hair Indians that was expected every day from the Rappid Indians and if the accts they Bro<sup>t</sup> was favourable to go there if possible<span class="AddHand-editors">[.]</span>  I gave the men 5 quarts of Highwines<span class="AddHand-editors">[,]</span> some flour &amp; pounded meet<span class="AddHand-editors">[.]</span></p>
<p style="text-align:justify;">26<sup>th</sup></p>
<p style="text-align:justify;">I sent the Indian that came with M<sup>r</sup> Grant a hunting with Gilbore &amp; Karkara.</p>
<p style="text-align:justify;">27<sup>th</sup></p>
<p style="text-align:justify;">Karkaras wife and family came and encamped Close to the fort<span class="AddHand-editors">[.]</span>  <span class="AddHand-editors">[S]</span>he was afraid of the natives<span class="AddHand-editors">[,]</span> that is to say Beaver Indians as there was a report amongst the Dog Rib Indians that the former was a Coming to Kill them<span class="AddHand-editors">[.]</span></p>
<p style="text-align:justify;">28<sup>th</sup></p>
<p style="text-align:justify;">22 below 0.  The Hair Indian returned from the chase without sucsess<span class="AddHand-editors">[.]</span></p>

<p align="page-number"><span class="AddHand-editors">[9]</span></p>

</div>
<p style="line-height:12px;font-size:10px;font-family:arial,swiss,sans-serif;"><span style="font-weight:bold;font-size:9px;">L E G E N D :</span><br /><span style="background-color:red;color:white;"> in red </span>, modifications made by the editor(s).<br /><span style="background-color:#9900ff;color:white;"> in lavender </span>, modifications made by the assumed author(s).</p>
</td>
<td align="right" width="410" valign="top">
<a style="margin-left:100px;"  class="small" title="JPEG Image" onmouseover="window.status='View Bigger JPEG Image'; return true" onmouseout="window.status=' '; return true" href="javascript:windowBigJPEG(280,300,'toolbar=no,location=no,scrollbars=yes,resizable=yes,alwaysRaised=yes','Page #11')">View bigger image in JPEG format [ 200k ]</a></td>
</tr>
<tr>
<td valign="top" width="410" align="left"><img src="../../../scans/0006/smallJPEG/MFTP0006PG0011.JPG" /></td>
</tr>
</table>

</body>
</html>
