<?xml version="1.0" encoding="iso-8859-1" ?>

<html>

 <head>
  <title>Journal of Great Bear Lake, 1805-1806.  - Page #19</title>
  <meta http-equiv="Content-Type" content="text/html;charset=iso-8859-1" />
<META Name="author" Content="McKenzie, Alexander.">
  <link rel="stylesheet" type="text/css" href="../../../../ss/css/FurTrade_StandAlonePage.IE.css" />
 </head>
<script TYPE="text/javascript" language="JavaScript">
<!-- hide
var WinBigJPEG=null;
function Add(){
if(parent.BackLink==1)
{
parent.BackLink=" ";
return("<a href='javascript:document.rechBis.submit()' target=mainFrame>Back to search results</a> | ");
}
else
return("");
}
function windowDejaVu(URL, name, specs, nopage) {
var WinDejaVu = window.open(URL, name, specs)
WinDejaVu.document.write("<html><head><title>DejaVu Image</title><style type=\"text/css\">body {background-color:#FFFFFF;margin:0.25em;font-family:tahoma,sans-serif;font-size:8pt;letter-spacing:1pt;}</style></head><body>")
WinDejaVu.document.write("<a href=\"\" onclick=\"window.close()\">Close window / Fermer cette fen�tre</a>");
WinDejaVu.document.write("<p style=\"margin:0em;\" align=\"center\">Journal of Great Bear Lake, 1805-1806. An electronic transcription.<br />McKenzie, Alexander. <b>" + nopage + "</b></p>");WinDejaVu.document.write("<embed type=\"image/x-djvu\" pluginspace=\"http://www.djvu.com/download.html\" src=\"../../../scans/0006/DejaVu/MFTP0006Pg019.djvu\" width=\"100%\" height=\"90%\"></body>");
WinDejaVu.document.close()
}
function windowBigJPEG(width,height,specs,nopage) {
x=screen.availWidth-width-20;
if(WinBigJPEG==null)
WinBigJPEG = window.open('','','width='+width+',height='+height+',screenX='+x+',screenY=20, top=20, left='+x+specs)
		else
		{
		if(WinBigJPEG.closed)
		WinBigJPEG = window.open('','','width='+width+',height='+height+',screenX='+x+',screenY=20, top=20, left='+x+specs)
		else
		{
		WinBigJPEG.close();
		WinBigJPEG = window.open('','','width='+width+',height='+height+',screenX='+x+',screenY=20, top=20, left='+x+specs)
		WinBigJPEG.focus();
		}
		}
WinBigJPEG.document.write("<html><head><title>Bigger JPEG Image</title><style type=\"text/css\">body {background-color:#FFFFFF;margin:0.25em;font-family:tahoma,sans-serif;font-size:8pt;letter-spacing:1pt;}</style></head><body>")
WinBigJPEG.document.write("<a href=\"\" onclick=\"window.close()\">Close window / Fermer cette fen�tre</a>");
WinBigJPEG.document.write("<p style=\"margin:0em;\" align=\"center\">Journal of Great Bear Lake, 1805-1806. An electronic transcription.<br />McKenzie, Alexander. <b>" + nopage + "</b></p>");WinBigJPEG.document.write("<img src=\"../../../scans/0006/bigJPEG/MFTP0006PG0019.JPG\" /></body>");
WinBigJPEG.document.close()
}
// end hiding -->
</script>
<script language="javascript">if(parent.main2)  parent.main2.cols='0%,100%';</script>

<body>

<p class="NavBar"><script language="javascript">document.write(Add());</script><a href="../../../../search/searchfs.htm" target="mainFrame">New search</a> | <a href="notes.html">Notes</a> | <a href="abstract.html">Abstract</a></p>
<p class="NavBar"><A HREF="Pg001.html">&lt;&lt; First Page</A> | <A HREF="Pg018.html">&lt; Previous Page</A> | <span class="PageFocusOn"> Page #19 of 48</span> | <A HREF="Pg020.html"> Next Page &gt;</A> | <A HREF="Pg048.html"> Last Page &gt;&gt;</A> </p>

<table class="page" align="center" width="770" border="0">
<tr>
<td rowspan="2" width="360" valign="top">
<p class="EnTeteTranscription">McKenzie, Alexander. Journal of Great Bear Lake, 1805-1806. An electronic transcription. MFTP #0006</p><div class="ContenuPage">
<p style="text-align:justify;">June 8<sup>th</sup></p>
<p style="text-align:justify;"><span class="AddHand-editors">[A]</span> Slave arrived for Tobbaccoe for The Faroe and nine Slaves that he has with him<span class="AddHand-editors">[.]</span>  <span class="AddHand-editors">[H]</span>e is a Mountainere but has been with the Slaves several years<span class="AddHand-editors">[.]</span>  <span class="AddHand-editors">[H]</span>e is expected in the evening<span class="AddHand-editors">[.]</span>  I am very happy he is Coming as he will be of much service with me as Enterprater with the <span style="text-decoration:underline;">Quarlers</span><span class="AddHand-editors">[.]</span>  <span class="AddHand-editors">[T]</span>he men Carried 27 packs to the enterence of Bear river wich is about 3 miles from the Fort on the Ice as it tis imposible to Leave this in a Cannoe in the month of June therefore we have every thing transported to the River on the Ice<span class="AddHand-editors">[.]</span>  Rain today<span class="AddHand-editors">[.]</span>  S.W. wind<span class="AddHand-editors">[.]</span>  The Faroe arrived in the evening<span class="AddHand-editors">[.]</span>  I gave him one fathom Tobaccoe &amp; 16 pints High wines redused<span class="AddHand-editors">[.]</span></p>
<p style="text-align:justify;">9<sup>th</sup></p>
<p style="text-align:justify;">Traded 75 Beavers with the Slaves that arrived the 6<sup>th</sup><span class="AddHand-editors">[.]</span>  <span class="AddHand-editors">[S]</span>ent them a hunting<span class="AddHand-editors">[.]</span></p>
<p style="text-align:justify;">The <span style="text-decoration:underline;">Butan Bruler</span> Band arrived Slaves 14 men &amp; 2 Woman<span class="AddHand-editors">[.]</span>  I gave them in the evening 12 pints mixt H Wines <span class="DelHand-author">&amp;</span> <span class="AddHand-author">and</span> one &amp; a half fathom of Tobbaccoe<span class="AddHand-editors">[.]</span></p>
<p style="text-align:justify;">10<sup>th</sup></p>
<p style="text-align:justify;">Traded with the above Band 150 Beavers in peltries &amp; meet<span class="AddHand-editors">[.]</span>  Traded with Faroe &amp; Band 104 Beavers of peltries<span class="AddHand-editors">[.]</span>  I sent seven packs to the River<span class="AddHand-editors">[.]</span></p>
<p style="text-align:justify;">11<sup>th</sup></p>
<p style="text-align:justify;">I keep the Faroe to go with me to the Quarlers<span class="AddHand-editors">[.]</span>  <span class="AddHand-editors">[M]</span>ade 5 Toroes of 85 each<span class="AddHand-editors">[.]</span></p>
<p style="text-align:justify;">12<sup>th</sup></p>
<p style="text-align:justify;"><span class="AddHand-editors">[S]</span>ent 8 packs to the River<span class="AddHand-editors">[.]</span>  I got some Bones pounded to make Greese for one Toroe<span class="AddHand-editors">[.]</span>  <span class="AddHand-editors">[N]</span>ow I only have only Six Toroes of pemigan and only 25 of Greese in each.</p>
<p style="text-align:justify;"><span class="fw">13</span>
</p>
<p style="text-align:justify;">Sent 2 Cannoes<span class="AddHand-editors">[,]</span> one pack<span class="AddHand-editors">[,]</span> 4 Bales of meet<span class="AddHand-editors">[,]</span> 4 Bags of pounded meet<span class="AddHand-editors">[,]</span> 300 Cariboux Tongues<span class="AddHand-editors">[,]</span> one Case Ironwork, &amp; 1 Bale of goods to the River<span class="AddHand-editors">[.]</span></p>
<p style="text-align:justify;">14<sup>th</sup></p>
<p style="text-align:justify;">I took an Inventory of Goods &amp;ca left at Bear Lake<span class="AddHand-editors">[.]</span></p>
<p style="text-align:justify;">15<sup>th</sup></p>
<p style="text-align:justify;"><span class="AddHand-editors">[N]</span>othing extra<span class="AddHand-editors">[.]</span></p>
<p style="text-align:justify;">16<sup>th</sup></p>
<p style="text-align:justify;">The men went to the River to gome the two Cannoes accompanied by M<sup>r</sup> Charles Grant as he goes with me to the Quarlers, and Alex<sup>r</sup> Henry takes charge of this Post<span class="AddHand-editors">[.]</span>  Bear Lake is the Largest body of water in this Countrie and is very Clear<span class="AddHand-editors">[.]</span>  <span class="AddHand-editors">[Y]</span>ou can se the Bottom in 20 fathom watter<span class="AddHand-editors">[.]</span>  <span class="AddHand-editors">[I]</span>ts Cours is N. &amp; S.  <span class="AddHand-editors">[A]</span>t the N. end of it there is a river that goes to Copper mine River that falls in the Hudson Bay<span class="AddHand-editors">[.]</span>  The <span style="text-decoration:underline;">Eskimoes</span> has been often seen on the Borders of this Lake<span class="AddHand-editors">[.]</span>  <span class="AddHand-editors">[T]</span>here is a great Quantity of fish in it such as Trout, white fish of a very Large size 14" each and her<span class="AddHand-author">r</span>ing<span class="AddHand-editors">[.]</span>  <span class="AddHand-editors">[T]</span>he Latter is what the men live on here in the winter season<span class="AddHand-editors">[.]</span>  <span class="AddHand-editors">[T]</span>hey spur them &amp; take them in nets about two miles from the Fort &amp; <span class="DelHand-author">Trout</span> the Trout they take on Lines sett under the Ice<span class="AddHand-editors">[.]</span></p>

<p align="page-number"><span class="AddHand-editors">[17]</span></p>

</div>
<p style="line-height:12px;font-size:10px;font-family:arial,swiss,sans-serif;"><span style="font-weight:bold;font-size:9px;">L E G E N D :</span><br /><span style="background-color:red;color:white;"> in red </span>, modifications made by the editor(s).<br /><span style="background-color:#9900ff;color:white;"> in lavender </span>, modifications made by the assumed author(s).</p>
</td>
<td align="right" width="410" valign="top">
<a style="margin-left:100px;"  class="small" title="JPEG Image" onmouseover="window.status='View Bigger JPEG Image'; return true" onmouseout="window.status=' '; return true" href="javascript:windowBigJPEG(280,300,'toolbar=no,location=no,scrollbars=yes,resizable=yes,alwaysRaised=yes','Page #19')">View bigger image in JPEG format [ 187k ]</a></td>
</tr>
<tr>
<td valign="top" width="410" align="left"><img src="../../../scans/0006/smallJPEG/MFTP0006PG0019.JPG" /></td>
</tr>
</table>

</body>
</html>
