<?xml version="1.0" encoding="iso-8859-1" ?>

<html>

 <head>
  <title>Journal of Great Bear Lake, 1805-1806.  - Page #10</title>
  <meta http-equiv="Content-Type" content="text/html;charset=iso-8859-1" />
<META Name="author" Content="McKenzie, Alexander.">
  <link rel="stylesheet" type="text/css" href="../../../../ss/css/FurTrade_StandAlonePage.IE.css" />
 </head>
<script TYPE="text/javascript" language="JavaScript">
<!-- hide
var WinBigJPEG=null;
function Add(){
if(parent.BackLink==1)
{
parent.BackLink=" ";
return("<a href='javascript:document.rechBis.submit()' target=mainFrame>Back to search results</a> | ");
}
else
return("");
}
function windowDejaVu(URL, name, specs, nopage) {
var WinDejaVu = window.open(URL, name, specs)
WinDejaVu.document.write("<html><head><title>DejaVu Image</title><style type=\"text/css\">body {background-color:#FFFFFF;margin:0.25em;font-family:tahoma,sans-serif;font-size:8pt;letter-spacing:1pt;}</style></head><body>")
WinDejaVu.document.write("<a href=\"\" onclick=\"window.close()\">Close window / Fermer cette fen�tre</a>");
WinDejaVu.document.write("<p style=\"margin:0em;\" align=\"center\">Journal of Great Bear Lake, 1805-1806. An electronic transcription.<br />McKenzie, Alexander. <b>" + nopage + "</b></p>");WinDejaVu.document.write("<embed type=\"image/x-djvu\" pluginspace=\"http://www.djvu.com/download.html\" src=\"../../../scans/0006/DejaVu/MFTP0006Pg010.djvu\" width=\"100%\" height=\"90%\"></body>");
WinDejaVu.document.close()
}
function windowBigJPEG(width,height,specs,nopage) {
x=screen.availWidth-width-20;
if(WinBigJPEG==null)
WinBigJPEG = window.open('','','width='+width+',height='+height+',screenX='+x+',screenY=20, top=20, left='+x+specs)
		else
		{
		if(WinBigJPEG.closed)
		WinBigJPEG = window.open('','','width='+width+',height='+height+',screenX='+x+',screenY=20, top=20, left='+x+specs)
		else
		{
		WinBigJPEG.close();
		WinBigJPEG = window.open('','','width='+width+',height='+height+',screenX='+x+',screenY=20, top=20, left='+x+specs)
		WinBigJPEG.focus();
		}
		}
WinBigJPEG.document.write("<html><head><title>Bigger JPEG Image</title><style type=\"text/css\">body {background-color:#FFFFFF;margin:0.25em;font-family:tahoma,sans-serif;font-size:8pt;letter-spacing:1pt;}</style></head><body>")
WinBigJPEG.document.write("<a href=\"\" onclick=\"window.close()\">Close window / Fermer cette fen�tre</a>");
WinBigJPEG.document.write("<p style=\"margin:0em;\" align=\"center\">Journal of Great Bear Lake, 1805-1806. An electronic transcription.<br />McKenzie, Alexander. <b>" + nopage + "</b></p>");WinBigJPEG.document.write("<img src=\"../../../scans/0006/bigJPEG/MFTP0006PG0010.JPG\" /></body>");
WinBigJPEG.document.close()
}
// end hiding -->
</script>
<script language="javascript">if(parent.main2)  parent.main2.cols='0%,100%';</script>

<body>

<p class="NavBar"><script language="javascript">document.write(Add());</script><a href="../../../../search/searchfs.htm" target="mainFrame">New search</a> | <a href="notes.html">Notes</a> | <a href="abstract.html">Abstract</a></p>
<p class="NavBar"><A HREF="Pg001.html">&lt;&lt; First Page</A> | <A HREF="Pg009.html">&lt; Previous Page</A> | <span class="PageFocusOn"> Page #10 of 48</span> | <A HREF="Pg011.html"> Next Page &gt;</A> | <A HREF="Pg048.html"> Last Page &gt;&gt;</A> </p>

<table class="page" align="center" width="770" border="0">
<tr>
<td rowspan="2" width="360" valign="top">
<p class="EnTeteTranscription">McKenzie, Alexander. Journal of Great Bear Lake, 1805-1806. An electronic transcription. MFTP #0006</p><div class="ContenuPage">
<p style="text-align:justify;">24<sup>th</sup> November</p>
<p style="text-align:justify;">The two Indians <span style="text-decoration:underline;">Red Knives</span> left this for Bear Island<span class="AddHand-editors">[.]</span>  I wrote by them to M<sup>r</sup> Henry and sent him an acc<sup>t</sup> of the Goods and Indian Credits &amp;ca<span class="AddHand-editors">[.]</span></p>
<p style="text-align:justify;">25<sup>th</sup></p>
<p style="text-align:justify;">I went to Karkares Lodge about 4 miles from the Fort<span class="AddHand-editors">[.]</span>  I got 6 Beaverskins and one Karkagan<span class="AddHand-editors">[.]</span></p>
<p style="text-align:justify;">26<sup>th</sup></p>
<p style="text-align:justify;">18 Below 0.</p>
<p style="text-align:justify;">27<sup>th</sup></p>
<p style="text-align:justify;">14 <span class="AddHand-editors">[Below]</span> 0<span class="AddHand-editors">[.]</span></p>
<p style="text-align:justify;">28<sup>th</sup></p>
<p style="text-align:justify;">14 <span class="AddHand-editors">[Below]</span> 0.  <span class="AddHand-editors">[T]</span>he men did not visit the nets<span class="AddHand-editors">[.]</span>  I gave them nothing to eat and informed them that when they did not visit them they should go without provisions<span class="AddHand-editors">[.]</span>  <span class="AddHand-editors">[T]</span>hey Complained of the wind on the Lake I gave them a Beaver Robe for the winter<span class="AddHand-editors">[.]</span></p>
<p style="text-align:justify;">29<sup>th</sup></p>
<p style="text-align:justify;">18 Below 0<span class="AddHand-editors">[.]</span>  I made 102 Candels<span class="AddHand-editors">[.]</span></p>
<p style="text-align:justify;">30<sup>th</sup></p>
<p style="text-align:justify;">30 <span class="AddHand-editors">[Below]</span> 0<span class="AddHand-editors">[.]</span>  The Enterpratar is Confined with a swelling in his Knee<span class="AddHand-editors">[.]</span></p>
<p style="text-align:justify;">1 Dece<sup>r</sup></p>
<p style="text-align:justify;">16 Below 0.  <span class="AddHand-editors">[T]</span>he Hunter is gone to the Chase<span class="AddHand-editors">[.]</span></p>
<p style="text-align:justify;">2<sup>nd</sup></p>
<p style="text-align:justify;">27 <span class="AddHand-editors">[Below]</span> 0<span class="AddHand-editors">[.]</span></p>
<p style="text-align:justify;">3<sup>rd</sup></p>
<p style="text-align:justify;"><span class="AddHand-editors">[T]</span>he Hunter came home with four Carriboux Tongues<span class="AddHand-editors">[.]</span>  <span class="AddHand-editors">[H]</span>e was very unwell.  <span class="AddHand-editors">[A]</span> little thing makes the Indians of this Countrie Complain, and as little will make them well for I have gave them a fill of Tea or warm watter and in two Hours they were quite recovered.</p>
<p style="text-align:justify;">4<sup>th</sup></p>
<p style="text-align:justify;">I sent 3 men for the meet<span class="AddHand-editors">[.]</span>  <span class="AddHand-editors">[T]</span>hey Were to se if Karkara had not Killed any as he was a hunting that way<span class="AddHand-editors">[.]</span></p>
<p style="text-align:justify;">5<sup>th</sup></p>
<p style="text-align:justify;">18 below 0.  <span class="AddHand-editors">[N]</span>o fresh meet we supped on pounded meet<span class="AddHand-editors">[.]</span></p>
<p style="text-align:justify;">6<sup>th</sup></p>
<p style="text-align:justify;">24 <span class="AddHand-editors">[below]</span> 0<span class="AddHand-editors">[.]</span>  <span class="AddHand-editors">[No fresh meet we supped on pounded meet.]</span></p>
<p style="text-align:justify;">7<sup>th</sup></p>
<p style="text-align:justify;">The Men arrived with the meet of 5 Carribouxs<span class="AddHand-editors">[.]</span>  <span class="AddHand-editors">[A]</span>s Karkara had Killed one he arrived with them<span class="AddHand-editors">[.]</span>  <span class="AddHand-editors">[F]</span>or his Carriboux and 2 martins I gave him a pint of mixt H Wines of which he gave part to the Hunter.  <span class="AddHand-editors">[T]</span>he Latter had likewise a pint which made them pass a jovial night<span class="AddHand-editors">[.]</span></p>
<p style="text-align:justify;">The hunter requested of me to permit him to go to the Rappid Indians as they always had a great deal of Beaver and did not come to the Fort to trade which would enable him to pay his debt<span class="AddHand-editors">[.]</span>  I told him that he should have my Leave to go when he returned from the Chase as I had gave him powder and Ball for the next morning<span class="AddHand-editors">[.]</span></p>
<p style="text-align:justify;">8<sup>th</sup></p>
<p style="text-align:justify;"><span class="AddHand-editors">[G]</span>ave Karkara 2 nets to put in the watter for the Fort as the men only got 32 pieces of fish out of 8 nets<span class="AddHand-editors">[.]</span>  22 below 0.  <span class="AddHand-editors">[T]</span>he Hunter is gone to the Chase<span class="AddHand-editors">[.]</span></p>

<p align="page-number"><span class="AddHand-editors">[8]</span></p>

</div>
<p style="line-height:12px;font-size:10px;font-family:arial,swiss,sans-serif;"><span style="font-weight:bold;font-size:9px;">L E G E N D :</span><br /><span style="background-color:red;color:white;"> in red </span>, modifications made by the editor(s).<br /><span style="background-color:#9900ff;color:white;"> in lavender </span>, modifications made by the assumed author(s).</p>
</td>
<td align="right" width="410" valign="top">
<a style="margin-left:100px;"  class="small" title="JPEG Image" onmouseover="window.status='View Bigger JPEG Image'; return true" onmouseout="window.status=' '; return true" href="javascript:windowBigJPEG(280,300,'toolbar=no,location=no,scrollbars=yes,resizable=yes,alwaysRaised=yes','Page #10')">View bigger image in JPEG format [ 205k ]</a></td>
</tr>
<tr>
<td valign="top" width="410" align="left"><img src="../../../scans/0006/smallJPEG/MFTP0006PG0010.JPG" /></td>
</tr>
</table>

</body>
</html>
