<?xml version="1.0" encoding="iso-8859-1" ?>

<html>

 <head>
  <title>Journal of Great Bear Lake, 1805-1806.  - Page #13</title>
  <meta http-equiv="Content-Type" content="text/html;charset=iso-8859-1" />
<META Name="author" Content="McKenzie, Alexander.">
  <link rel="stylesheet" type="text/css" href="../../../../ss/css/FurTrade_StandAlonePage.IE.css" />
 </head>
<script TYPE="text/javascript" language="JavaScript">
<!-- hide
var WinBigJPEG=null;
function Add(){
if(parent.BackLink==1)
{
parent.BackLink=" ";
return("<a href='javascript:document.rechBis.submit()' target=mainFrame>Back to search results</a> | ");
}
else
return("");
}
function windowDejaVu(URL, name, specs, nopage) {
var WinDejaVu = window.open(URL, name, specs)
WinDejaVu.document.write("<html><head><title>DejaVu Image</title><style type=\"text/css\">body {background-color:#FFFFFF;margin:0.25em;font-family:tahoma,sans-serif;font-size:8pt;letter-spacing:1pt;}</style></head><body>")
WinDejaVu.document.write("<a href=\"\" onclick=\"window.close()\">Close window / Fermer cette fen�tre</a>");
WinDejaVu.document.write("<p style=\"margin:0em;\" align=\"center\">Journal of Great Bear Lake, 1805-1806. An electronic transcription.<br />McKenzie, Alexander. <b>" + nopage + "</b></p>");WinDejaVu.document.write("<embed type=\"image/x-djvu\" pluginspace=\"http://www.djvu.com/download.html\" src=\"../../../scans/0006/DejaVu/MFTP0006Pg013.djvu\" width=\"100%\" height=\"90%\"></body>");
WinDejaVu.document.close()
}
function windowBigJPEG(width,height,specs,nopage) {
x=screen.availWidth-width-20;
if(WinBigJPEG==null)
WinBigJPEG = window.open('','','width='+width+',height='+height+',screenX='+x+',screenY=20, top=20, left='+x+specs)
		else
		{
		if(WinBigJPEG.closed)
		WinBigJPEG = window.open('','','width='+width+',height='+height+',screenX='+x+',screenY=20, top=20, left='+x+specs)
		else
		{
		WinBigJPEG.close();
		WinBigJPEG = window.open('','','width='+width+',height='+height+',screenX='+x+',screenY=20, top=20, left='+x+specs)
		WinBigJPEG.focus();
		}
		}
WinBigJPEG.document.write("<html><head><title>Bigger JPEG Image</title><style type=\"text/css\">body {background-color:#FFFFFF;margin:0.25em;font-family:tahoma,sans-serif;font-size:8pt;letter-spacing:1pt;}</style></head><body>")
WinBigJPEG.document.write("<a href=\"\" onclick=\"window.close()\">Close window / Fermer cette fen�tre</a>");
WinBigJPEG.document.write("<p style=\"margin:0em;\" align=\"center\">Journal of Great Bear Lake, 1805-1806. An electronic transcription.<br />McKenzie, Alexander. <b>" + nopage + "</b></p>");WinBigJPEG.document.write("<img src=\"../../../scans/0006/bigJPEG/MFTP0006PG0013.JPG\" /></body>");
WinBigJPEG.document.close()
}
// end hiding -->
</script>
<script language="javascript">if(parent.main2)  parent.main2.cols='0%,100%';</script>

<body>

<p class="NavBar"><script language="javascript">document.write(Add());</script><a href="../../../../search/searchfs.htm" target="mainFrame">New search</a> | <a href="notes.html">Notes</a> | <a href="abstract.html">Abstract</a></p>
<p class="NavBar"><A HREF="Pg001.html">&lt;&lt; First Page</A> | <A HREF="Pg012.html">&lt; Previous Page</A> | <span class="PageFocusOn"> Page #13 of 48</span> | <A HREF="Pg014.html"> Next Page &gt;</A> | <A HREF="Pg048.html"> Last Page &gt;&gt;</A> </p>

<table class="page" align="center" width="770" border="0">
<tr>
<td rowspan="2" width="360" valign="top">
<p class="EnTeteTranscription">McKenzie, Alexander. Journal of Great Bear Lake, 1805-1806. An electronic transcription. MFTP #0006</p><div class="ContenuPage">
<p style="text-align:justify;">McKenzies River<span class="AddHand-editors">[.]</span>  1 Toro<sup>e</sup> of Pemigan &amp; 30 fish for the dogs<span class="AddHand-editors">[.]</span>  Karkara to Guide them to the <span style="text-decoration:underline;">Gro</span><span style="text-decoration:underline;">. </span><span style="text-decoration:underline;">Rosher</span><span class="AddHand-editors">[.]</span></p>
<p style="text-align:justify;">31<sup>st</sup></p>
<p style="text-align:justify;">5 below 0.</p>
<p style="text-align:justify;">1<sup>st</sup> February</p>
<p style="text-align:justify;">25 <span class="AddHand-editors">[below]</span> 0.  <span class="AddHand-editors">[A]</span>t Night Karkara returned and informed me that Gilbore &amp; Le Rocque had gone by martin Lake<span class="AddHand-editors">[.]</span>  I told M<sup>r</sup> Grant<span class="AddHand-editors">[,]</span> Ranger and Neneauzie to be ready the 2<sup>nd</sup> in the morning to go after them and to bring Back my letters for M<sup>c</sup>Kenzies River<span class="AddHand-editors">[.]</span>  <span class="AddHand-editors">[W]</span>hat can be done with such d<sup>d</sup> R__<span class="AddHand-editors">[.]</span>  Gilbore behaved as bad with M<sup>r</sup> I M<sup>c</sup>Donell at Slave lake last winter<span class="AddHand-editors">[.]</span>  <span class="AddHand-editors">[I]</span>n sted of remaining with the Indians he sent him with he went to Arthabaska where he was rece<sup>d</sup> with a quart of high Wines on the Table<span class="AddHand-editors">[.]</span></p>
<p style="text-align:justify;">2<sup>nd</sup></p>
<p style="text-align:justify;">M<sup>r</sup> Grant left this at 10 O Clock with Ranger &amp; the Indian<span class="AddHand-editors">[,]</span> my Dog for to Carry their provisions &amp;ca<span class="AddHand-editors">[.]</span></p>
<p style="text-align:justify;">3<sup>rd</sup></p>
<p style="text-align:justify;">Sonsols arrived from M<sup>r</sup> Henrys very weak and a letter from M<sup>r</sup> Henry<span class="AddHand-editors">[.]</span>  <span class="AddHand-editors">[N]</span>o packs or provisions there<span class="AddHand-editors">[.]</span></p>
<p style="text-align:justify;">4<sup>th</sup></p>
<p style="text-align:justify;">10 below 0.  <span class="AddHand-editors">[N]</span>othing extra<span class="AddHand-editors">[.]</span></p>
<p style="text-align:justify;">5<sup>th</sup></p>
<p style="text-align:justify;">M<sup>r</sup> Grant &amp; Ranger returned as the former was taken very Ill and Could not Continue his journie but sent the Indian to M<sup>r</sup> Henrys with my letter<span class="AddHand-editors">[.]</span></p>
<p style="text-align:justify;">6<sup>th</sup></p>
<p style="text-align:justify;">15 Below 0.</p>
<p style="text-align:justify;">7<sup>th</sup></p>
<p style="text-align:justify;">I sent Ranger &amp; a Indian to M<sup>r</sup> Henrys fort to send the Peltries he had made or provisions.  <span class="AddHand-editors">[W]</span>ith his men such as those he had nothing else for them to do for keeping men doing nothing is the Ruin of them as I understood was the case there<span class="AddHand-editors">[.]</span></p>
<p style="text-align:justify;">8<sup>th</sup></p>
<p style="text-align:justify;">42 below 0<span class="AddHand-editors">[.]</span>  <span class="AddHand-editors">[T]</span>o the 11<sup>th</sup> nothing extra<span class="AddHand-editors">[.]</span></p>
<p style="text-align:justify;">12<sup>th</sup></p>
<p style="text-align:justify;">M<sup>r</sup> Grant went and Camped with the fishermen<span class="AddHand-editors">[.]</span></p>
<p style="text-align:justify;">13<sup>th</sup></p>
<p style="text-align:justify;"><span class="AddHand-editors">[N]</span>othing extra<span class="AddHand-editors">[.]</span>  25 below 0.</p>
<p style="text-align:justify;">14<sup>th</sup></p>
<p style="text-align:justify;">30 below 0<span class="AddHand-editors">[.]</span>  <span class="AddHand-editors">[T]</span>wo Slave Indians arrived with 28 Beavers in peltrie<span class="AddHand-editors">[.]</span></p>
<p style="text-align:justify;">15<sup>th</sup></p>
<p style="text-align:justify;"><span class="AddHand-editors">[T]</span>he two Indians got Credit and returned to their Lodges contented and have promised to return to the Fort in the Spring<span class="AddHand-editors">[.]</span></p>
<p style="text-align:justify;">16<sup>th</sup></p>
<p style="text-align:justify;">22 below 0<span class="AddHand-editors">[.]</span>  <span style="text-decoration:underline;">Naneauzie</span> arrived with the Indian I sent with Ranger from Bear Island and no letter from M<sup>r</sup> Henry<span class="AddHand-editors">[.]</span>  <span class="AddHand-editors">[T]</span>he Indian that went with Ranger returned about 15 miles on this side of Bear Island<span class="AddHand-editors">[.]</span>  Ranger prosided alone<span class="AddHand-editors">[.]</span></p>
<p style="text-align:justify;">Monday 17<sup>th</sup></p>
<p style="text-align:justify;">46 Below 0.  Pascal Sovie arrived with two Indians from the Forks with the Express<span class="AddHand-editors">[.]</span></p>
<p style="text-align:justify;">18<sup>th</sup></p>
<p style="text-align:justify;">46 Below 0.</p>
<p style="text-align:justify;">19<sup>th</sup></p>
<p style="text-align:justify;">46 Below 0<span class="AddHand-editors">[.]</span></p>
<p style="text-align:justify;">20<sup>th</sup></p>
<p style="text-align:justify;">63 Below 0<span class="AddHand-editors">[.]</span>  I sent Sovie &amp; his 2 Indians to the forks and Ettier to a Band of Indians that was at the Big Lake to encourage them to work and only to remain there 3 days<span class="AddHand-editors">[.]</span></p>
<p style="text-align:justify;">21 to the 27<sup>th</sup></p>
<p style="text-align:justify;"><span class="AddHand-editors">[N]</span>othing extra<span class="AddHand-editors">[.]</span>  Cold weather<span class="AddHand-editors">[.]</span></p>

<p align="page-number"><span class="AddHand-editors">[11]</span></p>

</div>
<p style="line-height:12px;font-size:10px;font-family:arial,swiss,sans-serif;"><span style="font-weight:bold;font-size:9px;">L E G E N D :</span><br /><span style="background-color:red;color:white;"> in red </span>, modifications made by the editor(s).<br /><span style="background-color:#9900ff;color:white;"> in lavender </span>, modifications made by the assumed author(s).</p>
</td>
<td align="right" width="410" valign="top">
<a style="margin-left:100px;"  class="small" title="JPEG Image" onmouseover="window.status='View Bigger JPEG Image'; return true" onmouseout="window.status=' '; return true" href="javascript:windowBigJPEG(280,300,'toolbar=no,location=no,scrollbars=yes,resizable=yes,alwaysRaised=yes','Page #13')">View bigger image in JPEG format [ 185k ]</a></td>
</tr>
<tr>
<td valign="top" width="410" align="left"><img src="../../../scans/0006/smallJPEG/MFTP0006PG0013.JPG" /></td>
</tr>
</table>

</body>
</html>
