<?xml version="1.0" encoding="iso-8859-1" ?>

<html>

 <head>
  <title>Journal of Great Bear Lake, 1805-1806.  - Page #23</title>
  <meta http-equiv="Content-Type" content="text/html;charset=iso-8859-1" />
<META Name="author" Content="McKenzie, Alexander.">
  <link rel="stylesheet" type="text/css" href="../../../../ss/css/FurTrade_StandAlonePage.IE.css" />
 </head>
<script TYPE="text/javascript" language="JavaScript">
<!-- hide
var WinBigJPEG=null;
function Add(){
if(parent.BackLink==1)
{
parent.BackLink=" ";
return("<a href='javascript:document.rechBis.submit()' target=mainFrame>Back to search results</a> | ");
}
else
return("");
}
function windowDejaVu(URL, name, specs, nopage) {
var WinDejaVu = window.open(URL, name, specs)
WinDejaVu.document.write("<html><head><title>DejaVu Image</title><style type=\"text/css\">body {background-color:#FFFFFF;margin:0.25em;font-family:tahoma,sans-serif;font-size:8pt;letter-spacing:1pt;}</style></head><body>")
WinDejaVu.document.write("<a href=\"\" onclick=\"window.close()\">Close window / Fermer cette fen�tre</a>");
WinDejaVu.document.write("<p style=\"margin:0em;\" align=\"center\">Journal of Great Bear Lake, 1805-1806. An electronic transcription.<br />McKenzie, Alexander. <b>" + nopage + "</b></p>");WinDejaVu.document.write("<embed type=\"image/x-djvu\" pluginspace=\"http://www.djvu.com/download.html\" src=\"../../../scans/0006/DejaVu/MFTP0006Pg023.djvu\" width=\"100%\" height=\"90%\"></body>");
WinDejaVu.document.close()
}
function windowBigJPEG(width,height,specs,nopage) {
x=screen.availWidth-width-20;
if(WinBigJPEG==null)
WinBigJPEG = window.open('','','width='+width+',height='+height+',screenX='+x+',screenY=20, top=20, left='+x+specs)
		else
		{
		if(WinBigJPEG.closed)
		WinBigJPEG = window.open('','','width='+width+',height='+height+',screenX='+x+',screenY=20, top=20, left='+x+specs)
		else
		{
		WinBigJPEG.close();
		WinBigJPEG = window.open('','','width='+width+',height='+height+',screenX='+x+',screenY=20, top=20, left='+x+specs)
		WinBigJPEG.focus();
		}
		}
WinBigJPEG.document.write("<html><head><title>Bigger JPEG Image</title><style type=\"text/css\">body {background-color:#FFFFFF;margin:0.25em;font-family:tahoma,sans-serif;font-size:8pt;letter-spacing:1pt;}</style></head><body>")
WinBigJPEG.document.write("<a href=\"\" onclick=\"window.close()\">Close window / Fermer cette fen�tre</a>");
WinBigJPEG.document.write("<p style=\"margin:0em;\" align=\"center\">Journal of Great Bear Lake, 1805-1806. An electronic transcription.<br />McKenzie, Alexander. <b>" + nopage + "</b></p>");WinBigJPEG.document.write("<img src=\"../../../scans/0006/bigJPEG/MFTP0006PG0023.JPG\" /></body>");
WinBigJPEG.document.close()
}
// end hiding -->
</script>
<script language="javascript">if(parent.main2)  parent.main2.cols='0%,100%';</script>

<body>

<p class="NavBar"><script language="javascript">document.write(Add());</script><a href="../../../../search/searchfs.htm" target="mainFrame">New search</a> | <a href="notes.html">Notes</a> | <a href="abstract.html">Abstract</a></p>
<p class="NavBar"><A HREF="Pg001.html">&lt;&lt; First Page</A> | <A HREF="Pg022.html">&lt; Previous Page</A> | <span class="PageFocusOn"> Page #23 of 48</span> | <A HREF="Pg024.html"> Next Page &gt;</A> | <A HREF="Pg048.html"> Last Page &gt;&gt;</A> </p>

<table class="page" align="center" width="770" border="0">
<tr>
<td rowspan="2" width="360" valign="top">
<p class="EnTeteTranscription">McKenzie, Alexander. Journal of Great Bear Lake, 1805-1806. An electronic transcription. MFTP #0006</p><div class="ContenuPage">
<p style="text-align:justify;">28<sup>th</sup></p>
<p style="text-align:justify;">Encamped at the <span style="text-decoration:underline;">Gro Roshe</span> at 6 O Clock<span class="AddHand-editors">[.]</span>  Rain &amp; head wind<span class="AddHand-editors">[.]</span></p>
<p style="text-align:justify;">29<sup>th</sup></p>
<p style="text-align:justify;">Embarked at 5 O Clock<span class="AddHand-editors">[.]</span>  <span class="AddHand-editors">[A]</span>t 6 O Clock saw a Carriboux but the sight was all<span class="AddHand-editors">[.]</span>  <span class="AddHand-editors">[A]</span>t 9 O Clock put a shore on the Beaver Tail wich is a small Island oposite the Beaver mountain<span class="AddHand-editors">[.]</span>  <span class="AddHand-editors">[H]</span>ere I gave every man 12 Rounds of amunition<span class="AddHand-editors">[.]</span>  <span class="AddHand-editors">[A]</span>t 4 O Clock in the evening arrived at a Camp of 5 Indians and one woman traded 86 Beavers, one of which was called <span style="text-decoration:underline;">Cene</span> or Rappid Chief that never had been at any fort<span class="AddHand-editors">[.]</span>  <span class="AddHand-editors">[H]</span>e had seen Sir Alex<sup>r</sup> M<sup>c</sup>Kenzie and spoke of him and sid he would be glad to se his <span style="text-decoration:underline;">Comerade</span> again<span class="AddHand-editors">[.]</span>  <span class="AddHand-editors">[H]</span>is wife was a very deasent old <span class="DelHand-author">Lady</span> Woman<span class="AddHand-editors">[.]</span>  I left  Laprise &amp; Leprad 3 Toroes<span class="AddHand-editors">[,]</span> 1 Bag pounded meet<span class="AddHand-editors">[,]</span> 8 knives<span class="AddHand-editors">[,]</span> 3 awls<span class="AddHand-editors">[,]</span> 3 fiersteels &amp; 2 packs here and Embarked the Rappid Chief as he was acquainted with the Quarlers<span class="AddHand-editors">[.]</span></p>
<p style="text-align:justify;">Monday 30<sup>th</sup></p>
<p style="text-align:justify;">Embarked at 4 O Clock, 2 Cannoes<span class="AddHand-editors">[,]</span> 6 Indians<span class="AddHand-editors">[,]</span> 6 frenchmen<span class="AddHand-editors">[,]</span> M<sup>r</sup> C. Grant &amp; myself<span class="AddHand-editors">[,]</span> 2 Bags pemegan<span class="AddHand-editors">[,]</span> 1 Bag pounded meet and 100 Carriboux Tongues.  <span class="AddHand-editors">[E]</span>at Breakfast oposite the eskimo river (the reason this is Called Eskimo river<span class="AddHand-editors">[,]</span> last year 30 Cannoes of them came up and encamped two days in this river<span class="AddHand-editors">[.]</span>  <span class="AddHand-editors">[N]</span>ot being able to se any of the Quarlers they returned to the sea Coast<span class="AddHand-editors">[).]</span>  <span class="AddHand-editors">[E]</span>ncamped at 7 O Clock a medesor point<span class="AddHand-editors">[.]</span>  <span class="AddHand-editors">[T]</span>he Rapid Chief Cungured most of the time we was on shore (for I cannot say night)<span class="AddHand-editors">[.]</span>  <span class="AddHand-editors">[T]</span>hey informed me that about 12 O Clock next day we would se where Indians had been and in the evening we would se the Indians but that they would not be able to purches all my goods and more than I wish to put to paper<span class="AddHand-editors">[.]</span></p>
<p style="text-align:justify;">July 1<sup>st</sup></p>
<p style="text-align:justify;">Embarked at 3 O Clock<span class="AddHand-editors">[.]</span>  <span class="AddHand-editors">[A]</span>t 7 saw a Hare Indian and family<span class="AddHand-editors">[.]</span>  <span class="AddHand-editors">[H]</span>e had a Beaver shirt for which he wanted a small ax<span class="AddHand-editors">[.]</span>  <span class="AddHand-editors">[A]</span>s he had only Stone axes, not finding it was the prise of a ax I told him to set snares for Carriboux and have meet when I would return and then I would trade with him<span class="AddHand-editors">[.]</span>  I gave him 4 Inches of Tobbaccoe<span class="AddHand-editors">[.]</span>  <span class="AddHand-editors">[H]</span>e then informed me that he had seen smoke not at a great distance down the River which he suposed to be <span style="text-decoration:underline;">Quarlers</span><span class="AddHand-editors">[.]</span>  I Embarked and at 12 O Clock arrived at (<span style="text-decoration:underline;">Trading River</span>) where we discovered tracks &amp; found a stone ax and wood for a Cannoe<span class="AddHand-editors">[.]</span>  I send three Indians in serch of them<span class="AddHand-editors">[.]</span>  <span class="AddHand-editors">[T]</span>he Farroe &amp; two others found 4 of the <span style="text-decoration:underline;">Quarlers</span> which they Bro<sup>t</sup> to our camp<span class="AddHand-editors">[,]</span> all the rest had deserted<span class="AddHand-editors">[.]</span>  I gave them a dram &amp; a little sugar<span class="AddHand-editors">[.]</span></p>
<p style="text-align:right;">I sent one of them</p>

<p align="page-number"><span class="AddHand-editors">[21]</span></p>

</div>
<p style="line-height:12px;font-size:10px;font-family:arial,swiss,sans-serif;"><span style="font-weight:bold;font-size:9px;">L E G E N D :</span><br /><span style="background-color:red;color:white;"> in red </span>, modifications made by the editor(s).<br /><span style="background-color:#9900ff;color:white;"> in lavender </span>, modifications made by the assumed author(s).</p>
</td>
<td align="right" width="410" valign="top">
<a style="margin-left:100px;"  class="small" title="JPEG Image" onmouseover="window.status='View Bigger JPEG Image'; return true" onmouseout="window.status=' '; return true" href="javascript:windowBigJPEG(280,300,'toolbar=no,location=no,scrollbars=yes,resizable=yes,alwaysRaised=yes','Page #23')">View bigger image in JPEG format [ 192k ]</a></td>
</tr>
<tr>
<td valign="top" width="410" align="left"><img src="../../../scans/0006/smallJPEG/MFTP0006PG0023.JPG" /></td>
</tr>
</table>

</body>
</html>
