<?xml version="1.0" encoding="iso-8859-1" ?>

<html>

 <head>
  <title>Journal of Great Bear Lake, 1805-1806.  - Page #24</title>
  <meta http-equiv="Content-Type" content="text/html;charset=iso-8859-1" />
<META Name="author" Content="McKenzie, Alexander.">
  <link rel="stylesheet" type="text/css" href="../../../../ss/css/FurTrade_StandAlonePage.IE.css" />
 </head>
<script TYPE="text/javascript" language="JavaScript">
<!-- hide
var WinBigJPEG=null;
function Add(){
if(parent.BackLink==1)
{
parent.BackLink=" ";
return("<a href='javascript:document.rechBis.submit()' target=mainFrame>Back to search results</a> | ");
}
else
return("");
}
function windowDejaVu(URL, name, specs, nopage) {
var WinDejaVu = window.open(URL, name, specs)
WinDejaVu.document.write("<html><head><title>DejaVu Image</title><style type=\"text/css\">body {background-color:#FFFFFF;margin:0.25em;font-family:tahoma,sans-serif;font-size:8pt;letter-spacing:1pt;}</style></head><body>")
WinDejaVu.document.write("<a href=\"\" onclick=\"window.close()\">Close window / Fermer cette fen�tre</a>");
WinDejaVu.document.write("<p style=\"margin:0em;\" align=\"center\">Journal of Great Bear Lake, 1805-1806. An electronic transcription.<br />McKenzie, Alexander. <b>" + nopage + "</b></p>");WinDejaVu.document.write("<embed type=\"image/x-djvu\" pluginspace=\"http://www.djvu.com/download.html\" src=\"../../../scans/0006/DejaVu/MFTP0006Pg024.djvu\" width=\"100%\" height=\"90%\"></body>");
WinDejaVu.document.close()
}
function windowBigJPEG(width,height,specs,nopage) {
x=screen.availWidth-width-20;
if(WinBigJPEG==null)
WinBigJPEG = window.open('','','width='+width+',height='+height+',screenX='+x+',screenY=20, top=20, left='+x+specs)
		else
		{
		if(WinBigJPEG.closed)
		WinBigJPEG = window.open('','','width='+width+',height='+height+',screenX='+x+',screenY=20, top=20, left='+x+specs)
		else
		{
		WinBigJPEG.close();
		WinBigJPEG = window.open('','','width='+width+',height='+height+',screenX='+x+',screenY=20, top=20, left='+x+specs)
		WinBigJPEG.focus();
		}
		}
WinBigJPEG.document.write("<html><head><title>Bigger JPEG Image</title><style type=\"text/css\">body {background-color:#FFFFFF;margin:0.25em;font-family:tahoma,sans-serif;font-size:8pt;letter-spacing:1pt;}</style></head><body>")
WinBigJPEG.document.write("<a href=\"\" onclick=\"window.close()\">Close window / Fermer cette fen�tre</a>");
WinBigJPEG.document.write("<p style=\"margin:0em;\" align=\"center\">Journal of Great Bear Lake, 1805-1806. An electronic transcription.<br />McKenzie, Alexander. <b>" + nopage + "</b></p>");WinBigJPEG.document.write("<img src=\"../../../scans/0006/bigJPEG/MFTP0006PG0024.JPG\" /></body>");
WinBigJPEG.document.close()
}
// end hiding -->
</script>
<script language="javascript">if(parent.main2)  parent.main2.cols='0%,100%';</script>

<body>

<p class="NavBar"><script language="javascript">document.write(Add());</script><a href="../../../../search/searchfs.htm" target="mainFrame">New search</a> | <a href="notes.html">Notes</a> | <a href="abstract.html">Abstract</a></p>
<p class="NavBar"><A HREF="Pg001.html">&lt;&lt; First Page</A> | <A HREF="Pg023.html">&lt; Previous Page</A> | <span class="PageFocusOn"> Page #24 of 48</span> | <A HREF="Pg025.html"> Next Page &gt;</A> | <A HREF="Pg048.html"> Last Page &gt;&gt;</A> </p>

<table class="page" align="center" width="770" border="0">
<tr>
<td rowspan="2" width="360" valign="top">
<p class="EnTeteTranscription">McKenzie, Alexander. Journal of Great Bear Lake, 1805-1806. An electronic transcription. MFTP #0006</p><div class="ContenuPage">
<p style="text-align:justify;">July 1<sup>st</sup></p>
<p style="text-align:justify;">I sent one of them Back with four of my men to acquaint his relations that we came to make friends with them and to trade with them<span class="AddHand-editors">[.]</span>  <span class="AddHand-editors">[I]</span>n about fifty minuets the frenchmen returned with 30 men, woman &amp; 3 Children<span class="AddHand-editors">[.]</span>  <span class="AddHand-editors">[T]</span>hey Camped 10 pases from our Camp<span class="AddHand-editors">[.]</span>  <span class="AddHand-editors">[A]</span>fter a few words passed they began to trade Beaver &amp; martins &#8211; 188 Beaver<span class="AddHand-editors">[.]</span>  <span class="AddHand-editors">[T]</span>hey was all well pleased with the Ironworks &amp; Beads they rece<sup>d</sup> for their furs<span class="AddHand-editors">[.]</span></p>
<p style="text-align:justify;"><span class="AddHand-editors">[July]</span> 2<sup>nd</sup></p>
<p style="text-align:justify;">12 Cannoes arrived from the oposite side of M<sup>c</sup>Kenzies River<span class="AddHand-editors">[,]</span> 18 men<span class="AddHand-editors">[,]</span> 8 Woman &amp; 6 Children<span class="AddHand-editors">[.]</span>  <span class="AddHand-editors">[A]</span>s soon as they debarked we fired two Gun, the report of which <span class="AddHand-author">k</span>nocked down four of them<span class="AddHand-editors">[.]</span>  <span class="AddHand-editors">[A]</span>s soon as all of them had drawn up their Cannoes they began to dance in advancing forward to my tent which lasted for one hour<span class="AddHand-editors">[.]</span>  <span class="AddHand-editors">[T]</span>hen they began to abuse their relations for not having informed them of our arrival and suposed that it was for fear they would get goods as well as them.  I informed them that I had plenty of goods<span class="AddHand-editors">[,]</span> that the only thing that they wanted to get of them was Beaver for which I would give them any of my goods Except my Guns (they sid that they did not expect to get such valuable articles as that but hoped that the Eskimoes would <span class="AddHand-author">not</span> come now to attack them while I was there, that they would all fall in the watter as they sa me shoot a Gull &amp; he fell in the watter and my dog went &amp; bro<sup>t</sup> him out<span class="AddHand-editors">[).]</span>  <span class="AddHand-editors">[T]</span>hey requested to trade<span class="AddHand-editors">[.]</span>  I told them as soon as it would be done raining I would trade with them<span class="AddHand-editors">[.]</span>  <span class="AddHand-editors">[A]</span>t 7 O Clock AM I traded their Peltries<span class="AddHand-editors">[.]</span>  <span style="text-decoration:underline;">Yakeban</span> being the Greatest Raskall amongst them I made a Chief of him<span class="AddHand-editors">[.]</span>  I gave him a flag and informed him the use of it<span class="AddHand-editors">[.]</span>  I gave him a few articles gratis to encourage the others to work the Beaver viz. two flints<span class="AddHand-editors">[,]</span> 1 awl<span class="AddHand-editors">[,]</span> 1 fierstell &amp; a piece of spunk &#8211; and that I would come to the same plase next spring to have all their peltries &amp; provisions there<span class="AddHand-editors">[,]</span> that if they was able to maintain a fort that they should have one<span class="AddHand-editors">[.]</span>  <span class="AddHand-editors">[T]</span>hey said they was not able to hunt for a fort that they often wanted themselves<span class="AddHand-editors">[.]</span></p>
<p style="text-align:justify;">3<sup>rd</sup></p>
<p style="text-align:justify;">I had the packs made up<span class="AddHand-editors">[.]</span>  <span class="AddHand-editors">[T]</span>here is 7 small packs of 85 for very little value axes<span class="AddHand-editors">[,]</span> Trenches &amp; Beads<span class="AddHand-editors">[,]</span> a few knives<span class="AddHand-editors">[.]</span>  <span class="AddHand-editors">[T]</span>he Beads that is wanted for the Quarlers is Blue &amp; white<span class="AddHand-editors">[.]</span></p>
<p style="text-align:justify;"><span class="AddHand-editors">[July]</span> 4<sup>th</sup></p>
<p style="text-align:justify;"><span class="DelHand-author">a</span> 11 O Clock Embarked to return up the River as there was two bands or families a waiting for us to trade that we did not se Coming down.  <span class="AddHand-editors">[M]</span>y Indians informed me that there had been some white people destroyed by the Indians on the sea Coast &#8211; that the white men had got in</p>
<p style="text-align:right;">a split Rock</p>

<p align="page-number"><span class="AddHand-editors">[22]</span></p>

</div>
<p style="line-height:12px;font-size:10px;font-family:arial,swiss,sans-serif;"><span style="font-weight:bold;font-size:9px;">L E G E N D :</span><br /><span style="background-color:red;color:white;"> in red </span>, modifications made by the editor(s).<br /><span style="background-color:#9900ff;color:white;"> in lavender </span>, modifications made by the assumed author(s).</p>
</td>
<td align="right" width="410" valign="top">
<a style="margin-left:100px;"  class="small" title="JPEG Image" onmouseover="window.status='View Bigger JPEG Image'; return true" onmouseout="window.status=' '; return true" href="javascript:windowBigJPEG(280,300,'toolbar=no,location=no,scrollbars=yes,resizable=yes,alwaysRaised=yes','Page #24')">View bigger image in JPEG format [ 201k ]</a></td>
</tr>
<tr>
<td valign="top" width="410" align="left"><img src="../../../scans/0006/smallJPEG/MFTP0006PG0024.JPG" /></td>
</tr>
</table>

</body>
</html>
