<?xml version="1.0" encoding="iso-8859-1" ?>

<html>

 <head>
  <title>Journal of Great Bear Lake, 1805-1806.  - Page #25</title>
  <meta http-equiv="Content-Type" content="text/html;charset=iso-8859-1" />
<META Name="author" Content="McKenzie, Alexander.">
  <link rel="stylesheet" type="text/css" href="../../../../ss/css/FurTrade_StandAlonePage.IE.css" />
 </head>
<script TYPE="text/javascript" language="JavaScript">
<!-- hide
var WinBigJPEG=null;
function Add(){
if(parent.BackLink==1)
{
parent.BackLink=" ";
return("<a href='javascript:document.rechBis.submit()' target=mainFrame>Back to search results</a> | ");
}
else
return("");
}
function windowDejaVu(URL, name, specs, nopage) {
var WinDejaVu = window.open(URL, name, specs)
WinDejaVu.document.write("<html><head><title>DejaVu Image</title><style type=\"text/css\">body {background-color:#FFFFFF;margin:0.25em;font-family:tahoma,sans-serif;font-size:8pt;letter-spacing:1pt;}</style></head><body>")
WinDejaVu.document.write("<a href=\"\" onclick=\"window.close()\">Close window / Fermer cette fen�tre</a>");
WinDejaVu.document.write("<p style=\"margin:0em;\" align=\"center\">Journal of Great Bear Lake, 1805-1806. An electronic transcription.<br />McKenzie, Alexander. <b>" + nopage + "</b></p>");WinDejaVu.document.write("<embed type=\"image/x-djvu\" pluginspace=\"http://www.djvu.com/download.html\" src=\"../../../scans/0006/DejaVu/MFTP0006Pg025.djvu\" width=\"100%\" height=\"90%\"></body>");
WinDejaVu.document.close()
}
function windowBigJPEG(width,height,specs,nopage) {
x=screen.availWidth-width-20;
if(WinBigJPEG==null)
WinBigJPEG = window.open('','','width='+width+',height='+height+',screenX='+x+',screenY=20, top=20, left='+x+specs)
		else
		{
		if(WinBigJPEG.closed)
		WinBigJPEG = window.open('','','width='+width+',height='+height+',screenX='+x+',screenY=20, top=20, left='+x+specs)
		else
		{
		WinBigJPEG.close();
		WinBigJPEG = window.open('','','width='+width+',height='+height+',screenX='+x+',screenY=20, top=20, left='+x+specs)
		WinBigJPEG.focus();
		}
		}
WinBigJPEG.document.write("<html><head><title>Bigger JPEG Image</title><style type=\"text/css\">body {background-color:#FFFFFF;margin:0.25em;font-family:tahoma,sans-serif;font-size:8pt;letter-spacing:1pt;}</style></head><body>")
WinBigJPEG.document.write("<a href=\"\" onclick=\"window.close()\">Close window / Fermer cette fen�tre</a>");
WinBigJPEG.document.write("<p style=\"margin:0em;\" align=\"center\">Journal of Great Bear Lake, 1805-1806. An electronic transcription.<br />McKenzie, Alexander. <b>" + nopage + "</b></p>");WinBigJPEG.document.write("<img src=\"../../../scans/0006/bigJPEG/MFTP0006PG0025.JPG\" /></body>");
WinBigJPEG.document.close()
}
// end hiding -->
</script>
<script language="javascript">if(parent.main2)  parent.main2.cols='0%,100%';</script>

<body>

<p class="NavBar"><script language="javascript">document.write(Add());</script><a href="../../../../search/searchfs.htm" target="mainFrame">New search</a> | <a href="notes.html">Notes</a> | <a href="abstract.html">Abstract</a></p>
<p class="NavBar"><A HREF="Pg001.html">&lt;&lt; First Page</A> | <A HREF="Pg024.html">&lt; Previous Page</A> | <span class="PageFocusOn"> Page #25 of 48</span> | <A HREF="Pg026.html"> Next Page &gt;</A> | <A HREF="Pg048.html"> Last Page &gt;&gt;</A> </p>

<table class="page" align="center" width="770" border="0">
<tr>
<td rowspan="2" width="360" valign="top">
<p class="EnTeteTranscription">McKenzie, Alexander. Journal of Great Bear Lake, 1805-1806. An electronic transcription. MFTP #0006</p><div class="ContenuPage">
<p style="text-align:justify;">July 4<sup>th</sup></p>
<p style="text-align:justify;">a Split Rock and as they was obliged to come out for watter &amp;ca they killed them all and got a great deal of Bar Iron<span class="AddHand-editors">[,]</span> Large Beads &amp;ca<span class="AddHand-editors">[.]</span>  <span class="AddHand-editors">[T]</span>wo of the Indians of this Band had been there<span class="AddHand-editors">[.]</span>  I was very sorry that I was not informed <span class="AddHand-author">of</span> this while with them as I could have had further information.  I supposed that this split Rock was a stone fort as they informed my Indians that those white people came there to trade on a floting Island (a Ship)<span class="AddHand-editors">[.]</span>  <span class="AddHand-editors">[I]</span>t tis a very disagreeable thing to be without a Enterprater when trading with different Nations, but it tis very sertain that they can do their Bussiness without them.  <span class="AddHand-editors">[T]</span>he trader only has a little more Trouble formerly when from 40 to 70 packs went from this River the best Enterpraters of Arthebaska was here to make discoveries and settle posts in Beaver Countries.</p>
<p style="text-align:justify;"><span class="AddHand-editors">[A]</span>t 2 Of the Clock we came to a family and traded 24 Beavers and one net<span class="AddHand-editors">[.]</span>  <span class="AddHand-editors">[F]</span>our Cannoes of the Quarlers accompanied me<span class="AddHand-editors">[.]</span>  <span class="AddHand-editors">[A]</span>t 4 O Clock arrived at a Small River &amp; sett 2 nets and sent 4 Indians to serch a Band of Indians that was up this Small River<span class="AddHand-editors">[.]</span></p>
<p style="text-align:justify;"><span class="AddHand-editors">[July]</span> 5<sup>th</sup></p>
<p style="text-align:justify;">The Indian Returned with some fresh meet<span class="AddHand-editors">[,]</span> 3 Blathers of Greese and a Pack of mixt Peltries which I traded<span class="AddHand-editors">[.]</span>  <span class="AddHand-editors">[T]</span>hose being the last Quarlers I expected to se this Spring I informed them that two of them must embark with me to go to Arthebaska and that they should return in the fall<span class="AddHand-editors">[.]</span>  <span class="AddHand-editors">[T]</span>hey Consented<span class="AddHand-editors">[.]</span>  <span class="AddHand-editors">[A]</span> third wished to Embark likewise<span class="AddHand-editors">[.]</span>  I told him that two was sufisent<span class="AddHand-editors">[.]</span>  <span class="AddHand-editors">[W]</span>ell then said he I have a Cannoe of my own &amp; I will follow you<span class="AddHand-editors">[.]</span>  I made him a Small present and promised to take him with me next Spring which sattisfied him as I had not a great supply of provisions<span class="AddHand-editors">[.]</span>  Embarked at 10 O Clock<span class="AddHand-editors">[.]</span>  Encamped at 6 O Clock Oposite some smoke on the N. side of the River<span class="AddHand-editors">[.]</span>  I fired two guns in hopes if there was any Indians at the smoke they would come to the River<span class="AddHand-editors">[.]</span>  <span class="AddHand-editors">[C]</span>ommenced on our Toro) or Pemegan) as our pounded meet &amp; Tongue is out<span class="AddHand-editors">[.]</span></p>
<p style="text-align:justify;"><span class="AddHand-editors">[July]</span> 6<sup><span class="AddHand-editors">[th]</span></sup></p>
<p style="text-align:justify;">Embarked at 4 O Clock<span class="AddHand-editors">[.]</span>  <span class="AddHand-editors">[W]</span>e had a light Breeze from the N<span class="AddHand-editors">[.]</span>  <span class="AddHand-editors">[P]</span>ut on shore at 6 O Clock in the Evening<span class="AddHand-editors">[.]</span>  Eat our supper as the wind Continued<span class="AddHand-editors">[.]</span>  <span class="AddHand-editors">[A]</span>t 9 we Embarked but it became quite Calm<span class="AddHand-editors">[.]</span>  <span class="AddHand-editors">[A]</span>t a 11 of the Clock we Encamped I cannot say</p>
<p style="text-align:right;">for</p>

<p align="page-number"><span class="AddHand-editors">[23]</span></p>

</div>
<p style="line-height:12px;font-size:10px;font-family:arial,swiss,sans-serif;"><span style="font-weight:bold;font-size:9px;">L E G E N D :</span><br /><span style="background-color:red;color:white;"> in red </span>, modifications made by the editor(s).<br /><span style="background-color:#9900ff;color:white;"> in lavender </span>, modifications made by the assumed author(s).</p>
</td>
<td align="right" width="410" valign="top">
<a style="margin-left:100px;"  class="small" title="JPEG Image" onmouseover="window.status='View Bigger JPEG Image'; return true" onmouseout="window.status=' '; return true" href="javascript:windowBigJPEG(280,300,'toolbar=no,location=no,scrollbars=yes,resizable=yes,alwaysRaised=yes','Page #25')">View bigger image in JPEG format [ 177k ]</a></td>
</tr>
<tr>
<td valign="top" width="410" align="left"><img src="../../../scans/0006/smallJPEG/MFTP0006PG0025.JPG" /></td>
</tr>
</table>

</body>
</html>
