<?xml version="1.0" encoding="iso-8859-1" ?>

<html>

 <head>
  <title>Journal of Great Bear Lake, 1805-1806.  - Page #26</title>
  <meta http-equiv="Content-Type" content="text/html;charset=iso-8859-1" />
<META Name="author" Content="McKenzie, Alexander.">
  <link rel="stylesheet" type="text/css" href="../../../../ss/css/FurTrade_StandAlonePage.IE.css" />
 </head>
<script TYPE="text/javascript" language="JavaScript">
<!-- hide
var WinBigJPEG=null;
function Add(){
if(parent.BackLink==1)
{
parent.BackLink=" ";
return("<a href='javascript:document.rechBis.submit()' target=mainFrame>Back to search results</a> | ");
}
else
return("");
}
function windowDejaVu(URL, name, specs, nopage) {
var WinDejaVu = window.open(URL, name, specs)
WinDejaVu.document.write("<html><head><title>DejaVu Image</title><style type=\"text/css\">body {background-color:#FFFFFF;margin:0.25em;font-family:tahoma,sans-serif;font-size:8pt;letter-spacing:1pt;}</style></head><body>")
WinDejaVu.document.write("<a href=\"\" onclick=\"window.close()\">Close window / Fermer cette fen�tre</a>");
WinDejaVu.document.write("<p style=\"margin:0em;\" align=\"center\">Journal of Great Bear Lake, 1805-1806. An electronic transcription.<br />McKenzie, Alexander. <b>" + nopage + "</b></p>");WinDejaVu.document.write("<embed type=\"image/x-djvu\" pluginspace=\"http://www.djvu.com/download.html\" src=\"../../../scans/0006/DejaVu/MFTP0006Pg026.djvu\" width=\"100%\" height=\"90%\"></body>");
WinDejaVu.document.close()
}
function windowBigJPEG(width,height,specs,nopage) {
x=screen.availWidth-width-20;
if(WinBigJPEG==null)
WinBigJPEG = window.open('','','width='+width+',height='+height+',screenX='+x+',screenY=20, top=20, left='+x+specs)
		else
		{
		if(WinBigJPEG.closed)
		WinBigJPEG = window.open('','','width='+width+',height='+height+',screenX='+x+',screenY=20, top=20, left='+x+specs)
		else
		{
		WinBigJPEG.close();
		WinBigJPEG = window.open('','','width='+width+',height='+height+',screenX='+x+',screenY=20, top=20, left='+x+specs)
		WinBigJPEG.focus();
		}
		}
WinBigJPEG.document.write("<html><head><title>Bigger JPEG Image</title><style type=\"text/css\">body {background-color:#FFFFFF;margin:0.25em;font-family:tahoma,sans-serif;font-size:8pt;letter-spacing:1pt;}</style></head><body>")
WinBigJPEG.document.write("<a href=\"\" onclick=\"window.close()\">Close window / Fermer cette fen�tre</a>");
WinBigJPEG.document.write("<p style=\"margin:0em;\" align=\"center\">Journal of Great Bear Lake, 1805-1806. An electronic transcription.<br />McKenzie, Alexander. <b>" + nopage + "</b></p>");WinBigJPEG.document.write("<img src=\"../../../scans/0006/bigJPEG/MFTP0006PG0026.JPG\" /></body>");
WinBigJPEG.document.close()
}
// end hiding -->
</script>
<script language="javascript">if(parent.main2)  parent.main2.cols='0%,100%';</script>

<body>

<p class="NavBar"><script language="javascript">document.write(Add());</script><a href="../../../../search/searchfs.htm" target="mainFrame">New search</a> | <a href="notes.html">Notes</a> | <a href="abstract.html">Abstract</a></p>
<p class="NavBar"><A HREF="Pg001.html">&lt;&lt; First Page</A> | <A HREF="Pg025.html">&lt; Previous Page</A> | <span class="PageFocusOn"> Page #26 of 48</span> | <A HREF="Pg027.html"> Next Page &gt;</A> | <A HREF="Pg048.html"> Last Page &gt;&gt;</A> </p>

<table class="page" align="center" width="770" border="0">
<tr>
<td rowspan="2" width="360" valign="top">
<p class="EnTeteTranscription">McKenzie, Alexander. Journal of Great Bear Lake, 1805-1806. An electronic transcription. MFTP #0006</p><div class="ContenuPage">
<p style="text-align:justify;">July 6<sup>th</sup></p>
<p style="text-align:justify;">for the Night as the Sun has not sett for this Eight day with us<span class="AddHand-editors">[.]</span>  <span class="AddHand-editors">[W]</span>hat quarter of the Globe I am in at present I cannot say as I am no Astronimer<span class="AddHand-editors">[.]</span>  <span class="AddHand-editors">[T]</span>he Indians of this new Countrie (say Quarlers) have long Hair very neetly tied with Beads stringed on Sinnue.  <span class="AddHand-editors">[T]</span>hey make use of their fingers for a Coars Comb and a small piece of round wodd about three Inches long and one Inche in Cercumference split very fine at the End for a fine Comb to smuthe their hair which they have tied to their arm or neck ready for use<span class="AddHand-editors">[.]</span>  <span class="AddHand-editors">[T]</span>hey make use of any Kind of Greese for their Hair<span class="AddHand-editors">[.]</span>  <span class="AddHand-editors">[T]</span>hey eat meet when quite rotten<span class="AddHand-editors">[.]</span>  <span class="AddHand-editors">[T]</span>he fish when they take them at times they put them under ground for one or two days to make them to their palatable<span class="AddHand-editors">[.]</span>  <span class="AddHand-editors">[O]</span>n their way to the River from their lands or wintering grounds they take a great many Caribouxs &amp; musk ox which they have at different Stages for their return in case of being drove from the River by the Eskimoes<span class="AddHand-editors">[.]</span>  <span class="AddHand-editors">[T]</span>hey likewise leave all their Robes<span class="AddHand-editors">[.]</span>  <span class="AddHand-editors">[T]</span>he men have shirts of Carriboux<span class="AddHand-editors">[,]</span> martin<span class="AddHand-editors">[,]</span> muskrats or Beaver<span class="AddHand-editors">[.]</span>  <span class="AddHand-editors">[T]</span>he woman have short frocks of drest Carriboux skin<span class="AddHand-editors">[.]</span>  <span class="AddHand-editors">[V]</span>ery few woman that has large families accompanie them to the River<span class="AddHand-editors">[.]</span>  <span class="AddHand-editors">[T]</span>heir Leggens &amp; shoes are all in one very neetly made, garnished with Blue &amp; white Beads<span class="AddHand-editors">[.]</span>  <span class="AddHand-editors">[T]</span>hey are the best dansers I have seen in the N.W.  <span class="AddHand-editors">[T]</span>hey strike at the post much like the <span style="text-decoration:underline;">Soteeos</span> but I think they are a more daring nation, but sertainly in time will make good hunters as they are very Smart fellows and not so indolent as the other Indians of this River<span class="AddHand-editors">[.]</span>  <span class="AddHand-editors">[T]</span>hey are very immodest Boath men and woman<span class="AddHand-editors">[.]</span>  <span class="AddHand-editors">[T]</span>he woman thinks nothing of sitting down Before you and open hir legs wich is not Common with the other natives and smile at you<span class="AddHand-editors">[.]</span>  <span class="AddHand-editors">[T]</span>he Beaver<span class="AddHand-editors">[,]</span> martins &amp; Bears is very plenty in this Countrie<span class="AddHand-editors">[.]</span>  <span class="AddHand-editors">[M]</span>y oppinion is that this Countrie would recompence any trouble or pains that may be taken with it<span class="AddHand-editors">[.]</span>  I am sorry to say tha<span class="AddHand-editors">[t]</span> it has been much neglected<span class="AddHand-editors">[.]</span></p>
<p style="text-align:justify;">7<sup>th</sup></p>
<p style="text-align:justify;"><span class="AddHand-editors">[O]</span>ne of the Quarlers deserted while we was a sleep<span class="AddHand-editors">[.]</span>  I awoke the other one and told him to go off as the other had deserted<span class="AddHand-editors">[.]</span>  <span class="AddHand-editors">[H]</span>e began to Cry and said he would not go back that the Eskimoes had killed the greatest part of his family &amp; that</p>
<p style="text-align:right;">the other went back on acc<sup>t</sup> of his wife<span class="AddHand-editors">[.]</span></p>

<p align="page-number"><span class="AddHand-editors">[24]</span></p>

</div>
<p style="line-height:12px;font-size:10px;font-family:arial,swiss,sans-serif;"><span style="font-weight:bold;font-size:9px;">L E G E N D :</span><br /><span style="background-color:red;color:white;"> in red </span>, modifications made by the editor(s).<br /><span style="background-color:#9900ff;color:white;"> in lavender </span>, modifications made by the assumed author(s).</p>
</td>
<td align="right" width="410" valign="top">
<a style="margin-left:100px;"  class="small" title="JPEG Image" onmouseover="window.status='View Bigger JPEG Image'; return true" onmouseout="window.status=' '; return true" href="javascript:windowBigJPEG(280,300,'toolbar=no,location=no,scrollbars=yes,resizable=yes,alwaysRaised=yes','Page #26')">View bigger image in JPEG format [ 187k ]</a></td>
</tr>
<tr>
<td valign="top" width="410" align="left"><img src="../../../scans/0006/smallJPEG/MFTP0006PG0026.JPG" /></td>
</tr>
</table>

</body>
</html>
