<?xml version="1.0" encoding="iso-8859-1" ?>

<html>

 <head>
  <title>Journal of Great Bear Lake, 1805-1806.  - Page #22</title>
  <meta http-equiv="Content-Type" content="text/html;charset=iso-8859-1" />
<META Name="author" Content="McKenzie, Alexander.">
  <link rel="stylesheet" type="text/css" href="../../../../ss/css/FurTrade_StandAlonePage.IE.css" />
 </head>
<script TYPE="text/javascript" language="JavaScript">
<!-- hide
var WinBigJPEG=null;
function Add(){
if(parent.BackLink==1)
{
parent.BackLink=" ";
return("<a href='javascript:document.rechBis.submit()' target=mainFrame>Back to search results</a> | ");
}
else
return("");
}
function windowDejaVu(URL, name, specs, nopage) {
var WinDejaVu = window.open(URL, name, specs)
WinDejaVu.document.write("<html><head><title>DejaVu Image</title><style type=\"text/css\">body {background-color:#FFFFFF;margin:0.25em;font-family:tahoma,sans-serif;font-size:8pt;letter-spacing:1pt;}</style></head><body>")
WinDejaVu.document.write("<a href=\"\" onclick=\"window.close()\">Close window / Fermer cette fen�tre</a>");
WinDejaVu.document.write("<p style=\"margin:0em;\" align=\"center\">Journal of Great Bear Lake, 1805-1806. An electronic transcription.<br />McKenzie, Alexander. <b>" + nopage + "</b></p>");WinDejaVu.document.write("<embed type=\"image/x-djvu\" pluginspace=\"http://www.djvu.com/download.html\" src=\"../../../scans/0006/DejaVu/MFTP0006Pg022.djvu\" width=\"100%\" height=\"90%\"></body>");
WinDejaVu.document.close()
}
function windowBigJPEG(width,height,specs,nopage) {
x=screen.availWidth-width-20;
if(WinBigJPEG==null)
WinBigJPEG = window.open('','','width='+width+',height='+height+',screenX='+x+',screenY=20, top=20, left='+x+specs)
		else
		{
		if(WinBigJPEG.closed)
		WinBigJPEG = window.open('','','width='+width+',height='+height+',screenX='+x+',screenY=20, top=20, left='+x+specs)
		else
		{
		WinBigJPEG.close();
		WinBigJPEG = window.open('','','width='+width+',height='+height+',screenX='+x+',screenY=20, top=20, left='+x+specs)
		WinBigJPEG.focus();
		}
		}
WinBigJPEG.document.write("<html><head><title>Bigger JPEG Image</title><style type=\"text/css\">body {background-color:#FFFFFF;margin:0.25em;font-family:tahoma,sans-serif;font-size:8pt;letter-spacing:1pt;}</style></head><body>")
WinBigJPEG.document.write("<a href=\"\" onclick=\"window.close()\">Close window / Fermer cette fen�tre</a>");
WinBigJPEG.document.write("<p style=\"margin:0em;\" align=\"center\">Journal of Great Bear Lake, 1805-1806. An electronic transcription.<br />McKenzie, Alexander. <b>" + nopage + "</b></p>");WinBigJPEG.document.write("<img src=\"../../../scans/0006/bigJPEG/MFTP0006PG0022.JPG\" /></body>");
WinBigJPEG.document.close()
}
// end hiding -->
</script>
<script language="javascript">if(parent.main2)  parent.main2.cols='0%,100%';</script>

<body>

<p class="NavBar"><script language="javascript">document.write(Add());</script><a href="../../../../search/searchfs.htm" target="mainFrame">New search</a> | <a href="notes.html">Notes</a> | <a href="abstract.html">Abstract</a></p>
<p class="NavBar"><A HREF="Pg001.html">&lt;&lt; First Page</A> | <A HREF="Pg021.html">&lt; Previous Page</A> | <span class="PageFocusOn"> Page #22 of 48</span> | <A HREF="Pg023.html"> Next Page &gt;</A> | <A HREF="Pg048.html"> Last Page &gt;&gt;</A> </p>

<table class="page" align="center" width="770" border="0">
<tr>
<td rowspan="2" width="360" valign="top">
<p class="EnTeteTranscription">McKenzie, Alexander. Journal of Great Bear Lake, 1805-1806. An electronic transcription. MFTP #0006</p><div class="ContenuPage">
<p style="text-align:justify;">without demenition our small Stock of provisions<span class="AddHand-editors">[.]</span>  <span class="AddHand-editors">[T]</span>he Indians returned without finding the man<span class="AddHand-editors">[.]</span></p>
<p style="text-align:justify;">19<sup>th</sup></p>
<p style="text-align:justify;">I left Laprise in charge of the Baggage and went to the Fort and sent two more Indians in serche of the lost man<span class="AddHand-editors">[.]</span>  <span class="AddHand-editors">[T]</span>he fisherman takes great numbers of Trout more than sufisent for the men<span class="AddHand-editors">[.]</span></p>
<p style="text-align:justify;">20<sup>th</sup></p>
<p style="text-align:justify;">The Indian arrived and did se no vestiges of the man<span class="AddHand-editors">[.]</span></p>
<p style="text-align:justify;">21<sup>st</sup></p>
<p style="text-align:justify;">I returned to the Bagage with 3 men and sent them to the enterence of Bear River where they left the Cannoes and at same time to serche for the man that was lost and ordered the men at the Fort to follow me to the Camp the 24<sup>th</sup> as I intended to rise Camp the 25 in the morning<span class="AddHand-editors">[.]</span>  <span class="AddHand-editors">[I]</span>n the evening I sent four Indians to the enterence of the River to hunt &amp; to wait for me at M<sup>c</sup>Kenzies River<span class="AddHand-editors">[.]</span></p>
<p style="text-align:justify;">22<sup>nd</sup></p>
<p style="text-align:justify;"><span class="AddHand-editors">[F]</span>ine weather<span class="AddHand-editors">[.]</span>  <span class="AddHand-editors">[A]</span>ired the packs<span class="AddHand-editors">[.]</span></p>
<p style="text-align:justify;">23<sup>rd</sup></p>
<p style="text-align:justify;"><span class="AddHand-editors">[D]</span>ried the pounded meet &amp; put it up in Bags of 85<sup>lb</sup>.</p>
<p style="text-align:justify;">24<sup>th</sup></p>
<p style="text-align:justify;"><span class="AddHand-editors">[T]</span>he men arrived from the Fort at 6 O Clock AM.</p>
<p style="text-align:justify;">25<sup>th</sup></p>
<p style="text-align:justify;">Embarked at 4 O Clock in the morning<span class="AddHand-editors">[.]</span>  <span class="AddHand-editors">[A]</span>rrived at the portage at 10 O Clock<span class="AddHand-editors">[.]</span>  <span class="AddHand-editors">[L]</span>eft half of our Loading and embarked with the other half-Load<span class="AddHand-editors">[.]</span>  I forgot to embark my dog<span class="AddHand-editors">[.]</span>  <span class="AddHand-editors">[H]</span>e followed the Cannoe &amp; Crossed the river twice and arrived where I landed<span class="AddHand-editors">[,]</span> hardley able to walk and much hurt by the Ice<span class="AddHand-editors">[.]</span>  <span class="AddHand-editors">[W]</span>e found plenty of watter in the Rappids<span class="AddHand-editors">[.]</span>  <span class="AddHand-editors">[T]</span>he men returned with the other half Load the hurt one of the Cannoes.  <span class="AddHand-editors">[W]</span>e gommed the Cannoes and embarked and encamped at River <span style="text-decoration:underline;">Laparke</span> at 9 O Clock<span class="AddHand-editors">[.]</span></p>
<p style="text-align:justify;">26<sup>th</sup></p>
<p style="text-align:justify;">Embarked at 4 O Clock and arrived at <span class="DelHand-author">the</span> <span class="AddHand-author">M</span><span class="AddHand-author"><sup>c</sup></span>Kenzies River at 8 O Clock<span class="AddHand-editors">[.]</span>  Kasie was there<span class="AddHand-editors">[,]</span> the supposed Lost man<span class="AddHand-editors">[.]</span>  <span class="AddHand-editors">[H]</span>e had found his way back to the Cannoes<span class="AddHand-editors">[.]</span></p>
<p style="text-align:justify;">27<sup>th</sup></p>
<p style="text-align:justify;">Embarked at 4 O Clock every man his Gun in good order<span class="AddHand-editors">[.]</span>  <span class="AddHand-editors">[A]</span>rrived at Bluefish River at 12 O Clock where we found two Lodges of Indians <span style="text-decoration:underline;">Caneie</span> &amp; <span style="text-decoration:underline;">DeneOCho</span><span class="AddHand-editors">[.]</span>  <span class="AddHand-editors">[T]</span>hey informed me that their peltrie was about 3 miles a Cross the River<span class="AddHand-editors">[.]</span>  I sent them for them<span class="AddHand-editors">[.]</span>  <span class="AddHand-editors">[T]</span>hey returned in the evening with 87 Beavers which I traded and left in their Charge<span class="AddHand-editors">[.]</span>  I made one of them embark with me<span class="AddHand-editors">[.]</span></p>
<p style="text-align:justify;">28<sup>th</sup></p>
<p style="text-align:justify;">Embarked at 4 O Clock<span class="AddHand-editors">[.]</span>  <span class="AddHand-editors">[W]</span>e saw a Cariboux put on Shore eat Breakfast but the Indians Could not get a shot at him<span class="AddHand-editors">[.]</span></p>

<p align="page-number"><span class="AddHand-editors">[20]</span></p>

</div>
<p style="line-height:12px;font-size:10px;font-family:arial,swiss,sans-serif;"><span style="font-weight:bold;font-size:9px;">L E G E N D :</span><br /><span style="background-color:red;color:white;"> in red </span>, modifications made by the editor(s).<br /><span style="background-color:#9900ff;color:white;"> in lavender </span>, modifications made by the assumed author(s).</p>
</td>
<td align="right" width="410" valign="top">
<a style="margin-left:100px;"  class="small" title="JPEG Image" onmouseover="window.status='View Bigger JPEG Image'; return true" onmouseout="window.status=' '; return true" href="javascript:windowBigJPEG(280,300,'toolbar=no,location=no,scrollbars=yes,resizable=yes,alwaysRaised=yes','Page #22')">View bigger image in JPEG format [ 168k ]</a></td>
</tr>
<tr>
<td valign="top" width="410" align="left"><img src="../../../scans/0006/smallJPEG/MFTP0006PG0022.JPG" /></td>
</tr>
</table>

</body>
</html>
