<?xml version="1.0" encoding="iso-8859-1" ?>

<html>

 <head>
  <title>Journal of Great Bear Lake, 1805-1806.  - Page #29</title>
  <meta http-equiv="Content-Type" content="text/html;charset=iso-8859-1" />
<META Name="author" Content="McKenzie, Alexander.">
  <link rel="stylesheet" type="text/css" href="../../../../ss/css/FurTrade_StandAlonePage.IE.css" />
 </head>
<script TYPE="text/javascript" language="JavaScript">
<!-- hide
var WinBigJPEG=null;
function Add(){
if(parent.BackLink==1)
{
parent.BackLink=" ";
return("<a href='javascript:document.rechBis.submit()' target=mainFrame>Back to search results</a> | ");
}
else
return("");
}
function windowDejaVu(URL, name, specs, nopage) {
var WinDejaVu = window.open(URL, name, specs)
WinDejaVu.document.write("<html><head><title>DejaVu Image</title><style type=\"text/css\">body {background-color:#FFFFFF;margin:0.25em;font-family:tahoma,sans-serif;font-size:8pt;letter-spacing:1pt;}</style></head><body>")
WinDejaVu.document.write("<a href=\"\" onclick=\"window.close()\">Close window / Fermer cette fen�tre</a>");
WinDejaVu.document.write("<p style=\"margin:0em;\" align=\"center\">Journal of Great Bear Lake, 1805-1806. An electronic transcription.<br />McKenzie, Alexander. <b>" + nopage + "</b></p>");WinDejaVu.document.write("<embed type=\"image/x-djvu\" pluginspace=\"http://www.djvu.com/download.html\" src=\"../../../scans/0006/DejaVu/MFTP0006Pg029.djvu\" width=\"100%\" height=\"90%\"></body>");
WinDejaVu.document.close()
}
function windowBigJPEG(width,height,specs,nopage) {
x=screen.availWidth-width-20;
if(WinBigJPEG==null)
WinBigJPEG = window.open('','','width='+width+',height='+height+',screenX='+x+',screenY=20, top=20, left='+x+specs)
		else
		{
		if(WinBigJPEG.closed)
		WinBigJPEG = window.open('','','width='+width+',height='+height+',screenX='+x+',screenY=20, top=20, left='+x+specs)
		else
		{
		WinBigJPEG.close();
		WinBigJPEG = window.open('','','width='+width+',height='+height+',screenX='+x+',screenY=20, top=20, left='+x+specs)
		WinBigJPEG.focus();
		}
		}
WinBigJPEG.document.write("<html><head><title>Bigger JPEG Image</title><style type=\"text/css\">body {background-color:#FFFFFF;margin:0.25em;font-family:tahoma,sans-serif;font-size:8pt;letter-spacing:1pt;}</style></head><body>")
WinBigJPEG.document.write("<a href=\"\" onclick=\"window.close()\">Close window / Fermer cette fen�tre</a>");
WinBigJPEG.document.write("<p style=\"margin:0em;\" align=\"center\">Journal of Great Bear Lake, 1805-1806. An electronic transcription.<br />McKenzie, Alexander. <b>" + nopage + "</b></p>");WinBigJPEG.document.write("<img src=\"../../../scans/0006/bigJPEG/MFTP0006PG0029.JPG\" /></body>");
WinBigJPEG.document.close()
}
// end hiding -->
</script>
<script language="javascript">if(parent.main2)  parent.main2.cols='0%,100%';</script>

<body>

<p class="NavBar"><script language="javascript">document.write(Add());</script><a href="../../../../search/searchfs.htm" target="mainFrame">New search</a> | <a href="notes.html">Notes</a> | <a href="abstract.html">Abstract</a></p>
<p class="NavBar"><A HREF="Pg001.html">&lt;&lt; First Page</A> | <A HREF="Pg028.html">&lt; Previous Page</A> | <span class="PageFocusOn"> Page #29 of 48</span> | <A HREF="Pg030.html"> Next Page &gt;</A> | <A HREF="Pg048.html"> Last Page &gt;&gt;</A> </p>

<table class="page" align="center" width="770" border="0">
<tr>
<td rowspan="2" width="360" valign="top">
<p class="EnTeteTranscription">McKenzie, Alexander. Journal of Great Bear Lake, 1805-1806. An electronic transcription. MFTP #0006</p><div class="ContenuPage">
<p>July 21<sup>st</sup></p>
<p style="text-align:justify;">Such bad provisions<span class="AddHand-editors">[.]</span>  <span class="AddHand-editors">[A]</span>t 12 O Clock at night we Embarked (I say night) for this is the first time we have seen Stars for this 22 days<span class="AddHand-editors">[.]</span></p>
<p><span class="AddHand-editors">[July]</span> 22</p>
<p style="text-align:justify;">Eat Breakfast at 11 O Clock 10 miles below the forks<span class="AddHand-editors">[.]</span>  <span class="AddHand-editors">[G]</span>ave Tea to all the men.  <span class="AddHand-editors">[A]</span>rrived at the Forks at 4 O Clock in the afternoon where we found Martin &amp; 2 Indians<span class="AddHand-editors">[.]</span></p>
<p><span class="AddHand-editors">[July]</span> 23<sup>rd</sup></p>
<p>I let the men rest<span class="AddHand-editors">[.]</span></p>
<p><span class="AddHand-editors">[July]</span> 24<sup>th</sup></p>
<p>Repaired two Cannoes<span class="AddHand-editors">[.]</span></p>
<p><span class="AddHand-editors">[July]</span> 25<sup><span class="AddHand-editors">[th]</span></sup></p>
<p style="text-align:justify;"><span class="AddHand-editors">[A]</span>t 12 O Clock Sent of 2 Cannoes<span class="AddHand-editors">[,]</span> 56 packs<span class="AddHand-editors">[,]</span> 6 men<span class="AddHand-editors">[,]</span> 4 Toroes and 170<sup>lb</sup> of Dried meet for Arthebaska and remained at the Forks for the arrival of M<sup>r</sup> Wintzel from the South Branch as I had sent him to discover the Nahanies if posible<span class="AddHand-editors">[.]</span>  <span class="AddHand-editors">[R]</span>ain all day<span class="AddHand-editors">[.]</span></p>
<p><span class="AddHand-editors">[July]</span> 26<sup>th</sup></p>
<p><span class="AddHand-editors">[B]</span>egan a new Cannoe with Martin &amp; 2 Indians<span class="AddHand-editors">[.]</span></p>
<p><span class="AddHand-editors">[July]</span> 27<sup>th</sup></p>
<p>Slight rain<span class="AddHand-editors">[.]</span>  S.W. wind<span class="AddHand-editors">[.]</span></p>
<p><span class="AddHand-editors">[July]</span> 28<sup>th</sup></p>
<p><span class="AddHand-editors">[F]</span>inished the Cannoe<span class="AddHand-editors">[.]</span></p>
<p><span class="AddHand-editors">[July]</span> 29<sup>th</sup></p>
<p><span class="AddHand-editors">[M]</span>ade the <span style="text-decoration:underline;">Grand parckes</span> &amp; small<span class="AddHand-editors">[.]</span></p>
<p><span class="AddHand-editors">[July]</span> 30<sup>th</sup></p>
<p><span class="AddHand-editors">[A]</span> fine N. wind but Know word of M<sup>r</sup> Wentzel from his discoveries<span class="AddHand-editors">[.]</span></p>
<p><span class="AddHand-editors">[July]</span> 31<sup>st</sup></p>
<p style="text-align:justify;"><span class="AddHand-editors">[F]</span>inished Gomeing the Cannoe<span class="AddHand-editors">[.]</span>  I am much affraid I will be obliged to leave this for Arthebaska with Indians as this was the day M<sup>r</sup> Wentzel was to be here at furthest<span class="AddHand-editors">[.]</span></p>
<p>Aug<sup>t</sup> 1<sup>st</sup></p>
<p style="text-align:justify;">M<sup>r</sup> Wentzel arrived at 11 O Clock but he had made no discoveries of the Nahanies nor could it be expected as he traveled with a woman &amp; three Children two thirds of his way<span class="AddHand-editors">[.]</span>  <span class="AddHand-editors">[W]</span>e settled the nessesary acc<sup>ts</sup> and I Embarked with four men at 11 O Clock at night and Encamped above the first Island being Dark<span class="AddHand-editors">[.]</span></p>
<p><span class="AddHand-editors">[Aug<sup>t</sup>]</span> 2<sup>nd</sup></p>
<p style="text-align:justify;">Embarked at 4 O Clock and Encamped at River <span style="text-decoration:underline;">La Cashe</span><span class="AddHand-editors">[.]</span></p>
<p><span class="AddHand-editors">[Aug<sup>t</sup>]</span> 3<sup>rd</sup></p>
<p style="text-align:justify;">Embarked at 3 O Clock and Encamped at 7 O Clock 8 miles above the Old fort<span class="AddHand-editors">[.]</span></p>
<p><span class="AddHand-editors">[Aug<sup>t</sup>]</span> 4<sup>th</sup></p>
<p style="text-align:justify;">Embarked at 4 O Clock<span class="AddHand-editors">[.]</span>  <span class="AddHand-editors">[A]</span>t 8 O Clock saw the Hare a Indian of the Forks oposite River <span style="text-decoration:underline;">Laposhe</span><span class="AddHand-editors">[.]</span>  <span class="AddHand-editors">[A]</span>t 11 O Clock arrived at the Grand Camp of the two Chiefs of the Forks 43 Indians to make provisions as I entered establishing a fort at or near this plase being a Beaver Countrie<span class="AddHand-editors">[.]</span>  I gave them 6 quarts of High Wines &amp; one fathom Tobbaccoe.  <span class="AddHand-editors">[T]</span>hey had a great quantity of fresh meet, of which they gave me what was wanted for the voyage<span class="AddHand-editors">[.]</span>  Encamped 20 miles below the little Lake on the S. side of the River<span class="AddHand-editors">[.]</span></p>
<p>5<sup>th</sup></p>
<p><span class="AddHand-editors">[W]</span>ind bound most of the day<span class="AddHand-editors">[.]</span>  Encamped at the Little Lake<span class="AddHand-editors">[.]</span></p>

<p align="page-number"><span class="AddHand-editors">[27]</span></p>

</div>
<p style="line-height:12px;font-size:10px;font-family:arial,swiss,sans-serif;"><span style="font-weight:bold;font-size:9px;">L E G E N D :</span><br /><span style="background-color:red;color:white;"> in red </span>, modifications made by the editor(s).<br /><span style="background-color:#9900ff;color:white;"> in lavender </span>, modifications made by the assumed author(s).</p>
</td>
<td align="right" width="410" valign="top">
<a style="margin-left:100px;"  class="small" title="JPEG Image" onmouseover="window.status='View Bigger JPEG Image'; return true" onmouseout="window.status=' '; return true" href="javascript:windowBigJPEG(280,300,'toolbar=no,location=no,scrollbars=yes,resizable=yes,alwaysRaised=yes','Page #29')">View bigger image in JPEG format [ 173k ]</a></td>
</tr>
<tr>
<td valign="top" width="410" align="left"><img src="../../../scans/0006/smallJPEG/MFTP0006PG0029.JPG" /></td>
</tr>
</table>

</body>
</html>
