<?xml version="1.0" encoding="iso-8859-1" ?>

<html>

 <head>
  <title>Journal of Great Bear Lake, 1805-1806.  - Page #21</title>
  <meta http-equiv="Content-Type" content="text/html;charset=iso-8859-1" />
<META Name="author" Content="McKenzie, Alexander.">
  <link rel="stylesheet" type="text/css" href="../../../../ss/css/FurTrade_StandAlonePage.IE.css" />
 </head>
<script TYPE="text/javascript" language="JavaScript">
<!-- hide
var WinBigJPEG=null;
function Add(){
if(parent.BackLink==1)
{
parent.BackLink=" ";
return("<a href='javascript:document.rechBis.submit()' target=mainFrame>Back to search results</a> | ");
}
else
return("");
}
function windowDejaVu(URL, name, specs, nopage) {
var WinDejaVu = window.open(URL, name, specs)
WinDejaVu.document.write("<html><head><title>DejaVu Image</title><style type=\"text/css\">body {background-color:#FFFFFF;margin:0.25em;font-family:tahoma,sans-serif;font-size:8pt;letter-spacing:1pt;}</style></head><body>")
WinDejaVu.document.write("<a href=\"\" onclick=\"window.close()\">Close window / Fermer cette fen�tre</a>");
WinDejaVu.document.write("<p style=\"margin:0em;\" align=\"center\">Journal of Great Bear Lake, 1805-1806. An electronic transcription.<br />McKenzie, Alexander. <b>" + nopage + "</b></p>");WinDejaVu.document.write("<embed type=\"image/x-djvu\" pluginspace=\"http://www.djvu.com/download.html\" src=\"../../../scans/0006/DejaVu/MFTP0006Pg021.djvu\" width=\"100%\" height=\"90%\"></body>");
WinDejaVu.document.close()
}
function windowBigJPEG(width,height,specs,nopage) {
x=screen.availWidth-width-20;
if(WinBigJPEG==null)
WinBigJPEG = window.open('','','width='+width+',height='+height+',screenX='+x+',screenY=20, top=20, left='+x+specs)
		else
		{
		if(WinBigJPEG.closed)
		WinBigJPEG = window.open('','','width='+width+',height='+height+',screenX='+x+',screenY=20, top=20, left='+x+specs)
		else
		{
		WinBigJPEG.close();
		WinBigJPEG = window.open('','','width='+width+',height='+height+',screenX='+x+',screenY=20, top=20, left='+x+specs)
		WinBigJPEG.focus();
		}
		}
WinBigJPEG.document.write("<html><head><title>Bigger JPEG Image</title><style type=\"text/css\">body {background-color:#FFFFFF;margin:0.25em;font-family:tahoma,sans-serif;font-size:8pt;letter-spacing:1pt;}</style></head><body>")
WinBigJPEG.document.write("<a href=\"\" onclick=\"window.close()\">Close window / Fermer cette fen�tre</a>");
WinBigJPEG.document.write("<p style=\"margin:0em;\" align=\"center\">Journal of Great Bear Lake, 1805-1806. An electronic transcription.<br />McKenzie, Alexander. <b>" + nopage + "</b></p>");WinBigJPEG.document.write("<img src=\"../../../scans/0006/bigJPEG/MFTP0006PG0021.JPG\" /></body>");
WinBigJPEG.document.close()
}
// end hiding -->
</script>
<script language="javascript">if(parent.main2)  parent.main2.cols='0%,100%';</script>

<body>

<p class="NavBar"><script language="javascript">document.write(Add());</script><a href="../../../../search/searchfs.htm" target="mainFrame">New search</a> | <a href="notes.html">Notes</a> | <a href="abstract.html">Abstract</a></p>
<p class="NavBar"><A HREF="Pg001.html">&lt;&lt; First Page</A> | <A HREF="Pg020.html">&lt; Previous Page</A> | <span class="PageFocusOn"> Page #21 of 48</span> | <A HREF="Pg022.html"> Next Page &gt;</A> | <A HREF="Pg048.html"> Last Page &gt;&gt;</A> </p>

<table class="page" align="center" width="770" border="0">
<tr>
<td rowspan="2" width="360" valign="top">
<p class="EnTeteTranscription">McKenzie, Alexander. Journal of Great Bear Lake, 1805-1806. An electronic transcription. MFTP #0006</p><div class="ContenuPage">
<p style="text-align:justify;">June 16<sup>th</sup></p>
<p style="text-align:justify;">frose.  <span class="AddHand-editors">[T]</span>hey often make their meal without fier<span class="AddHand-editors">[.]</span>  <span class="AddHand-editors">[T]</span>heir Dress is much the same as the red Knives but not so cleanly and the men &amp; woman wear their hair without Cutting any part of it<span class="AddHand-editors">[.]</span></p>
<p style="text-align:justify;">The Hare Indians is suposed to be 300 men of which only 115 have been at our trading posts<span class="AddHand-editors">[.]</span>  <span class="AddHand-editors">[T]</span>hey are a very Indolent set<span class="AddHand-editors">[.]</span>  <span class="AddHand-editors">[T]</span>hey Kill very little Beaver<span class="AddHand-editors">[.]</span>  <span class="AddHand-editors">[T]</span>heir prinsipal hunt is martins &amp; muskrats<span class="AddHand-editors">[.]</span>  <span class="AddHand-editors">[I]</span>t tis only three years since they have had traders amongst them<span class="AddHand-editors">[.]</span>  <span class="AddHand-editors">[T]</span>hey amuse themselves with taking fish and Hares<span class="AddHand-editors">[.]</span>  <span class="AddHand-editors">[T]</span>he prinsiple of their Cloathing is made with the Skin of the Hare<span class="AddHand-editors">[.]</span>  <span class="AddHand-editors">[T]</span>he Womans Robes or frocks is Lased <span class="AddHand-author">b</span>efore and very short<span class="AddHand-editors">[.]</span>  <span class="AddHand-editors">[A]</span>t their Camps they are amongst the men without much seremony<span class="AddHand-editors">[.]</span>  <span class="AddHand-editors">[T]</span>hey show all their shapes<span class="AddHand-editors">[.]</span></p>
<p style="text-align:justify;">The men has a small Leather tassel hanging before his private parts, which I supose is only ornament for his all is visible.  <span class="AddHand-editors">[T]</span>hey set snares for Carriboux and the musk Buffaloe of which they take great numbers<span class="AddHand-editors">[.]</span></p>
<p style="text-align:justify;"><span class="AddHand-editors">[June]</span> 17</p>
<p style="text-align:justify;">At 10 O Clock in the morning I left the Fort with the Farroe a Montineer to go to the Enterence of Bear River<span class="AddHand-editors">[.]</span>  We embarked on the Ice at a mile from the Fort<span class="AddHand-editors">[.]</span>  <span class="AddHand-editors">[W]</span>e found that the Ice was 6 feet thick<span class="AddHand-editors">[.]</span>  Lepratt one of my men had cut his Leg with an ax very badly not able to walk<span class="AddHand-editors">[.]</span>  I had the Cannoes Loaded at 3 O Clock and Embarked we shipped a good deal of watter<span class="AddHand-editors">[.]</span>  I made them put on shore and only left four Men per Cannoe<span class="AddHand-editors">[.]</span>  <span class="AddHand-editors">[T]</span>he others with M<sup>r</sup> G. and myself walked about four miles when we encamped not being able to go further for Ice<span class="AddHand-editors">[.]</span>  <span class="AddHand-editors">[T]</span>hree men from the Forks of M<sup>c</sup>Kenzies River arrived and informed me that they had left the cannoes at the Enterence of the River<span class="AddHand-editors">[,]</span> that they could not bring them up for the Ice and that they had lost one of their men since 12 O Clock about 3 miles below and had remained in serch of him all day without finding him<span class="AddHand-editors">[.]</span></p>
<p style="text-align:justify;"><span class="AddHand-editors">[June]</span> 18<sup>th</sup></p>
<p style="text-align:justify;">I sent two Indians in serche of the lost man<span class="AddHand-editors">[.]</span>  <span class="AddHand-editors">[A]</span>ll the Packs &amp;ca was well Covered and sent M<sup>r</sup> Grant with all the men to the Fort as they could live there on fish</p>
<p style="text-align:right;">without</p>

<p align="page-number"><span class="AddHand-editors">[19]</span></p>

</div>
<p style="line-height:12px;font-size:10px;font-family:arial,swiss,sans-serif;"><span style="font-weight:bold;font-size:9px;">L E G E N D :</span><br /><span style="background-color:red;color:white;"> in red </span>, modifications made by the editor(s).<br /><span style="background-color:#9900ff;color:white;"> in lavender </span>, modifications made by the assumed author(s).</p>
</td>
<td align="right" width="410" valign="top">
<a style="margin-left:100px;"  class="small" title="JPEG Image" onmouseover="window.status='View Bigger JPEG Image'; return true" onmouseout="window.status=' '; return true" href="javascript:windowBigJPEG(280,300,'toolbar=no,location=no,scrollbars=yes,resizable=yes,alwaysRaised=yes','Page #21')">View bigger image in JPEG format [ 167k ]</a></td>
</tr>
<tr>
<td valign="top" width="410" align="left"><img src="../../../scans/0006/smallJPEG/MFTP0006PG0021.JPG" /></td>
</tr>
</table>

</body>
</html>
