<?xml version="1.0" encoding="iso-8859-1" ?>

<html>

 <head>
  <title>Journal of Great Bear Lake, 1805-1806.  - Page #28</title>
  <meta http-equiv="Content-Type" content="text/html;charset=iso-8859-1" />
<META Name="author" Content="McKenzie, Alexander.">
  <link rel="stylesheet" type="text/css" href="../../../../ss/css/FurTrade_StandAlonePage.IE.css" />
 </head>
<script TYPE="text/javascript" language="JavaScript">
<!-- hide
var WinBigJPEG=null;
function Add(){
if(parent.BackLink==1)
{
parent.BackLink=" ";
return("<a href='javascript:document.rechBis.submit()' target=mainFrame>Back to search results</a> | ");
}
else
return("");
}
function windowDejaVu(URL, name, specs, nopage) {
var WinDejaVu = window.open(URL, name, specs)
WinDejaVu.document.write("<html><head><title>DejaVu Image</title><style type=\"text/css\">body {background-color:#FFFFFF;margin:0.25em;font-family:tahoma,sans-serif;font-size:8pt;letter-spacing:1pt;}</style></head><body>")
WinDejaVu.document.write("<a href=\"\" onclick=\"window.close()\">Close window / Fermer cette fen�tre</a>");
WinDejaVu.document.write("<p style=\"margin:0em;\" align=\"center\">Journal of Great Bear Lake, 1805-1806. An electronic transcription.<br />McKenzie, Alexander. <b>" + nopage + "</b></p>");WinDejaVu.document.write("<embed type=\"image/x-djvu\" pluginspace=\"http://www.djvu.com/download.html\" src=\"../../../scans/0006/DejaVu/MFTP0006Pg028.djvu\" width=\"100%\" height=\"90%\"></body>");
WinDejaVu.document.close()
}
function windowBigJPEG(width,height,specs,nopage) {
x=screen.availWidth-width-20;
if(WinBigJPEG==null)
WinBigJPEG = window.open('','','width='+width+',height='+height+',screenX='+x+',screenY=20, top=20, left='+x+specs)
		else
		{
		if(WinBigJPEG.closed)
		WinBigJPEG = window.open('','','width='+width+',height='+height+',screenX='+x+',screenY=20, top=20, left='+x+specs)
		else
		{
		WinBigJPEG.close();
		WinBigJPEG = window.open('','','width='+width+',height='+height+',screenX='+x+',screenY=20, top=20, left='+x+specs)
		WinBigJPEG.focus();
		}
		}
WinBigJPEG.document.write("<html><head><title>Bigger JPEG Image</title><style type=\"text/css\">body {background-color:#FFFFFF;margin:0.25em;font-family:tahoma,sans-serif;font-size:8pt;letter-spacing:1pt;}</style></head><body>")
WinBigJPEG.document.write("<a href=\"\" onclick=\"window.close()\">Close window / Fermer cette fen�tre</a>");
WinBigJPEG.document.write("<p style=\"margin:0em;\" align=\"center\">Journal of Great Bear Lake, 1805-1806. An electronic transcription.<br />McKenzie, Alexander. <b>" + nopage + "</b></p>");WinBigJPEG.document.write("<img src=\"../../../scans/0006/bigJPEG/MFTP0006PG0028.JPG\" /></body>");
WinBigJPEG.document.close()
}
// end hiding -->
</script>
<script language="javascript">if(parent.main2)  parent.main2.cols='0%,100%';</script>

<body>

<p class="NavBar"><script language="javascript">document.write(Add());</script><a href="../../../../search/searchfs.htm" target="mainFrame">New search</a> | <a href="notes.html">Notes</a> | <a href="abstract.html">Abstract</a></p>
<p class="NavBar"><A HREF="Pg001.html">&lt;&lt; First Page</A> | <A HREF="Pg027.html">&lt; Previous Page</A> | <span class="PageFocusOn"> Page #28 of 48</span> | <A HREF="Pg029.html"> Next Page &gt;</A> | <A HREF="Pg048.html"> Last Page &gt;&gt;</A> </p>

<table class="page" align="center" width="770" border="0">
<tr>
<td rowspan="2" width="360" valign="top">
<p class="EnTeteTranscription">McKenzie, Alexander. Journal of Great Bear Lake, 1805-1806. An electronic transcription. MFTP #0006</p><div class="ContenuPage">
<p style="text-align:justify;">July 12<sup>th</sup></p>
<p style="text-align:justify;">on a River Supposed to be 3 or 4 Miles Broad where there is a great Quantity of Beaver<span class="AddHand-editors">[.]</span>  <span class="AddHand-editors">[T]</span>his is the Large River Sir Alexander was informed of when on his voyage in this quarter<span class="AddHand-editors">[.]</span>  I expect in two or three years to have people sent there if possible.  <span class="AddHand-editors">[T]</span>raded a few skins with the Indians of Bluefish River.  Completed 12 packs<span class="AddHand-editors">[.]</span></p>
<p style="text-align:justify;"><span class="AddHand-editors">[July]</span> 13<sup>th</sup></p>
<p style="text-align:justify;">Embarked at 11 O Clock and Encamped 10 miles below Bear River<span class="AddHand-editors">[.]</span></p>
<p style="text-align:justify;"><span class="AddHand-editors">[July]</span> 14<sup>th</sup></p>
<p style="text-align:justify;">Embarked at 5 O Clock<span class="AddHand-editors">[.]</span>  <span class="AddHand-editors">[A]</span>t 9 O Clock put a shore to Breakfas at the Enterence of Great Bear River<span class="AddHand-editors">[.]</span>  Encamped at 7 O Clock at Rappid Island<span class="AddHand-editors">[.]</span></p>
<p style="text-align:justify;"><span class="AddHand-editors">[July]</span> 15<sup>th</sup></p>
<p style="text-align:justify;">Embarked at 5 O Clock<span class="AddHand-editors">[.]</span>  <span class="AddHand-editors">[P]</span>assed <span style="text-decoration:underline;">Isle que debule</span> at 1 O Clock<span class="AddHand-editors">[.]</span>  S wind<span class="AddHand-editors">[.]</span>  Encamped 8 miles above Castore que debule at 8 O Clock<span class="AddHand-editors">[.]</span></p>
<p style="text-align:justify;"><span class="AddHand-editors">[July]</span> 16<sup>th</sup></p>
<p style="text-align:justify;">Embarked at 3 O Clock<span class="AddHand-editors">[.]</span>  <span class="AddHand-editors">[E]</span>ncamped at 10 O Clock<span class="AddHand-editors">[.]</span>  Rain<span class="AddHand-editors">[.]</span></p>
<p style="text-align:justify;"><span class="AddHand-editors">[July]</span> 17<sup>th</sup></p>
<p style="text-align:justify;">Embarked at 2 O Clock in the afternoon<span class="AddHand-editors">[.]</span>  Clear weather<span class="AddHand-editors">[.]</span>  <span class="AddHand-editors">[A]</span>t 6 O Clock arrived at 3 Camps or Lodges of Dogrib Indians<span class="AddHand-editors">[.]</span>  <span class="AddHand-editors">[T]</span>hey had some provisions about a days march in land but although our pemegan was hardily eatible I would not remain to send for it<span class="AddHand-editors">[.]</span>  Encamped at 8 O Clock<span class="AddHand-editors">[.]</span></p>
<p style="text-align:justify;"><span class="AddHand-editors">[July]</span> 18<sup>th</sup></p>
<p style="text-align:justify;">Embarked at 4 O Clock and Encamped oposite the <span style="text-decoration:underline;">Gro Roshe</span><span class="AddHand-editors">[.]</span></p>
<p style="text-align:justify;"><span class="AddHand-editors">[July]</span> 19<sup>th</sup></p>
<p style="text-align:justify;">Embarked at 4 O Clock and Encamped 9 miles below Rivers <span style="text-decoration:underline;">Sole</span><span class="AddHand-editors">[.]</span></p>
<p style="text-align:justify;"><span class="AddHand-editors">[July]</span> 20<sup>th</sup></p>
<p style="text-align:justify;">Embarked a 5 O Clock<span class="AddHand-editors">[.]</span>  <span class="AddHand-editors">[A]</span>t 8 O Clock put on shore to Breakfast at 5 Lodges of Dog Rib Indians of the Forks<span class="AddHand-editors">[.]</span>  <span class="AddHand-editors">[T]</span>hey have been called Beaver Indians by some in this Countrie but they are Dog Rib (or Slaves)<span class="AddHand-editors">[.]</span>  <span class="AddHand-editors">[T]</span>heir intentions was to go and join those of the same Nation at Great Bear Lake.  I desired that they would return to their Fort that any Indians that left their Fort would not receive a pipe of Tobbaccoe at any other Fort<span class="AddHand-editors">[.]</span>  <span class="AddHand-editors">[T]</span>hey promised not to go further down and as soon as the Leaves was yellow they would return to the Forks, (or Fort)<span class="AddHand-editors">[.]</span>  I embarked after giving them each two Inches of Tobbaccoe and Camped 16 miles below Rockey Mountain Fort.</p>
<p style="text-align:justify;">21<sup>st</sup></p>
<p style="text-align:justify;">Embarked at 5 O Clock<span class="AddHand-editors">[.]</span>  <span class="AddHand-editors">[P]</span>assed Rockey Mountain Fort at 11 O Clock<span class="AddHand-editors">[.]</span>  Encamped at 8 O Clock<span class="AddHand-editors">[.]</span>  <span class="AddHand-editors">[T]</span>he pemegan was so bad I gave the men a dram and some sugar to mix with their pemegan<span class="AddHand-editors">[.]</span>  <span class="AddHand-editors">[T]</span>he most of them got sick &amp; weak having</p>
<p style="text-align:right;">Such</p>

<p align="page-number"><span class="AddHand-editors">[26]</span></p>

</div>
<p style="line-height:12px;font-size:10px;font-family:arial,swiss,sans-serif;"><span style="font-weight:bold;font-size:9px;">L E G E N D :</span><br /><span style="background-color:red;color:white;"> in red </span>, modifications made by the editor(s).<br /><span style="background-color:#9900ff;color:white;"> in lavender </span>, modifications made by the assumed author(s).</p>
</td>
<td align="right" width="410" valign="top">
<a style="margin-left:100px;"  class="small" title="JPEG Image" onmouseover="window.status='View Bigger JPEG Image'; return true" onmouseout="window.status=' '; return true" href="javascript:windowBigJPEG(280,300,'toolbar=no,location=no,scrollbars=yes,resizable=yes,alwaysRaised=yes','Page #28')">View bigger image in JPEG format [ 180k ]</a></td>
</tr>
<tr>
<td valign="top" width="410" align="left"><img src="../../../scans/0006/smallJPEG/MFTP0006PG0028.JPG" /></td>
</tr>
</table>

</body>
</html>
