<?xml version="1.0" encoding="iso-8859-1" ?>

<html>

 <head>
  <title>Journal of Great Bear Lake, 1805-1806.  - Page #27</title>
  <meta http-equiv="Content-Type" content="text/html;charset=iso-8859-1" />
<META Name="author" Content="McKenzie, Alexander.">
  <link rel="stylesheet" type="text/css" href="../../../../ss/css/FurTrade_StandAlonePage.IE.css" />
 </head>
<script TYPE="text/javascript" language="JavaScript">
<!-- hide
var WinBigJPEG=null;
function Add(){
if(parent.BackLink==1)
{
parent.BackLink=" ";
return("<a href='javascript:document.rechBis.submit()' target=mainFrame>Back to search results</a> | ");
}
else
return("");
}
function windowDejaVu(URL, name, specs, nopage) {
var WinDejaVu = window.open(URL, name, specs)
WinDejaVu.document.write("<html><head><title>DejaVu Image</title><style type=\"text/css\">body {background-color:#FFFFFF;margin:0.25em;font-family:tahoma,sans-serif;font-size:8pt;letter-spacing:1pt;}</style></head><body>")
WinDejaVu.document.write("<a href=\"\" onclick=\"window.close()\">Close window / Fermer cette fen�tre</a>");
WinDejaVu.document.write("<p style=\"margin:0em;\" align=\"center\">Journal of Great Bear Lake, 1805-1806. An electronic transcription.<br />McKenzie, Alexander. <b>" + nopage + "</b></p>");WinDejaVu.document.write("<embed type=\"image/x-djvu\" pluginspace=\"http://www.djvu.com/download.html\" src=\"../../../scans/0006/DejaVu/MFTP0006Pg027.djvu\" width=\"100%\" height=\"90%\"></body>");
WinDejaVu.document.close()
}
function windowBigJPEG(width,height,specs,nopage) {
x=screen.availWidth-width-20;
if(WinBigJPEG==null)
WinBigJPEG = window.open('','','width='+width+',height='+height+',screenX='+x+',screenY=20, top=20, left='+x+specs)
		else
		{
		if(WinBigJPEG.closed)
		WinBigJPEG = window.open('','','width='+width+',height='+height+',screenX='+x+',screenY=20, top=20, left='+x+specs)
		else
		{
		WinBigJPEG.close();
		WinBigJPEG = window.open('','','width='+width+',height='+height+',screenX='+x+',screenY=20, top=20, left='+x+specs)
		WinBigJPEG.focus();
		}
		}
WinBigJPEG.document.write("<html><head><title>Bigger JPEG Image</title><style type=\"text/css\">body {background-color:#FFFFFF;margin:0.25em;font-family:tahoma,sans-serif;font-size:8pt;letter-spacing:1pt;}</style></head><body>")
WinBigJPEG.document.write("<a href=\"\" onclick=\"window.close()\">Close window / Fermer cette fen�tre</a>");
WinBigJPEG.document.write("<p style=\"margin:0em;\" align=\"center\">Journal of Great Bear Lake, 1805-1806. An electronic transcription.<br />McKenzie, Alexander. <b>" + nopage + "</b></p>");WinBigJPEG.document.write("<img src=\"../../../scans/0006/bigJPEG/MFTP0006PG0027.JPG\" /></body>");
WinBigJPEG.document.close()
}
// end hiding -->
</script>
<script language="javascript">if(parent.main2)  parent.main2.cols='0%,100%';</script>

<body>

<p class="NavBar"><script language="javascript">document.write(Add());</script><a href="../../../../search/searchfs.htm" target="mainFrame">New search</a> | <a href="notes.html">Notes</a> | <a href="abstract.html">Abstract</a></p>
<p class="NavBar"><A HREF="Pg001.html">&lt;&lt; First Page</A> | <A HREF="Pg026.html">&lt; Previous Page</A> | <span class="PageFocusOn"> Page #27 of 48</span> | <A HREF="Pg028.html"> Next Page &gt;</A> | <A HREF="Pg048.html"> Last Page &gt;&gt;</A> </p>

<table class="page" align="center" width="770" border="0">
<tr>
<td rowspan="2" width="360" valign="top">
<p class="EnTeteTranscription">McKenzie, Alexander. Journal of Great Bear Lake, 1805-1806. An electronic transcription. MFTP #0006</p><div class="ContenuPage">
<p style="text-align:justify;">July 7<sup>th</sup></p>
<p style="text-align:justify;">Wife &amp; family and that he would not leave me<span class="AddHand-editors">[.]</span>  Embarked at 3 O Clock in the morning &amp; Encamped at 6 O Clock in the evening oposite Eskimoe river.</p>
<p style="text-align:justify;">8<sup>th</sup></p>
<p style="text-align:justify;">Embarked at 2 O Clock<span class="AddHand-editors">[.]</span>  <span class="AddHand-editors">[A]</span>rrived where I left Laprise and Lepratt at 6 O Clock in the evening<span class="AddHand-editors">[.]</span>  <span class="AddHand-editors">[N]</span>o Indians had arrived there but we saw smoke at a great distance in land on the S. side of the River<span class="AddHand-editors">[.]</span>  I examined the provisions and found the pemegan quite mustey<span class="AddHand-editors">[.]</span>  I prevailed on the Quarler to return from this<span class="AddHand-editors">[.]</span>  <span class="AddHand-editors">[G]</span>ave him a him a Cannoe<span class="AddHand-editors">[,]</span> one ax<span class="AddHand-editors">[,]</span> 3 fathoms Gartering<span class="AddHand-editors">[,]</span> 1 awle<span class="AddHand-editors">[,]</span> one fiersteel<span class="AddHand-editors">[,]</span> one flint<span class="AddHand-editors">[,]</span> spunk<span class="AddHand-editors">[,]</span> 1 knife &amp; 8<sup>lb</sup> of Bad pemegan half Rotten<span class="AddHand-editors">[.]</span>  <span class="AddHand-editors">[H]</span>e was so well pleased off knowing how to strike fier with such ease he returned with great pleasure<span class="AddHand-editors">[.]</span>  I added to his Cargo 1/16<sup>lb</sup> of Beads and to inform his friends that I intended Building a fort at Blue fish River where they might come to without danger and to acquaint his Relations of the others deserting from me and that it would be to far for him to return a lone in the fall<span class="AddHand-editors">[.]</span></p>
<p style="text-align:justify;"><span class="AddHand-editors">[July]</span> 9<sup>th</sup></p>
<p style="text-align:justify;">Embarked after paying the Old Rappid Chief for his voyage viz &#8211; 3 fathoms Gartering<span class="AddHand-editors">[,]</span> 1 Half Ax &amp; 1 Knife<span class="AddHand-editors">[.]</span>  <span class="AddHand-editors">[H]</span>e was of great Service to me as he understood them<span class="AddHand-editors">[.]</span>  Encamped at the Beaver Mountain at 6 O Clock<span class="AddHand-editors">[.]</span>  <span class="AddHand-editors">[A]</span>t 9 O Clock the wind from the N. we embarked and sailed to the Rappids<span class="AddHand-editors">[.]</span>  Camped at 12 O Clock<span class="AddHand-editors">[.]</span>  <span class="AddHand-editors">[H]</span>eavey Rain<span class="AddHand-editors">[.]</span></p>
<p style="text-align:justify;">10<sup>th</sup></p>
<p style="text-align:justify;">Embarked at 5 O Clock and Breakfasted above the Rapids<span class="AddHand-editors">[.]</span>  Encamped 6 miles above the <span style="text-decoration:underline;">Gro</span> <span style="text-decoration:underline;">Roshe</span> at 9 O Clock<span class="AddHand-editors">[.]</span>  <span class="AddHand-editors">[T]</span>his Rock is about 250 feet hanging over part of the River<span class="AddHand-editors">[.]</span>  Slight Rain<span class="AddHand-editors">[.]</span></p>
<p style="text-align:justify;">11<sup>th</sup></p>
<p style="text-align:justify;">Embarked at 3 O Clock and encamped 12 miles to the N. of Bluefish River<span class="AddHand-editors">[.]</span></p>
<p style="text-align:justify;">12<sup>th</sup></p>
<p style="text-align:justify;">Embarked at 3 O Clock and arrived at Bluefish River at 9 O Clock in the morning<span class="AddHand-editors">[.]</span>  <span class="AddHand-editors">[T]</span>he Indians I sent for the Mountain or (atahatines was not returned<span class="AddHand-editors">[).]</span>  <span class="AddHand-editors">[H]</span>ere I paid my five Indians that had been with me and left 3 of them to hunt for M<sup>r</sup> Grant<span class="AddHand-editors">[,]</span> Laprise &amp; Paul Beaboe that I left here to Build a fort<span class="AddHand-editors">[.]</span></p>
<p style="text-align:justify;"><span style="text-decoration:underline;">Aperatinies</span> is Indians that trades with the Indians here Large Blue &amp; White Beads<span class="AddHand-editors">[.]</span>  <span class="AddHand-editors">[T]</span>hey Camp 10 nights to meet them</p>
<p style="text-align:right;">on a</p>

<p align="page-number"><span class="AddHand-editors">[25]</span></p>

</div>
<p style="line-height:12px;font-size:10px;font-family:arial,swiss,sans-serif;"><span style="font-weight:bold;font-size:9px;">L E G E N D :</span><br /><span style="background-color:red;color:white;"> in red </span>, modifications made by the editor(s).<br /><span style="background-color:#9900ff;color:white;"> in lavender </span>, modifications made by the assumed author(s).</p>
</td>
<td align="right" width="410" valign="top">
<a style="margin-left:100px;"  class="small" title="JPEG Image" onmouseover="window.status='View Bigger JPEG Image'; return true" onmouseout="window.status=' '; return true" href="javascript:windowBigJPEG(280,300,'toolbar=no,location=no,scrollbars=yes,resizable=yes,alwaysRaised=yes','Page #27')">View bigger image in JPEG format [ 182k ]</a></td>
</tr>
<tr>
<td valign="top" width="410" align="left"><img src="../../../scans/0006/smallJPEG/MFTP0006PG0027.JPG" /></td>
</tr>
</table>

</body>
</html>
