<?xml version="1.0" encoding="iso-8859-1" ?>

<html>

 <head>
  <title>Journal of Great Bear Lake, 1805-1806.  - Page #20</title>
  <meta http-equiv="Content-Type" content="text/html;charset=iso-8859-1" />
<META Name="author" Content="McKenzie, Alexander.">
  <link rel="stylesheet" type="text/css" href="../../../../ss/css/FurTrade_StandAlonePage.IE.css" />
 </head>
<script TYPE="text/javascript" language="JavaScript">
<!-- hide
var WinBigJPEG=null;
function Add(){
if(parent.BackLink==1)
{
parent.BackLink=" ";
return("<a href='javascript:document.rechBis.submit()' target=mainFrame>Back to search results</a> | ");
}
else
return("");
}
function windowDejaVu(URL, name, specs, nopage) {
var WinDejaVu = window.open(URL, name, specs)
WinDejaVu.document.write("<html><head><title>DejaVu Image</title><style type=\"text/css\">body {background-color:#FFFFFF;margin:0.25em;font-family:tahoma,sans-serif;font-size:8pt;letter-spacing:1pt;}</style></head><body>")
WinDejaVu.document.write("<a href=\"\" onclick=\"window.close()\">Close window / Fermer cette fen�tre</a>");
WinDejaVu.document.write("<p style=\"margin:0em;\" align=\"center\">Journal of Great Bear Lake, 1805-1806. An electronic transcription.<br />McKenzie, Alexander. <b>" + nopage + "</b></p>");WinDejaVu.document.write("<embed type=\"image/x-djvu\" pluginspace=\"http://www.djvu.com/download.html\" src=\"../../../scans/0006/DejaVu/MFTP0006Pg020.djvu\" width=\"100%\" height=\"90%\"></body>");
WinDejaVu.document.close()
}
function windowBigJPEG(width,height,specs,nopage) {
x=screen.availWidth-width-20;
if(WinBigJPEG==null)
WinBigJPEG = window.open('','','width='+width+',height='+height+',screenX='+x+',screenY=20, top=20, left='+x+specs)
		else
		{
		if(WinBigJPEG.closed)
		WinBigJPEG = window.open('','','width='+width+',height='+height+',screenX='+x+',screenY=20, top=20, left='+x+specs)
		else
		{
		WinBigJPEG.close();
		WinBigJPEG = window.open('','','width='+width+',height='+height+',screenX='+x+',screenY=20, top=20, left='+x+specs)
		WinBigJPEG.focus();
		}
		}
WinBigJPEG.document.write("<html><head><title>Bigger JPEG Image</title><style type=\"text/css\">body {background-color:#FFFFFF;margin:0.25em;font-family:tahoma,sans-serif;font-size:8pt;letter-spacing:1pt;}</style></head><body>")
WinBigJPEG.document.write("<a href=\"\" onclick=\"window.close()\">Close window / Fermer cette fen�tre</a>");
WinBigJPEG.document.write("<p style=\"margin:0em;\" align=\"center\">Journal of Great Bear Lake, 1805-1806. An electronic transcription.<br />McKenzie, Alexander. <b>" + nopage + "</b></p>");WinBigJPEG.document.write("<img src=\"../../../scans/0006/bigJPEG/MFTP0006PG0020.JPG\" /></body>");
WinBigJPEG.document.close()
}
// end hiding -->
</script>
<script language="javascript">if(parent.main2)  parent.main2.cols='0%,100%';</script>

<body>

<p class="NavBar"><script language="javascript">document.write(Add());</script><a href="../../../../search/searchfs.htm" target="mainFrame">New search</a> | <a href="notes.html">Notes</a> | <a href="abstract.html">Abstract</a></p>
<p class="NavBar"><A HREF="Pg001.html">&lt;&lt; First Page</A> | <A HREF="Pg019.html">&lt; Previous Page</A> | <span class="PageFocusOn"> Page #20 of 48</span> | <A HREF="Pg021.html"> Next Page &gt;</A> | <A HREF="Pg048.html"> Last Page &gt;&gt;</A> </p>

<table class="page" align="center" width="770" border="0">
<tr>
<td rowspan="2" width="360" valign="top">
<p class="EnTeteTranscription">McKenzie, Alexander. Journal of Great Bear Lake, 1805-1806. An electronic transcription. MFTP #0006</p><div class="ContenuPage">
<p style="text-align:justify;">June 16<sup>th</sup></p>
<p style="text-align:justify;">The Indians that hunts about this Great Lake is Red Knives Slaves (or dog Rib) and Hair Indians<span class="AddHand-editors">[.]</span>  The Red Knives that Resorts here is twenty five men with their familys<span class="AddHand-editors">[.]</span>  Their Lands is on the E. side of the Lake<span class="AddHand-editors">[.]</span>  <span class="AddHand-editors">[T]</span>he remainder of them which is about one hundred men) or hunters trades at Slave Lake<span class="AddHand-editors">[.]</span>  <span class="AddHand-editors">[T]</span>hey are the best Hunters of Beaver on this side of Pease River<span class="AddHand-editors">[.]</span>  <span class="AddHand-editors">[T]</span>heir general Hunting dress is the Cariboux skin drest with the Hair on for the winter &amp; the moose deerskin without the Hair for the Summer<span class="AddHand-editors">[.]</span>  <span class="AddHand-editors">[E]</span>very band has their Chief (or <span style="text-decoration:underline;">Becondere</span>)<span class="AddHand-editors">[.]</span>  <span class="AddHand-editors">[E]</span>ach Chief has from ten to 30 men according to their Esteem or fear of him, as they most generaley are stronger than any of their Band<span class="AddHand-editors">[.]</span>  <span class="AddHand-editors">[T]</span>hey often fight for their woman<span class="AddHand-editors">[.]</span>  <span class="AddHand-editors">[T]</span>he strongest carrys off the woman by the Hair of the Head<span class="AddHand-editors">[.]</span>  <span class="AddHand-editors">[T]</span>heir way of fighting is by pulling by the hair to bring their oponents to the ground and there they hold him until he gives up all Claim to the woman<span class="AddHand-editors">[.]</span>  <span class="AddHand-editors">[T]</span>his gives great amusement to the lookers on although they never interfere<span class="AddHand-editors">[.]</span>  <span class="AddHand-editors">[T]</span>hey have Likewise a Custom of taking a woman in the woods and four of them holds his, one to each Leg &amp; arm, while the whole Camp of men except her relations, has Carnal Connection with her<span class="AddHand-editors">[.]</span>  <span class="AddHand-editors">[S]</span>uch poor woman as this happens to is always despised afterwards<span class="AddHand-editors">[.]</span></p>
<p style="text-align:justify;">The Slaves (say) Dog Rib Indians is about 250 men &amp; Boy<span class="AddHand-editors">[.]</span>  <span class="AddHand-editors">[T]</span>hey was formerly on the Borders of Slave Lake but was drove here by the Crees<span class="AddHand-editors">[.]</span>  <span class="AddHand-editors">[T]</span>hey are very poor hunters<span class="AddHand-editors">[.]</span>  <span class="AddHand-editors">[T]</span>hey only hunt the Beaver<span class="AddHand-editors">[.]</span>  <span class="AddHand-editors">[S]</span>pring and fall their prinsipal diet is fish<span class="AddHand-editors">[.]</span>  <span class="AddHand-editors">[T]</span>hey make nets of the green whillow which is superior to ours of thread and as fine<span class="AddHand-editors">[.]</span>  <span class="AddHand-editors">[T]</span>hey Likewise spur fish with a spur made of the Carriboux Horn and take Trout with the Line set under the Ice<span class="AddHand-editors">[.]</span>  <span class="AddHand-editors">[T]</span>he Hooks is generally made with a Rib Bone of the Beaver fastened to a small piece of wood (thus <span class="AddHand-editors">[simple diagram]</span><span class="AddHand-editors">[).]</span>  <span class="AddHand-editors">[T]</span>he men does all the works even makes his own shoes<span class="AddHand-editors">[.]</span>  <span class="AddHand-editors">[T]</span>he woman dress skins and works belts &amp;ca with porqupine quils<span class="AddHand-editors">[.]</span>  <span class="AddHand-editors">[I]</span>n the winter they eat their fish Raw or very little rosted only on the out side while the</p>
<p style="text-align:right;">middle is frose</p>

<p align="page-number"><span class="AddHand-editors">[18]</span></p>

</div>
<p style="line-height:12px;font-size:10px;font-family:arial,swiss,sans-serif;"><span style="font-weight:bold;font-size:9px;">L E G E N D :</span><br /><span style="background-color:red;color:white;"> in red </span>, modifications made by the editor(s).<br /><span style="background-color:#9900ff;color:white;"> in lavender </span>, modifications made by the assumed author(s).</p>
</td>
<td align="right" width="410" valign="top">
<a style="margin-left:100px;"  class="small" title="JPEG Image" onmouseover="window.status='View Bigger JPEG Image'; return true" onmouseout="window.status=' '; return true" href="javascript:windowBigJPEG(280,300,'toolbar=no,location=no,scrollbars=yes,resizable=yes,alwaysRaised=yes','Page #20')">View bigger image in JPEG format [ 180k ]</a></td>
</tr>
<tr>
<td valign="top" width="410" align="left"><img src="../../../scans/0006/smallJPEG/MFTP0006PG0020.JPG" /></td>
</tr>
</table>

</body>
</html>
