<?xml version="1.0" encoding="iso-8859-1" ?>

<html>

 <head>
  <title>Journal of Great Bear Lake, 1805-1806.  - Page #30</title>
  <meta http-equiv="Content-Type" content="text/html;charset=iso-8859-1" />
<META Name="author" Content="McKenzie, Alexander.">
  <link rel="stylesheet" type="text/css" href="../../../../ss/css/FurTrade_StandAlonePage.IE.css" />
 </head>
<script TYPE="text/javascript" language="JavaScript">
<!-- hide
var WinBigJPEG=null;
function Add(){
if(parent.BackLink==1)
{
parent.BackLink=" ";
return("<a href='javascript:document.rechBis.submit()' target=mainFrame>Back to search results</a> | ");
}
else
return("");
}
function windowDejaVu(URL, name, specs, nopage) {
var WinDejaVu = window.open(URL, name, specs)
WinDejaVu.document.write("<html><head><title>DejaVu Image</title><style type=\"text/css\">body {background-color:#FFFFFF;margin:0.25em;font-family:tahoma,sans-serif;font-size:8pt;letter-spacing:1pt;}</style></head><body>")
WinDejaVu.document.write("<a href=\"\" onclick=\"window.close()\">Close window / Fermer cette fen�tre</a>");
WinDejaVu.document.write("<p style=\"margin:0em;\" align=\"center\">Journal of Great Bear Lake, 1805-1806. An electronic transcription.<br />McKenzie, Alexander. <b>" + nopage + "</b></p>");WinDejaVu.document.write("<embed type=\"image/x-djvu\" pluginspace=\"http://www.djvu.com/download.html\" src=\"../../../scans/0006/DejaVu/MFTP0006Pg030.djvu\" width=\"100%\" height=\"90%\"></body>");
WinDejaVu.document.close()
}
function windowBigJPEG(width,height,specs,nopage) {
x=screen.availWidth-width-20;
if(WinBigJPEG==null)
WinBigJPEG = window.open('','','width='+width+',height='+height+',screenX='+x+',screenY=20, top=20, left='+x+specs)
		else
		{
		if(WinBigJPEG.closed)
		WinBigJPEG = window.open('','','width='+width+',height='+height+',screenX='+x+',screenY=20, top=20, left='+x+specs)
		else
		{
		WinBigJPEG.close();
		WinBigJPEG = window.open('','','width='+width+',height='+height+',screenX='+x+',screenY=20, top=20, left='+x+specs)
		WinBigJPEG.focus();
		}
		}
WinBigJPEG.document.write("<html><head><title>Bigger JPEG Image</title><style type=\"text/css\">body {background-color:#FFFFFF;margin:0.25em;font-family:tahoma,sans-serif;font-size:8pt;letter-spacing:1pt;}</style></head><body>")
WinBigJPEG.document.write("<a href=\"\" onclick=\"window.close()\">Close window / Fermer cette fen�tre</a>");
WinBigJPEG.document.write("<p style=\"margin:0em;\" align=\"center\">Journal of Great Bear Lake, 1805-1806. An electronic transcription.<br />McKenzie, Alexander. <b>" + nopage + "</b></p>");WinBigJPEG.document.write("<img src=\"../../../scans/0006/bigJPEG/MFTP0006PG0030.JPG\" /></body>");
WinBigJPEG.document.close()
}
// end hiding -->
</script>
<script language="javascript">if(parent.main2)  parent.main2.cols='0%,100%';</script>

<body>

<p class="NavBar"><script language="javascript">document.write(Add());</script><a href="../../../../search/searchfs.htm" target="mainFrame">New search</a> | <a href="notes.html">Notes</a> | <a href="abstract.html">Abstract</a></p>
<p class="NavBar"><A HREF="Pg001.html">&lt;&lt; First Page</A> | <A HREF="Pg029.html">&lt; Previous Page</A> | <span class="PageFocusOn"> Page #30 of 48</span> | <A HREF="Pg031.html"> Next Page &gt;</A> | <A HREF="Pg048.html"> Last Page &gt;&gt;</A> </p>

<table class="page" align="center" width="770" border="0">
<tr>
<td rowspan="2" width="360" valign="top">
<p class="EnTeteTranscription">McKenzie, Alexander. Journal of Great Bear Lake, 1805-1806. An electronic transcription. MFTP #0006</p><div class="ContenuPage">
<p style="text-align:justify;">Aug<sup>t</sup> 6<sup>th</sup></p>
<p style="text-align:justify;">Embarked at 4 O Clock and went up the S Branch as the Cannoe was not heavey loaded<span class="AddHand-editors">[,]</span> only 12 packs 1 keg of Castoreum and my Baggage<span class="AddHand-editors">[.]</span>  I found watter sufisent for a Loaded Cannoe and a much shorter passage than by the main River<span class="AddHand-editors">[.]</span>  I met a <span style="text-decoration:underline;">Chipewayan</span> that informed me that there was people a Building a fort about 20 miles above the enterence of M<sup>c</sup>Kenzies River and that he was a going to acquaint the Slaves of it by order of D M<sup>c</sup>K<span class="AddHand-editors">[.]</span>  <span class="AddHand-editors">[I]</span>t tis sertain if the Red Knives is sent down the River it will drive the Slaves Back to the Forks after so much trouble to have got them from their fishing Countrie and where there is very little Beaver<span class="AddHand-editors">[.]</span>  Encamped 6 miles above the Enterence of M<sup>c</sup>Kenzies River<span class="AddHand-editors">[.]</span></p>
<p><span class="AddHand-editors">[Aug<sup>t</sup>]</span> 7<sup>th</sup></p>
<p style="text-align:justify;">Embarked at 5 O Clock and arrived at Red Knife Fort at 2 O Clock &#8211; where <span style="text-decoration:underline;">I found two men one</span> Enterprater and a Clerk which I thought was rather Extravagant<span class="AddHand-editors">[.]</span></p>
<p><span class="AddHand-editors">[Aug<sup>t</sup>]</span> 8<sup>th</sup></p>
<p style="text-align:justify;">Embarked at 5 O Clock and Encamped at Hay River at 6 O Clock in the Evening<span class="AddHand-editors">[.]</span>  I understand there is an Establishment making up this River<span class="AddHand-editors">[,]</span> One Clerk 3 men and an Enterprater for the Chipewayans<span class="AddHand-editors">[,]</span> which ought to have been made last fall<span class="AddHand-editors">[.]</span>  <span class="AddHand-editors">[I]</span>ts not being done was at least 80 packs lost to the N.W Comp<sup>ey</sup><span class="AddHand-editors">[.]</span></p>
<p style="text-align:justify;"><span class="AddHand-editors">[Aug<sup>t</sup>]</span> 9<sup>th</sup></p>
<p style="text-align:justify;">Embarked at 4 O Clock and Encamped at a point between Burnt Island and Isle de Mort.  (<span class="AddHand-editors">[T]</span>his Island is Called so on acc<sup>t</sup> there was a man starved to death there)<span class="AddHand-editors">[.]</span></p>
<p style="text-align:justify;"><span class="AddHand-editors">[Aug<sup>t</sup>]</span> 10<sup>th</sup></p>
<p style="text-align:justify;">Embarked at 4 O Clock and arrived at Moosedeer Island at 12 O Clock and was much surprised to find my 4 Cannoes there<span class="AddHand-editors">[.]</span>  Cadien had wet his packs twice<span class="AddHand-editors">[.]</span>  <span class="AddHand-editors">[T]</span>hey had in the four Cannoes 105 packs &amp; 12 in my own which was the returns of M<sup>c</sup>Kenzies River 117 small packs<span class="AddHand-editors">[.]</span></p>
<p style="text-align:justify;"><span class="AddHand-editors">[Aug<sup>t</sup>]</span> 11<sup>th</sup></p>
<p style="text-align:justify;">Wind Bound<span class="AddHand-editors">[.]</span>  Examined Cadiens packs and found them much damaged<span class="AddHand-editors">[.]</span></p>
<p style="text-align:justify;"><span class="AddHand-editors">[Aug<sup>t</sup>]</span> 12<sup>th</sup></p>
<p style="text-align:justify;"><span class="AddHand-editors">[W]</span>ind bound<span class="AddHand-editors">[.]</span></p>
<p style="text-align:justify;"><span class="AddHand-editors">[Aug<sup>t</sup>]</span> 13<sup>th</sup></p>
<p style="text-align:justify;">Embarked at 6 O Clock<span class="AddHand-editors">[.]</span>  Strong wind<span class="AddHand-editors">[.]</span>  <span class="AddHand-editors">[E]</span>ntered slave River at 8 O Clock and Encamped at 7 O Clock one mile Below Beaver Island<span class="AddHand-editors">[.]</span></p>
<p style="text-align:justify;"><span class="AddHand-editors">[Aug<sup>t</sup>]</span> 14<sup>th</sup></p>
<p style="text-align:justify;">Embarked at 4 O Clock and Encamped 4 miles above <span style="text-decoration:underline;">Grose</span> Isle<span class="AddHand-editors">[.]</span></p>
<p style="text-align:justify;"><span class="AddHand-editors">[Aug<sup>t</sup>]</span> 15<sup>th</sup></p>
<p style="text-align:justify;">Embarked at 4 O Clock and Encamped on Burnt Island<span class="AddHand-editors">[.]</span></p>
<p style="text-align:justify;"><span class="AddHand-editors">[Aug<sup>t</sup>]</span> 16<sup>th</sup></p>
<p style="text-align:justify;">Embarked at 4 O Clock and at 7 Encamped above the <span style="text-decoration:underline;">Grand detour</span><span class="AddHand-editors">[.]</span></p>

<p align="page-number"><span class="AddHand-editors">[28]</span></p>

</div>
<p style="line-height:12px;font-size:10px;font-family:arial,swiss,sans-serif;"><span style="font-weight:bold;font-size:9px;">L E G E N D :</span><br /><span style="background-color:red;color:white;"> in red </span>, modifications made by the editor(s).<br /><span style="background-color:#9900ff;color:white;"> in lavender </span>, modifications made by the assumed author(s).</p>
</td>
<td align="right" width="410" valign="top">
<a style="margin-left:100px;"  class="small" title="JPEG Image" onmouseover="window.status='View Bigger JPEG Image'; return true" onmouseout="window.status=' '; return true" href="javascript:windowBigJPEG(280,300,'toolbar=no,location=no,scrollbars=yes,resizable=yes,alwaysRaised=yes','Page #30')">View bigger image in JPEG format [ 182k ]</a></td>
</tr>
<tr>
<td valign="top" width="410" align="left"><img src="../../../scans/0006/smallJPEG/MFTP0006PG0030.JPG" /></td>
</tr>
</table>

</body>
</html>
