<?xml version="1.0" encoding="iso-8859-1" ?>

<html>

 <head>
  <title>Journal of Great Bear Lake, 1805-1806.  - Page #31</title>
  <meta http-equiv="Content-Type" content="text/html;charset=iso-8859-1" />
<META Name="author" Content="McKenzie, Alexander.">
  <link rel="stylesheet" type="text/css" href="../../../../ss/css/FurTrade_StandAlonePage.IE.css" />
 </head>
<script TYPE="text/javascript" language="JavaScript">
<!-- hide
var WinBigJPEG=null;
function Add(){
if(parent.BackLink==1)
{
parent.BackLink=" ";
return("<a href='javascript:document.rechBis.submit()' target=mainFrame>Back to search results</a> | ");
}
else
return("");
}
function windowDejaVu(URL, name, specs, nopage) {
var WinDejaVu = window.open(URL, name, specs)
WinDejaVu.document.write("<html><head><title>DejaVu Image</title><style type=\"text/css\">body {background-color:#FFFFFF;margin:0.25em;font-family:tahoma,sans-serif;font-size:8pt;letter-spacing:1pt;}</style></head><body>")
WinDejaVu.document.write("<a href=\"\" onclick=\"window.close()\">Close window / Fermer cette fen�tre</a>");
WinDejaVu.document.write("<p style=\"margin:0em;\" align=\"center\">Journal of Great Bear Lake, 1805-1806. An electronic transcription.<br />McKenzie, Alexander. <b>" + nopage + "</b></p>");WinDejaVu.document.write("<embed type=\"image/x-djvu\" pluginspace=\"http://www.djvu.com/download.html\" src=\"../../../scans/0006/DejaVu/MFTP0006Pg031.djvu\" width=\"100%\" height=\"90%\"></body>");
WinDejaVu.document.close()
}
function windowBigJPEG(width,height,specs,nopage) {
x=screen.availWidth-width-20;
if(WinBigJPEG==null)
WinBigJPEG = window.open('','','width='+width+',height='+height+',screenX='+x+',screenY=20, top=20, left='+x+specs)
		else
		{
		if(WinBigJPEG.closed)
		WinBigJPEG = window.open('','','width='+width+',height='+height+',screenX='+x+',screenY=20, top=20, left='+x+specs)
		else
		{
		WinBigJPEG.close();
		WinBigJPEG = window.open('','','width='+width+',height='+height+',screenX='+x+',screenY=20, top=20, left='+x+specs)
		WinBigJPEG.focus();
		}
		}
WinBigJPEG.document.write("<html><head><title>Bigger JPEG Image</title><style type=\"text/css\">body {background-color:#FFFFFF;margin:0.25em;font-family:tahoma,sans-serif;font-size:8pt;letter-spacing:1pt;}</style></head><body>")
WinBigJPEG.document.write("<a href=\"\" onclick=\"window.close()\">Close window / Fermer cette fen�tre</a>");
WinBigJPEG.document.write("<p style=\"margin:0em;\" align=\"center\">Journal of Great Bear Lake, 1805-1806. An electronic transcription.<br />McKenzie, Alexander. <b>" + nopage + "</b></p>");WinBigJPEG.document.write("<img src=\"../../../scans/0006/bigJPEG/MFTP0006PG0031.JPG\" /></body>");
WinBigJPEG.document.close()
}
// end hiding -->
</script>
<script language="javascript">if(parent.main2)  parent.main2.cols='0%,100%';</script>

<body>

<p class="NavBar"><script language="javascript">document.write(Add());</script><a href="../../../../search/searchfs.htm" target="mainFrame">New search</a> | <a href="notes.html">Notes</a> | <a href="abstract.html">Abstract</a></p>
<p class="NavBar"><A HREF="Pg001.html">&lt;&lt; First Page</A> | <A HREF="Pg030.html">&lt; Previous Page</A> | <span class="PageFocusOn"> Page #31 of 48</span> | <A HREF="Pg032.html"> Next Page &gt;</A> | <A HREF="Pg048.html"> Last Page &gt;&gt;</A> </p>

<table class="page" align="center" width="770" border="0">
<tr>
<td rowspan="2" width="360" valign="top">
<p class="EnTeteTranscription">McKenzie, Alexander. Journal of Great Bear Lake, 1805-1806. An electronic transcription. MFTP #0006</p><div class="ContenuPage">
<p style="text-align:justify;">Aug<sup>t</sup> 17<sup>th</sup></p>
<p style="text-align:justify;">Embarked at 5 O Clock and Encamped at 6 O Clock at point au <span style="text-decoration:underline;">Gravoi</span><span class="AddHand-editors">[.]</span></p>
<p style="text-align:justify;"><span class="AddHand-editors">[Aug<sup>t</sup>]</span> 18<sup>th</sup></p>
<p style="text-align:justify;">Embarked at 4 O Clock<span class="AddHand-editors">[.]</span>  <span class="AddHand-editors">[A]</span>t 12 O Clock left the portage <span style="text-decoration:underline;">de Noie</span><span class="AddHand-editors">[.]</span>  <span class="AddHand-editors">[P]</span>assed the C<span class="AddHand-author">ree</span>take at 3 O Clock and at 4 Broke our Cannoe from maitre to maitre in the middle at the dishage des Grand Remoue<span class="AddHand-editors">[.]</span>  <span class="AddHand-editors">[W]</span>e only lost one ax 1 portage Coller &amp; one paddle<span class="AddHand-editors">[.]</span>  Martin &amp; myself Repaired the Cannoe<span class="AddHand-editors">[.]</span>  Carier Boy and Sansols ontied the packs<span class="AddHand-editors">[.]</span>  <span class="AddHand-editors">[A]</span>t sundown the Cannoe was in good order<span class="AddHand-editors">[.]</span></p>
<p style="text-align:justify;"><span class="AddHand-editors">[Aug<sup>t</sup>]</span> 19<sup>th</sup></p>
<p style="text-align:justify;"><span class="AddHand-editors">[D]</span>ried the packs<span class="AddHand-editors">[.]</span>  <span class="AddHand-editors">[A]</span>t 4 O Clock in the Evening Embarked and at 5 O Clock passed the portage de Mountain<span class="AddHand-editors">[.]</span>  <span class="AddHand-editors">[A]</span>t 6 we arrived at Portage du Gallet and Encamped at the S. End<span class="AddHand-editors">[.]</span></p>
<p style="text-align:justify;"><span class="AddHand-editors">[Aug<sup>t</sup>]</span> 20<sup>th</sup></p>
<p style="text-align:justify;">Embarked at 5 O Clock<span class="AddHand-editors">[.]</span>  <span class="AddHand-editors">[A]</span>t 2 O Clock passed the last portage having one sick man and Martin that was not able to Carrie the Cannoe<span class="AddHand-editors">[.]</span>  I was Obliged to give them Assistance in Carriing the Cannoe over the Portages<span class="AddHand-editors">[.]</span>  Encamped at 6 O Clock 8 miles above Dog River<span class="AddHand-editors">[.]</span></p>
<p style="text-align:justify;"><span class="AddHand-editors">[Aug<sup>t</sup>]</span> 21<sup>st</sup></p>
<p style="text-align:justify;">Embarked at 5 O Clock<span class="AddHand-editors">[.]</span>  <span class="AddHand-editors">[A]</span>t 3 O Clock in the Evening arrived at 2 Lodges of Chipewayans<span class="AddHand-editors">[,]</span> The <span style="text-decoration:underline;">Teton</span> &amp;ca<span class="AddHand-editors">[,]</span> and rece<sup>d</sup> 5 skins in meet from him and Encamped 3 miles above the handsome Hill<span class="AddHand-editors">[.]</span></p>
<p style="text-align:justify;"><span class="AddHand-editors">[Aug<sup>t</sup>]</span> 22<sup><span class="AddHand-editors">[nd]</span></sup></p>
<p style="text-align:justify;">Embarked at 6 O Clock and Encamped 9 miles Below Rockey River<span class="AddHand-editors">[.]</span></p>
<p style="text-align:justify;"><span class="AddHand-editors">[Aug<sup>t</sup>]</span> 23<sup>rd</sup></p>
<p style="text-align:justify;">Embarked at 4 O Clock<span class="AddHand-editors">[.]</span>  <span class="AddHand-editors">[A]</span>t 10 Saw the Pluvers &amp; Band in Rockey River<span class="AddHand-editors">[.]</span>  <span class="AddHand-editors">[A]</span>t 7 O Clock in the Evening arrived at Fort <span style="text-decoration:underline;">Chipewayan</span> where I found M<sup>r</sup> Thomson<span class="AddHand-editors">[,]</span> Black<span class="AddHand-editors">[,]</span> Andrew M<sup>c</sup>Kenzie<span class="AddHand-editors">[,]</span> Bruseu and 3 men.  <span class="AddHand-editors">[T]</span>he Store of this Post sertainly is no Credit to those that has it in Charge for most sertainly skins must get damaged in it<span class="AddHand-editors">[.]</span>  M<sup>r</sup> Thomson so kind as to present me some letters from the Agents wherein they mention the greatest Economie as well as to make the Men spend their Wages<span class="AddHand-editors">[.]</span>  <span class="AddHand-editors">[A]</span>fter I saw that I returned the Sundrie Letters to M<sup>r</sup> Thomson without Looking at any of the Others<span class="AddHand-editors">[.]</span>  I told him I did not Know whether I had a right to read them, but that I was sorry that the Agents did not Show the Example of Economie; and any person that wanted such instructions ought not to have a Post in Charge<span class="AddHand-editors">[.]</span></p>
<p style="text-align:right;">Alex<sup>r</sup> M<sup>c</sup>Kenzie</p>

<p align="page-number"><span class="AddHand-editors">[29]</span></p>

</div>
<p style="line-height:12px;font-size:10px;font-family:arial,swiss,sans-serif;"><span style="font-weight:bold;font-size:9px;">L E G E N D :</span><br /><span style="background-color:red;color:white;"> in red </span>, modifications made by the editor(s).<br /><span style="background-color:#9900ff;color:white;"> in lavender </span>, modifications made by the assumed author(s).</p>
</td>
<td align="right" width="410" valign="top">
<a style="margin-left:100px;"  class="small" title="JPEG Image" onmouseover="window.status='View Bigger JPEG Image'; return true" onmouseout="window.status=' '; return true" href="javascript:windowBigJPEG(280,300,'toolbar=no,location=no,scrollbars=yes,resizable=yes,alwaysRaised=yes','Page #31')">View bigger image in JPEG format [ 172k ]</a></td>
</tr>
<tr>
<td valign="top" width="410" align="left"><img src="../../../scans/0006/smallJPEG/MFTP0006PG0031.JPG" /></td>
</tr>
</table>

</body>
</html>
