<?xml version="1.0" encoding="iso-8859-1" ?>

<html>

 <head>
  <title>Eight letters to Roderick Mackenzie, 1823-1837.  - Page #6</title>
  <meta http-equiv="Content-Type" content="text/html;charset=iso-8859-1" />
<META Name="author" Content="Cochran, Andrew William.">
  <link rel="stylesheet" type="text/css" href="../../../../ss/css/FurTrade_StandAlonePage.IE.css" />
 </head>
<script TYPE="text/javascript" language="JavaScript">
<!-- hide
var WinBigJPEG=null;
function Add(){
if(parent.BackLink==1)
{
parent.BackLink=" ";
return("<a href='javascript:document.rechBis.submit()' target=mainFrame>Back to search results</a> | ");
}
else
return("");
}
function windowDejaVu(URL, name, specs, nopage) {
var WinDejaVu = window.open(URL, name, specs)
WinDejaVu.document.write("<html><head><title>DejaVu Image</title><style type=\"text/css\">body {background-color:#FFFFFF;margin:0.25em;font-family:tahoma,sans-serif;font-size:8pt;letter-spacing:1pt;}</style></head><body>")
WinDejaVu.document.write("<a href=\"\" onclick=\"window.close()\">Close window / Fermer cette fen�tre</a>");
WinDejaVu.document.write("<p style=\"margin:0em;\" align=\"center\">Eight letters to Roderick Mackenzie, 1823-1837. An electronic transcription.<br />Cochran, Andrew William. <b>" + nopage + "</b></p>");WinDejaVu.document.write("<embed type=\"image/x-djvu\" pluginspace=\"http://www.djvu.com/download.html\" src=\"../../../scans/0004/DejaVu/MFTP0004Pg006.djvu\" width=\"100%\" height=\"90%\"></body>");
WinDejaVu.document.close()
}
function windowBigJPEG(width,height,specs,nopage) {
x=screen.availWidth-width-20;
if(WinBigJPEG==null)
WinBigJPEG = window.open('','','width='+width+',height='+height+',screenX='+x+',screenY=20, top=20, left='+x+specs)
		else
		{
		if(WinBigJPEG.closed)
		WinBigJPEG = window.open('','','width='+width+',height='+height+',screenX='+x+',screenY=20, top=20, left='+x+specs)
		else
		{
		WinBigJPEG.close();
		WinBigJPEG = window.open('','','width='+width+',height='+height+',screenX='+x+',screenY=20, top=20, left='+x+specs)
		WinBigJPEG.focus();
		}
		}
WinBigJPEG.document.write("<html><head><title>Bigger JPEG Image</title><style type=\"text/css\">body {background-color:#FFFFFF;margin:0.25em;font-family:tahoma,sans-serif;font-size:8pt;letter-spacing:1pt;}</style></head><body>")
WinBigJPEG.document.write("<a href=\"\" onclick=\"window.close()\">Close window / Fermer cette fen�tre</a>");
WinBigJPEG.document.write("<p style=\"margin:0em;\" align=\"center\">Eight letters to Roderick Mackenzie, 1823-1837. An electronic transcription.<br />Cochran, Andrew William. <b>" + nopage + "</b></p>");WinBigJPEG.document.write("<img src=\"../../../scans/0004/bigJPEG/MFTP0004PG0006.JPG\" /></body>");
WinBigJPEG.document.close()
}
// end hiding -->
</script>
<script language="javascript">if(parent.main2)  parent.main2.cols='0%,100%';</script>

<body>

<p class="NavBar"><script language="javascript">document.write(Add());</script><a href="../../../../search/searchfs.htm" target="mainFrame">New search</a> | <a href="notes.html">Notes</a> | <a href="abstract.html">Abstract</a></p>
<p class="NavBar"><A HREF="Pg001.html">&lt;&lt; First Page</A> | <A HREF="Pg005.html">&lt; Previous Page</A> | <span class="PageFocusOn"> Page #6 of 40</span> | <A HREF="Pg007.html"> Next Page &gt;</A> | <A HREF="Pg040.html"> Last Page &gt;&gt;</A> </p>

<table class="page" align="center" width="770" border="0">
<tr>
<td rowspan="2" width="360" valign="top">
<p class="EnTeteTranscription">Cochran, Andrew William. Eight letters to Roderick Mackenzie, 1823-1837. An electronic transcription. MFTP #0004</p><div class="ContenuPage">
<p><span class="AddHand-editors">[address]</span></p>
<p>p<sup>d</sup></p>
<p style="text-align:justify;"><span style="text-decoration:underline;">Paid</span></p>
<p style="text-align:justify;"><span class="AddHand-editors">[ornament]</span></p>
<p style="text-align:justify;">The Hon<sup>ble</sup> R. Mackenzie Esq<sup>er</sup></p>
<p style="text-align:justify;"><span style="text-decoration:underline;">Terrebonne</span></p>
<p style="text-align:justify;"><span style="text-decoration:underline;">AW Cochrane</span></p>
<p style="text-align:justify;"><span class="AddHand-editors">[red seal]</span></p>
<p style="text-align:justify;"><span class="AddHand-editors">[docket]</span></p>
<p style="text-align:justify;">Sec<sup>y</sup> 20 March 1823</p>
<p style="text-align:justify;"><span class="AddHand-editors">[comments]</span></p>
<p style="text-align:justify;">Politique</p>
<p style="text-align:justify;">About the Lasalle Bill so pruned the assembly will not pass it!</p>

<p align="page-number"><span class="AddHand-editors">[4]</span></p>

</div>
<p style="line-height:12px;font-size:10px;font-family:arial,swiss,sans-serif;"><span style="font-weight:bold;font-size:9px;">L E G E N D :</span><br /><span style="background-color:red;color:white;"> in red </span>, modifications made by the editor(s).<br /><span style="background-color:#9900ff;color:white;"> in lavender </span>, modifications made by the assumed author(s).</p>
</td>
<td align="right" width="410" valign="top">
<a style="margin-left:100px;"  class="small" title="JPEG Image" onmouseover="window.status='View Bigger JPEG Image'; return true" onmouseout="window.status=' '; return true" href="javascript:windowBigJPEG(280,300,'toolbar=no,location=no,scrollbars=yes,resizable=yes,alwaysRaised=yes','Page #6')">View bigger image in JPEG format [ 100k ]</a></td>
</tr>
<tr>
<td valign="top" width="410" align="left"><img src="../../../scans/0004/smallJPEG/MFTP0004PG0006.JPG" /></td>
</tr>
</table>

</body>
</html>
