<?xml version="1.0" encoding="iso-8859-1" ?>

<html>

 <head>
  <title>Eight letters to Roderick Mackenzie, 1823-1837.  - Page #15</title>
  <meta http-equiv="Content-Type" content="text/html;charset=iso-8859-1" />
<META Name="author" Content="Cochran, Andrew William.">
  <link rel="stylesheet" type="text/css" href="../../../../ss/css/FurTrade_StandAlonePage.IE.css" />
 </head>
<script TYPE="text/javascript" language="JavaScript">
<!-- hide
var WinBigJPEG=null;
function Add(){
if(parent.BackLink==1)
{
parent.BackLink=" ";
return("<a href='javascript:document.rechBis.submit()' target=mainFrame>Back to search results</a> | ");
}
else
return("");
}
function windowDejaVu(URL, name, specs, nopage) {
var WinDejaVu = window.open(URL, name, specs)
WinDejaVu.document.write("<html><head><title>DejaVu Image</title><style type=\"text/css\">body {background-color:#FFFFFF;margin:0.25em;font-family:tahoma,sans-serif;font-size:8pt;letter-spacing:1pt;}</style></head><body>")
WinDejaVu.document.write("<a href=\"\" onclick=\"window.close()\">Close window / Fermer cette fen�tre</a>");
WinDejaVu.document.write("<p style=\"margin:0em;\" align=\"center\">Eight letters to Roderick Mackenzie, 1823-1837. An electronic transcription.<br />Cochran, Andrew William. <b>" + nopage + "</b></p>");WinDejaVu.document.write("<embed type=\"image/x-djvu\" pluginspace=\"http://www.djvu.com/download.html\" src=\"../../../scans/0004/DejaVu/MFTP0004Pg015.djvu\" width=\"100%\" height=\"90%\"></body>");
WinDejaVu.document.close()
}
function windowBigJPEG(width,height,specs,nopage) {
x=screen.availWidth-width-20;
if(WinBigJPEG==null)
WinBigJPEG = window.open('','','width='+width+',height='+height+',screenX='+x+',screenY=20, top=20, left='+x+specs)
		else
		{
		if(WinBigJPEG.closed)
		WinBigJPEG = window.open('','','width='+width+',height='+height+',screenX='+x+',screenY=20, top=20, left='+x+specs)
		else
		{
		WinBigJPEG.close();
		WinBigJPEG = window.open('','','width='+width+',height='+height+',screenX='+x+',screenY=20, top=20, left='+x+specs)
		WinBigJPEG.focus();
		}
		}
WinBigJPEG.document.write("<html><head><title>Bigger JPEG Image</title><style type=\"text/css\">body {background-color:#FFFFFF;margin:0.25em;font-family:tahoma,sans-serif;font-size:8pt;letter-spacing:1pt;}</style></head><body>")
WinBigJPEG.document.write("<a href=\"\" onclick=\"window.close()\">Close window / Fermer cette fen�tre</a>");
WinBigJPEG.document.write("<p style=\"margin:0em;\" align=\"center\">Eight letters to Roderick Mackenzie, 1823-1837. An electronic transcription.<br />Cochran, Andrew William. <b>" + nopage + "</b></p>");WinBigJPEG.document.write("<img src=\"../../../scans/0004/bigJPEG/MFTP0004PG0015.JPG\" /></body>");
WinBigJPEG.document.close()
}
// end hiding -->
</script>
<script language="javascript">if(parent.main2)  parent.main2.cols='0%,100%';</script>

<body>

<p class="NavBar"><script language="javascript">document.write(Add());</script><a href="../../../../search/searchfs.htm" target="mainFrame">New search</a> | <a href="notes.html">Notes</a> | <a href="abstract.html">Abstract</a></p>
<p class="NavBar"><A HREF="Pg001.html">&lt;&lt; First Page</A> | <A HREF="Pg014.html">&lt; Previous Page</A> | <span class="PageFocusOn"> Page #15 of 40</span> | <A HREF="Pg016.html"> Next Page &gt;</A> | <A HREF="Pg040.html"> Last Page &gt;&gt;</A> </p>

<table class="page" align="center" width="770" border="0">
<tr>
<td rowspan="2" width="360" valign="top">
<p class="EnTeteTranscription">Cochran, Andrew William. Eight letters to Roderick Mackenzie, 1823-1837. An electronic transcription. MFTP #0004</p><div class="ContenuPage">
<p style="text-align:right;">Quebec 9<sup>th</sup> September 1834</p>
<p style="text-align:justify;">My Dear Sir</p>
<p style="text-align:justify;">I received yesterday your kind &amp; obliging letter of the 3<sup>rd </sup>instant; and I do not see why you should imagine I should be surprised at receiving a letter from you, except that in one sense I have no right to expect one, since I have nothing to give you in return but my best wishes for your health &amp; happiness<span class="AddHand-editors">[.]</span>  I do remember however that your brother, some time last spring, asked me whether I had <span class="DelHand-author">ever</span> received a letter from you some time before, which I had not acknowledged, and if I recollect rightly, it appeared that <span class="DelHand-author">such</span> <span class="AddHand-author">it</span> was your impression that such was the case; but I requested him to assure you that I had not heard from you since you left Quebec during the Session of 1833: and I am still certain that I have not, for I keep all my private letters in regular files, with a file of unanswered letters; and I have none of your's<span class="AddHand-editors">[.]</span>  I intended to have written to you to this effect shortly after your brother spoke to me; but various petty obstructions, of which it would be tedious to give an account, have always delayed the execution of an intention which I have however always kept in my mind, &amp; now proceed to put into execution<span class="AddHand-editors">[.]</span>  I regret to hear of your continued ill health; I was in hopes that you might have been able to pay us another visit during a part at least of the next Session, in which the presence of all members of the Legislative Council of staunch principles &amp; steady opinions <span class="AddHand-author">will be wanted</span>.  But your health should be your first care; and there is but little encouragement in these &#8220;<span style="text-decoration:underline;">wretched times</span>&#8221;, as you justly call them, for any man of sound principles, to make any sacrifice or even</p>
<p style="text-align:right;">any</p>

<p align="page-number"><span class="AddHand-editors">[1]</span></p>

</div>
<p style="line-height:12px;font-size:10px;font-family:arial,swiss,sans-serif;"><span style="font-weight:bold;font-size:9px;">L E G E N D :</span><br /><span style="background-color:red;color:white;"> in red </span>, modifications made by the editor(s).<br /><span style="background-color:#9900ff;color:white;"> in lavender </span>, modifications made by the assumed author(s).</p>
</td>
<td align="right" width="410" valign="top">
<a style="margin-left:100px;"  class="small" title="JPEG Image" onmouseover="window.status='View Bigger JPEG Image'; return true" onmouseout="window.status=' '; return true" href="javascript:windowBigJPEG(280,300,'toolbar=no,location=no,scrollbars=yes,resizable=yes,alwaysRaised=yes','Page #15')">View bigger image in JPEG format [ 202k ]</a></td>
</tr>
<tr>
<td valign="top" width="410" align="left"><img src="../../../scans/0004/smallJPEG/MFTP0004PG0015.JPG" /></td>
</tr>
</table>

</body>
</html>
