<?xml version="1.0" encoding="iso-8859-1" ?>

<html>

 <head>
  <title>Eight letters to Roderick Mackenzie, 1823-1837.  - Page #17</title>
  <meta http-equiv="Content-Type" content="text/html;charset=iso-8859-1" />
<META Name="author" Content="Cochran, Andrew William.">
  <link rel="stylesheet" type="text/css" href="../../../../ss/css/FurTrade_StandAlonePage.IE.css" />
 </head>
<script TYPE="text/javascript" language="JavaScript">
<!-- hide
var WinBigJPEG=null;
function Add(){
if(parent.BackLink==1)
{
parent.BackLink=" ";
return("<a href='javascript:document.rechBis.submit()' target=mainFrame>Back to search results</a> | ");
}
else
return("");
}
function windowDejaVu(URL, name, specs, nopage) {
var WinDejaVu = window.open(URL, name, specs)
WinDejaVu.document.write("<html><head><title>DejaVu Image</title><style type=\"text/css\">body {background-color:#FFFFFF;margin:0.25em;font-family:tahoma,sans-serif;font-size:8pt;letter-spacing:1pt;}</style></head><body>")
WinDejaVu.document.write("<a href=\"\" onclick=\"window.close()\">Close window / Fermer cette fen�tre</a>");
WinDejaVu.document.write("<p style=\"margin:0em;\" align=\"center\">Eight letters to Roderick Mackenzie, 1823-1837. An electronic transcription.<br />Cochran, Andrew William. <b>" + nopage + "</b></p>");WinDejaVu.document.write("<embed type=\"image/x-djvu\" pluginspace=\"http://www.djvu.com/download.html\" src=\"../../../scans/0004/DejaVu/MFTP0004Pg017.djvu\" width=\"100%\" height=\"90%\"></body>");
WinDejaVu.document.close()
}
function windowBigJPEG(width,height,specs,nopage) {
x=screen.availWidth-width-20;
if(WinBigJPEG==null)
WinBigJPEG = window.open('','','width='+width+',height='+height+',screenX='+x+',screenY=20, top=20, left='+x+specs)
		else
		{
		if(WinBigJPEG.closed)
		WinBigJPEG = window.open('','','width='+width+',height='+height+',screenX='+x+',screenY=20, top=20, left='+x+specs)
		else
		{
		WinBigJPEG.close();
		WinBigJPEG = window.open('','','width='+width+',height='+height+',screenX='+x+',screenY=20, top=20, left='+x+specs)
		WinBigJPEG.focus();
		}
		}
WinBigJPEG.document.write("<html><head><title>Bigger JPEG Image</title><style type=\"text/css\">body {background-color:#FFFFFF;margin:0.25em;font-family:tahoma,sans-serif;font-size:8pt;letter-spacing:1pt;}</style></head><body>")
WinBigJPEG.document.write("<a href=\"\" onclick=\"window.close()\">Close window / Fermer cette fen�tre</a>");
WinBigJPEG.document.write("<p style=\"margin:0em;\" align=\"center\">Eight letters to Roderick Mackenzie, 1823-1837. An electronic transcription.<br />Cochran, Andrew William. <b>" + nopage + "</b></p>");WinBigJPEG.document.write("<img src=\"../../../scans/0004/bigJPEG/MFTP0004PG0017.JPG\" /></body>");
WinBigJPEG.document.close()
}
// end hiding -->
</script>
<script language="javascript">if(parent.main2)  parent.main2.cols='0%,100%';</script>

<body>

<p class="NavBar"><script language="javascript">document.write(Add());</script><a href="../../../../search/searchfs.htm" target="mainFrame">New search</a> | <a href="notes.html">Notes</a> | <a href="abstract.html">Abstract</a></p>
<p class="NavBar"><A HREF="Pg001.html">&lt;&lt; First Page</A> | <A HREF="Pg016.html">&lt; Previous Page</A> | <span class="PageFocusOn"> Page #17 of 40</span> | <A HREF="Pg018.html"> Next Page &gt;</A> | <A HREF="Pg040.html"> Last Page &gt;&gt;</A> </p>

<table class="page" align="center" width="770" border="0">
<tr>
<td rowspan="2" width="360" valign="top">
<p class="EnTeteTranscription">Cochran, Andrew William. Eight letters to Roderick Mackenzie, 1823-1837. An electronic transcription. MFTP #0004</p><div class="ContenuPage">
<p style="text-align:justify;">friends in Canada, &amp; strange as it may appear to those who do not knew him he looks back to the time he spent here with recollections in which pleasure greatly predominates<span class="AddHand-editors">[.]</span>  When I have answered his letter which I purpose doing in a few days, I will sent it to you<span class="AddHand-editors">[.]</span>  It will be a great satisfaction to him to hear of M<sup>r</sup> Gales appointment.  I believe the present Governor is <span class="AddHand-author">as</span> fully convinced of the impossibility of satisfying the ruling faction that curses this country, by any measures of justice or conciliation as Lord D. ever was; and perhaps his feelings towards them go farther than ever Lord D.'s did<span class="AddHand-editors">[.]</span>  It is natural at any rate that it should be do, for they have repaid his earnest desire and attempts at conciliation, with a double portion of violence &amp; abuse<span class="AddHand-editors">[.]</span>  I do not think there is any chance of his either asking leave to go home or of his being called to England<span class="AddHand-editors">[.]</span></p>
<p style="text-align:justify;">You will see by the papers in what way our poor friend Montizambert's  seat in the Sec<sup>y</sup>'s office has been filled.  I believe the young man is clever, &amp; respectable in his character, but not <span class="AddHand-author">of</span> <span class="DelHand-author">in</span> that standing in Society which I think would have been desirable for so honourable &amp; confidential an office.  At any rate, however, he is better than a Canadian, for <span style="text-decoration:underline;">that</span> office<span class="AddHand-editors">[.]</span>  His father was an officer in the Newfoundland Reg<sup>t</sup> &#8212; a native born Frenchman, who was formerly in the French marine during the Revolution, &amp; brought in (I am told) the frigate Junon which he commanded, with all her crew, into an English Port <span class="DelHand-author">which</span> and surrendered her; for which he was rewarded with employment in our service<span class="AddHand-editors">[.]</span>  Our worthy friend Douglass was a loss to that department<span class="AddHand-editors">[.]</span>  He was succeeded by young Montizambert who was before a Clerk in the Department, but he did not come in for Douglass's full Salary of &#8356;200, a part of it having been cut off to increase the Salary of the next Junior Clerk<span class="AddHand-editors">[.]</span>  I am sorry that in M<sup>r</sup> M.'s death, his Son was not advanced to his place, for which he is more competent than the young man who is put in<span class="AddHand-editors">[.]</span></p>
<p style="text-align:justify;">Lord A. has been here since Wednesday; He seems in high</p>
<p style="text-align:right;">spirits</p>

<p align="page-number"><span class="AddHand-editors">[3]</span></p>

</div>
<p style="line-height:12px;font-size:10px;font-family:arial,swiss,sans-serif;"><span style="font-weight:bold;font-size:9px;">L E G E N D :</span><br /><span style="background-color:red;color:white;"> in red </span>, modifications made by the editor(s).<br /><span style="background-color:#9900ff;color:white;"> in lavender </span>, modifications made by the assumed author(s).</p>
</td>
<td align="right" width="410" valign="top">
<a style="margin-left:100px;"  class="small" title="JPEG Image" onmouseover="window.status='View Bigger JPEG Image'; return true" onmouseout="window.status=' '; return true" href="javascript:windowBigJPEG(280,300,'toolbar=no,location=no,scrollbars=yes,resizable=yes,alwaysRaised=yes','Page #17')">View bigger image in JPEG format [ 230k ]</a></td>
</tr>
<tr>
<td valign="top" width="410" align="left"><img src="../../../scans/0004/smallJPEG/MFTP0004PG0017.JPG" /></td>
</tr>
</table>

</body>
</html>
