<?xml version="1.0" encoding="iso-8859-1" ?>

<html>

 <head>
  <title>Eight letters to Roderick Mackenzie, 1823-1837.  - Page #16</title>
  <meta http-equiv="Content-Type" content="text/html;charset=iso-8859-1" />
<META Name="author" Content="Cochran, Andrew William.">
  <link rel="stylesheet" type="text/css" href="../../../../ss/css/FurTrade_StandAlonePage.IE.css" />
 </head>
<script TYPE="text/javascript" language="JavaScript">
<!-- hide
var WinBigJPEG=null;
function Add(){
if(parent.BackLink==1)
{
parent.BackLink=" ";
return("<a href='javascript:document.rechBis.submit()' target=mainFrame>Back to search results</a> | ");
}
else
return("");
}
function windowDejaVu(URL, name, specs, nopage) {
var WinDejaVu = window.open(URL, name, specs)
WinDejaVu.document.write("<html><head><title>DejaVu Image</title><style type=\"text/css\">body {background-color:#FFFFFF;margin:0.25em;font-family:tahoma,sans-serif;font-size:8pt;letter-spacing:1pt;}</style></head><body>")
WinDejaVu.document.write("<a href=\"\" onclick=\"window.close()\">Close window / Fermer cette fen�tre</a>");
WinDejaVu.document.write("<p style=\"margin:0em;\" align=\"center\">Eight letters to Roderick Mackenzie, 1823-1837. An electronic transcription.<br />Cochran, Andrew William. <b>" + nopage + "</b></p>");WinDejaVu.document.write("<embed type=\"image/x-djvu\" pluginspace=\"http://www.djvu.com/download.html\" src=\"../../../scans/0004/DejaVu/MFTP0004Pg016.djvu\" width=\"100%\" height=\"90%\"></body>");
WinDejaVu.document.close()
}
function windowBigJPEG(width,height,specs,nopage) {
x=screen.availWidth-width-20;
if(WinBigJPEG==null)
WinBigJPEG = window.open('','','width='+width+',height='+height+',screenX='+x+',screenY=20, top=20, left='+x+specs)
		else
		{
		if(WinBigJPEG.closed)
		WinBigJPEG = window.open('','','width='+width+',height='+height+',screenX='+x+',screenY=20, top=20, left='+x+specs)
		else
		{
		WinBigJPEG.close();
		WinBigJPEG = window.open('','','width='+width+',height='+height+',screenX='+x+',screenY=20, top=20, left='+x+specs)
		WinBigJPEG.focus();
		}
		}
WinBigJPEG.document.write("<html><head><title>Bigger JPEG Image</title><style type=\"text/css\">body {background-color:#FFFFFF;margin:0.25em;font-family:tahoma,sans-serif;font-size:8pt;letter-spacing:1pt;}</style></head><body>")
WinBigJPEG.document.write("<a href=\"\" onclick=\"window.close()\">Close window / Fermer cette fen�tre</a>");
WinBigJPEG.document.write("<p style=\"margin:0em;\" align=\"center\">Eight letters to Roderick Mackenzie, 1823-1837. An electronic transcription.<br />Cochran, Andrew William. <b>" + nopage + "</b></p>");WinBigJPEG.document.write("<img src=\"../../../scans/0004/bigJPEG/MFTP0004PG0016.JPG\" /></body>");
WinBigJPEG.document.close()
}
// end hiding -->
</script>
<script language="javascript">if(parent.main2)  parent.main2.cols='0%,100%';</script>

<body>

<p class="NavBar"><script language="javascript">document.write(Add());</script><a href="../../../../search/searchfs.htm" target="mainFrame">New search</a> | <a href="notes.html">Notes</a> | <a href="abstract.html">Abstract</a></p>
<p class="NavBar"><A HREF="Pg001.html">&lt;&lt; First Page</A> | <A HREF="Pg015.html">&lt; Previous Page</A> | <span class="PageFocusOn"> Page #16 of 40</span> | <A HREF="Pg017.html"> Next Page &gt;</A> | <A HREF="Pg040.html"> Last Page &gt;&gt;</A> </p>

<table class="page" align="center" width="770" border="0">
<tr>
<td rowspan="2" width="360" valign="top">
<p class="EnTeteTranscription">Cochran, Andrew William. Eight letters to Roderick Mackenzie, 1823-1837. An electronic transcription. MFTP #0004</p><div class="ContenuPage">
<p style="text-align:justify;">any exertion, out of the strict line of his positive duty<span class="AddHand-editors">[.]</span></p>
<p style="text-align:justify;">For myself I look forward, in public matters, with scarcely a hope of amendment<span class="AddHand-editors">[.]</span>  The retirement of M<sup>r</sup> Stanley, happening at the moment it did, was a fatal blow to the cause of order, peace &amp; good government in this Province<span class="AddHand-editors">[.]</span>  Never was any thing more unlucky<span class="AddHand-editors">[.]</span>  The reading of M<sup>r</sup> Roebuck&#8217;s letter will shew you that the cause of the Clique was in a most critical situation when that untoward event occurred; and that <span style="text-decoration:underline;">that</span> alone saved them from a complete defeat, and prevented the introduction of M<sup>r</sup> Stanley&#8217;s measure for again investing the Crown with the controul of the revenues of the 14<sup>h</sup> of the King, which would have enabled the Provincial Gov<sup>t </sup>to put down the faction for ever<span class="AddHand-editors">[.]</span>  The violence of the Clique had thrown them into the jaws of destruction, from which this unlucky chance rescued them<span class="AddHand-editors">[.]</span>  It is a fact, of which they are themselves now aware, that they had but <span style="text-decoration:underline;">four </span>friends upon the Committee; and <span class="DelHand-author">even</span> if M<sup>r</sup> Stanley had chosen to take any further interest in the question after his resignation, or to press for a more decisive report, his influence would still have carried a much more unfavourable report (<span style="text-decoration:underline;">to them</span>); than the meagre and unmeaning thing we have seen; but even <span style="text-decoration:underline;">that</span> is a rejection of their <span style="text-decoration:underline;">92</span>. resolutions.</p>
<p style="text-align:justify;">I had a letter not long ago from Lord Dalhousie from the North of Italy where he was on his return to England<span class="AddHand-editors">[.]</span>  He writes in a very dejected way as to his health; but I am in hopes that the German baths at which he stopped on his way down the Rhine have been of Service to him<span class="AddHand-editors">[.]</span>  At any rate he must have been better, to make the exertions of taking his seat in the House of Lords; &#8212; but of course he did not do this with any idea of attending to Public business<span class="AddHand-editors">[.]</span>  There are later letters from him written while he was at the Baths on the Rhine; &amp; letters from Scotland <span class="DelHand-author">me...</span> of the latter end of July mention his arrival at his own mansion<span class="AddHand-editors">[.]</span>  He always writes with great affection, of his old</p>

<p align="page-number"><span class="AddHand-editors">[2]</span></p>

</div>
<p style="line-height:12px;font-size:10px;font-family:arial,swiss,sans-serif;"><span style="font-weight:bold;font-size:9px;">L E G E N D :</span><br /><span style="background-color:red;color:white;"> in red </span>, modifications made by the editor(s).<br /><span style="background-color:#9900ff;color:white;"> in lavender </span>, modifications made by the assumed author(s).</p>
</td>
<td align="right" width="410" valign="top">
<a style="margin-left:100px;"  class="small" title="JPEG Image" onmouseover="window.status='View Bigger JPEG Image'; return true" onmouseout="window.status=' '; return true" href="javascript:windowBigJPEG(280,300,'toolbar=no,location=no,scrollbars=yes,resizable=yes,alwaysRaised=yes','Page #16')">View bigger image in JPEG format [ 208k ]</a></td>
</tr>
<tr>
<td valign="top" width="410" align="left"><img src="../../../scans/0004/smallJPEG/MFTP0004PG0016.JPG" /></td>
</tr>
</table>

</body>
</html>
