<?xml version="1.0" encoding="iso-8859-1" ?>

<html>

 <head>
  <title>Eight letters to Roderick Mackenzie, 1823-1837.  - Page #18</title>
  <meta http-equiv="Content-Type" content="text/html;charset=iso-8859-1" />
<META Name="author" Content="Cochran, Andrew William.">
  <link rel="stylesheet" type="text/css" href="../../../../ss/css/FurTrade_StandAlonePage.IE.css" />
 </head>
<script TYPE="text/javascript" language="JavaScript">
<!-- hide
var WinBigJPEG=null;
function Add(){
if(parent.BackLink==1)
{
parent.BackLink=" ";
return("<a href='javascript:document.rechBis.submit()' target=mainFrame>Back to search results</a> | ");
}
else
return("");
}
function windowDejaVu(URL, name, specs, nopage) {
var WinDejaVu = window.open(URL, name, specs)
WinDejaVu.document.write("<html><head><title>DejaVu Image</title><style type=\"text/css\">body {background-color:#FFFFFF;margin:0.25em;font-family:tahoma,sans-serif;font-size:8pt;letter-spacing:1pt;}</style></head><body>")
WinDejaVu.document.write("<a href=\"\" onclick=\"window.close()\">Close window / Fermer cette fen�tre</a>");
WinDejaVu.document.write("<p style=\"margin:0em;\" align=\"center\">Eight letters to Roderick Mackenzie, 1823-1837. An electronic transcription.<br />Cochran, Andrew William. <b>" + nopage + "</b></p>");WinDejaVu.document.write("<embed type=\"image/x-djvu\" pluginspace=\"http://www.djvu.com/download.html\" src=\"../../../scans/0004/DejaVu/MFTP0004Pg018.djvu\" width=\"100%\" height=\"90%\"></body>");
WinDejaVu.document.close()
}
function windowBigJPEG(width,height,specs,nopage) {
x=screen.availWidth-width-20;
if(WinBigJPEG==null)
WinBigJPEG = window.open('','','width='+width+',height='+height+',screenX='+x+',screenY=20, top=20, left='+x+specs)
		else
		{
		if(WinBigJPEG.closed)
		WinBigJPEG = window.open('','','width='+width+',height='+height+',screenX='+x+',screenY=20, top=20, left='+x+specs)
		else
		{
		WinBigJPEG.close();
		WinBigJPEG = window.open('','','width='+width+',height='+height+',screenX='+x+',screenY=20, top=20, left='+x+specs)
		WinBigJPEG.focus();
		}
		}
WinBigJPEG.document.write("<html><head><title>Bigger JPEG Image</title><style type=\"text/css\">body {background-color:#FFFFFF;margin:0.25em;font-family:tahoma,sans-serif;font-size:8pt;letter-spacing:1pt;}</style></head><body>")
WinBigJPEG.document.write("<a href=\"\" onclick=\"window.close()\">Close window / Fermer cette fen�tre</a>");
WinBigJPEG.document.write("<p style=\"margin:0em;\" align=\"center\">Eight letters to Roderick Mackenzie, 1823-1837. An electronic transcription.<br />Cochran, Andrew William. <b>" + nopage + "</b></p>");WinBigJPEG.document.write("<img src=\"../../../scans/0004/bigJPEG/MFTP0004PG0018.JPG\" /></body>");
WinBigJPEG.document.close()
}
// end hiding -->
</script>
<script language="javascript">if(parent.main2)  parent.main2.cols='0%,100%';</script>

<body>

<p class="NavBar"><script language="javascript">document.write(Add());</script><a href="../../../../search/searchfs.htm" target="mainFrame">New search</a> | <a href="notes.html">Notes</a> | <a href="abstract.html">Abstract</a></p>
<p class="NavBar"><A HREF="Pg001.html">&lt;&lt; First Page</A> | <A HREF="Pg017.html">&lt; Previous Page</A> | <span class="PageFocusOn"> Page #18 of 40</span> | <A HREF="Pg019.html"> Next Page &gt;</A> | <A HREF="Pg040.html"> Last Page &gt;&gt;</A> </p>

<table class="page" align="center" width="770" border="0">
<tr>
<td rowspan="2" width="360" valign="top">
<p class="EnTeteTranscription">Cochran, Andrew William. Eight letters to Roderick Mackenzie, 1823-1837. An electronic transcription. MFTP #0004</p><div class="ContenuPage">
<p style="text-align:justify;">spirits; I dined in company with him on Saturday; and never saw him more cheerful<span class="AddHand-editors">[.]</span>  He leaves Quebec in a day or two to visit the Land Company's tract about the Sources of the S<sup>t</sup> Francis.  He goes up by Craig's Road &amp; will return down the S<sup>t</sup> Francis<span class="AddHand-editors">[.]</span>  I doubt whether he has received any instructions as yet from the new Colonial Secretary; Capt<sup>n</sup> Mackinnen is expected in a short time<span class="AddHand-editors">[.]</span>  The ill-used ex-Att<sup>y</sup> General Stuart, is also daily looked for.</p>
<p style="text-align:justify;">I hope that the Cholera has spared all your friends on this visitation<span class="AddHand-editors">[.]</span>  We are not quite free from it here, but the deaths do not exceed two or three a day, from that disease.  I am thankful to say that by God's blessing &amp; protection all my little family &amp; friends have escaped<span class="AddHand-editors">[.]</span>  I have lived the whole of this summer in the country, as indeed I have done for may years past, for my own health &amp; that of my family<span class="AddHand-editors">[.]</span>  In 1832 I purchased a <span class="DelHand-author">hous</span> Canadian house and Garden, about four miles from town on the road to Cap Rouge overlooking the River; and here I have amused myself <span class="AddHand-author">with</span> improving the house &amp; planting &amp; gardening, &amp; occupying myself with business, &amp; reading &amp; writing, &amp; teaching my boy and farming, &amp; a little idling, for the last two summers<span class="AddHand-editors">[.]</span>  During the prevalence of the disease, I have kept away from town except when business or public duty called me there<span class="AddHand-editors">[.]</span>  Since I saw you, I have had a severe affliction in the loss of my eldest daughter in May 1833, but my number has again been made up to five, by the birth of a boy who is to bear the name of George Ramsay, &#8211;I need not say <span style="text-decoration:underline;">from whom</span>.  I dare say you will be pleased to hear that at last measures are taking to complete Wolfes monument by putting up the marble slabs, with the inscriptions, &amp; the names of Wolfe &amp; Montclam in bronzed letters.  I am getting this done (jointly with Major Young of the 79<sup>h</sup>, the officer who planned the obelisk, &amp; who was once Lord D.'s extra Aide de Camp) and it is done at the earnest desire &amp; at the <span style="text-decoration:underline;">expence</span> of Lord D.</p>

<p align="page-number"><span class="AddHand-editors">[4]</span></p>

</div>
<p style="line-height:12px;font-size:10px;font-family:arial,swiss,sans-serif;"><span style="font-weight:bold;font-size:9px;">L E G E N D :</span><br /><span style="background-color:red;color:white;"> in red </span>, modifications made by the editor(s).<br /><span style="background-color:#9900ff;color:white;"> in lavender </span>, modifications made by the assumed author(s).</p>
</td>
<td align="right" width="410" valign="top">
<a style="margin-left:100px;"  class="small" title="JPEG Image" onmouseover="window.status='View Bigger JPEG Image'; return true" onmouseout="window.status=' '; return true" href="javascript:windowBigJPEG(280,300,'toolbar=no,location=no,scrollbars=yes,resizable=yes,alwaysRaised=yes','Page #18')">View bigger image in JPEG format [ 219k ]</a></td>
</tr>
<tr>
<td valign="top" width="410" align="left"><img src="../../../scans/0004/smallJPEG/MFTP0004PG0018.JPG" /></td>
</tr>
</table>

</body>
</html>
