<?xml version="1.0" encoding="iso-8859-1" ?>

<html>

 <head>
  <title>Eight letters to Roderick Mackenzie, 1823-1837.  - Page #24</title>
  <meta http-equiv="Content-Type" content="text/html;charset=iso-8859-1" />
<META Name="author" Content="Cochran, Andrew William.">
  <link rel="stylesheet" type="text/css" href="../../../../ss/css/FurTrade_StandAlonePage.IE.css" />
 </head>
<script TYPE="text/javascript" language="JavaScript">
<!-- hide
var WinBigJPEG=null;
function Add(){
if(parent.BackLink==1)
{
parent.BackLink=" ";
return("<a href='javascript:document.rechBis.submit()' target=mainFrame>Back to search results</a> | ");
}
else
return("");
}
function windowDejaVu(URL, name, specs, nopage) {
var WinDejaVu = window.open(URL, name, specs)
WinDejaVu.document.write("<html><head><title>DejaVu Image</title><style type=\"text/css\">body {background-color:#FFFFFF;margin:0.25em;font-family:tahoma,sans-serif;font-size:8pt;letter-spacing:1pt;}</style></head><body>")
WinDejaVu.document.write("<a href=\"\" onclick=\"window.close()\">Close window / Fermer cette fen�tre</a>");
WinDejaVu.document.write("<p style=\"margin:0em;\" align=\"center\">Eight letters to Roderick Mackenzie, 1823-1837. An electronic transcription.<br />Cochran, Andrew William. <b>" + nopage + "</b></p>");WinDejaVu.document.write("<embed type=\"image/x-djvu\" pluginspace=\"http://www.djvu.com/download.html\" src=\"../../../scans/0004/DejaVu/MFTP0004Pg024.djvu\" width=\"100%\" height=\"90%\"></body>");
WinDejaVu.document.close()
}
function windowBigJPEG(width,height,specs,nopage) {
x=screen.availWidth-width-20;
if(WinBigJPEG==null)
WinBigJPEG = window.open('','','width='+width+',height='+height+',screenX='+x+',screenY=20, top=20, left='+x+specs)
		else
		{
		if(WinBigJPEG.closed)
		WinBigJPEG = window.open('','','width='+width+',height='+height+',screenX='+x+',screenY=20, top=20, left='+x+specs)
		else
		{
		WinBigJPEG.close();
		WinBigJPEG = window.open('','','width='+width+',height='+height+',screenX='+x+',screenY=20, top=20, left='+x+specs)
		WinBigJPEG.focus();
		}
		}
WinBigJPEG.document.write("<html><head><title>Bigger JPEG Image</title><style type=\"text/css\">body {background-color:#FFFFFF;margin:0.25em;font-family:tahoma,sans-serif;font-size:8pt;letter-spacing:1pt;}</style></head><body>")
WinBigJPEG.document.write("<a href=\"\" onclick=\"window.close()\">Close window / Fermer cette fen�tre</a>");
WinBigJPEG.document.write("<p style=\"margin:0em;\" align=\"center\">Eight letters to Roderick Mackenzie, 1823-1837. An electronic transcription.<br />Cochran, Andrew William. <b>" + nopage + "</b></p>");WinBigJPEG.document.write("<img src=\"../../../scans/0004/bigJPEG/MFTP0004PG0024.JPG\" /></body>");
WinBigJPEG.document.close()
}
// end hiding -->
</script>
<script language="javascript">if(parent.main2)  parent.main2.cols='0%,100%';</script>

<body>

<p class="NavBar"><script language="javascript">document.write(Add());</script><a href="../../../../search/searchfs.htm" target="mainFrame">New search</a> | <a href="notes.html">Notes</a> | <a href="abstract.html">Abstract</a></p>
<p class="NavBar"><A HREF="Pg001.html">&lt;&lt; First Page</A> | <A HREF="Pg023.html">&lt; Previous Page</A> | <span class="PageFocusOn"> Page #24 of 40</span> | <A HREF="Pg025.html"> Next Page &gt;</A> | <A HREF="Pg040.html"> Last Page &gt;&gt;</A> </p>

<table class="page" align="center" width="770" border="0">
<tr>
<td rowspan="2" width="360" valign="top">
<p class="EnTeteTranscription">Cochran, Andrew William. Eight letters to Roderick Mackenzie, 1823-1837. An electronic transcription. MFTP #0004</p><div class="ContenuPage">
<p style="text-align:justify;"><span style="text-decoration:underline;">there</span> will be an early subject of difference, for I do not suppose the Gov<sup>r</sup> can give them any other answer this year than he did, the last, to the same request<span class="AddHand-editors">[.]</span></p>
<p style="text-align:justify;">In your letter to me in November, you alluded to the <span class="DelHand-author">ad</span> progress of our Literary &amp; Historical Society.  If I can get a <span style="text-decoration:underline;">frank</span> for it tomorrow, I will send you our last annual report<span class="AddHand-editors">[.]</span>  We have heard, perhaps not on sufficient grounds of fact, that you have a large collection, made by yourself while in the North West country, of <span style="text-decoration:underline;">original Indian tales</span>; as related by the Indians over their fires at night<span class="AddHand-editors">[.]</span>  I can easily conceive that such a collection, made by one with your habits of observation, would contain much that is both new and interesting<span class="AddHand-editors">[.]</span>  And <span class="DelHand-author">although we can</span> <span class="AddHand-author">though</span> we cannot hope for your personal assistance or countenance  to our endeavours, I am convinced your good will towards us would induce you to allow us to make use of any such valuable materials for publication, if they should be of a nature suitable to our transactions<span class="AddHand-editors">[.]</span>  Will you be kind enough to say, when you next write, whether you have any such papers in your possession.  <span class="DelHand-author">By the way, <span class="AddHand-editors">[is...]</span></span><span class="AddHand-editors">[.]</span>  I am sorry we shall not see you in your place this session, &#8212; and still more sorry for the cause<span class="AddHand-editors">[.]</span>  The Chief Justice has had a severe illness since the middle of Dec<sup>r</sup>; &#8212; though long since convalesent; &#8212; <span class="DelHand-author">but</span> <span class="AddHand-author"><span style="text-decoration:underline;">he is</span></span> still confined to his room<span class="AddHand-editors">[.]</span>  His disorder was influenza<span class="AddHand-editors">[.]</span>  M<sup>r</sup> Smith too has been very ill for several weeks, &#8212; first form an upset in <span class="AddHand-author">a</span> cariole which greatly injured his leg &amp; back, &amp; then from erysipelas following the accident, which has given him a sad pair of swelled legs, &amp; keeps him still confined to his couch<span class="AddHand-editors">[.]</span>  Judge Bowen sits Speaker (very properly) notwithstanding the out cry long made in the Assembly, and since re-echoed by the Council against</p>

<p align="page-number"><span class="AddHand-editors">[4]</span></p>

</div>
<p style="line-height:12px;font-size:10px;font-family:arial,swiss,sans-serif;"><span style="font-weight:bold;font-size:9px;">L E G E N D :</span><br /><span style="background-color:red;color:white;"> in red </span>, modifications made by the editor(s).<br /><span style="background-color:#9900ff;color:white;"> in lavender </span>, modifications made by the assumed author(s).</p>
</td>
<td align="right" width="410" valign="top">
<a style="margin-left:100px;"  class="small" title="JPEG Image" onmouseover="window.status='View Bigger JPEG Image'; return true" onmouseout="window.status=' '; return true" href="javascript:windowBigJPEG(280,300,'toolbar=no,location=no,scrollbars=yes,resizable=yes,alwaysRaised=yes','Page #24')">View bigger image in JPEG format [ 245k ]</a></td>
</tr>
<tr>
<td valign="top" width="410" align="left"><img src="../../../scans/0004/smallJPEG/MFTP0004PG0024.JPG" /></td>
</tr>
</table>

</body>
</html>
