<?xml version="1.0" encoding="iso-8859-1" ?>

<html>

 <head>
  <title>Eight letters to Roderick Mackenzie, 1823-1837.  - Page #32</title>
  <meta http-equiv="Content-Type" content="text/html;charset=iso-8859-1" />
<META Name="author" Content="Cochran, Andrew William.">
  <link rel="stylesheet" type="text/css" href="../../../../ss/css/FurTrade_StandAlonePage.IE.css" />
 </head>
<script TYPE="text/javascript" language="JavaScript">
<!-- hide
var WinBigJPEG=null;
function Add(){
if(parent.BackLink==1)
{
parent.BackLink=" ";
return("<a href='javascript:document.rechBis.submit()' target=mainFrame>Back to search results</a> | ");
}
else
return("");
}
function windowDejaVu(URL, name, specs, nopage) {
var WinDejaVu = window.open(URL, name, specs)
WinDejaVu.document.write("<html><head><title>DejaVu Image</title><style type=\"text/css\">body {background-color:#FFFFFF;margin:0.25em;font-family:tahoma,sans-serif;font-size:8pt;letter-spacing:1pt;}</style></head><body>")
WinDejaVu.document.write("<a href=\"\" onclick=\"window.close()\">Close window / Fermer cette fen�tre</a>");
WinDejaVu.document.write("<p style=\"margin:0em;\" align=\"center\">Eight letters to Roderick Mackenzie, 1823-1837. An electronic transcription.<br />Cochran, Andrew William. <b>" + nopage + "</b></p>");WinDejaVu.document.write("<embed type=\"image/x-djvu\" pluginspace=\"http://www.djvu.com/download.html\" src=\"../../../scans/0004/DejaVu/MFTP0004Pg032.djvu\" width=\"100%\" height=\"90%\"></body>");
WinDejaVu.document.close()
}
function windowBigJPEG(width,height,specs,nopage) {
x=screen.availWidth-width-20;
if(WinBigJPEG==null)
WinBigJPEG = window.open('','','width='+width+',height='+height+',screenX='+x+',screenY=20, top=20, left='+x+specs)
		else
		{
		if(WinBigJPEG.closed)
		WinBigJPEG = window.open('','','width='+width+',height='+height+',screenX='+x+',screenY=20, top=20, left='+x+specs)
		else
		{
		WinBigJPEG.close();
		WinBigJPEG = window.open('','','width='+width+',height='+height+',screenX='+x+',screenY=20, top=20, left='+x+specs)
		WinBigJPEG.focus();
		}
		}
WinBigJPEG.document.write("<html><head><title>Bigger JPEG Image</title><style type=\"text/css\">body {background-color:#FFFFFF;margin:0.25em;font-family:tahoma,sans-serif;font-size:8pt;letter-spacing:1pt;}</style></head><body>")
WinBigJPEG.document.write("<a href=\"\" onclick=\"window.close()\">Close window / Fermer cette fen�tre</a>");
WinBigJPEG.document.write("<p style=\"margin:0em;\" align=\"center\">Eight letters to Roderick Mackenzie, 1823-1837. An electronic transcription.<br />Cochran, Andrew William. <b>" + nopage + "</b></p>");WinBigJPEG.document.write("<img src=\"../../../scans/0004/bigJPEG/MFTP0004PG0032.JPG\" /></body>");
WinBigJPEG.document.close()
}
// end hiding -->
</script>
<script language="javascript">if(parent.main2)  parent.main2.cols='0%,100%';</script>

<body>

<p class="NavBar"><script language="javascript">document.write(Add());</script><a href="../../../../search/searchfs.htm" target="mainFrame">New search</a> | <a href="notes.html">Notes</a> | <a href="abstract.html">Abstract</a></p>
<p class="NavBar"><A HREF="Pg001.html">&lt;&lt; First Page</A> | <A HREF="Pg031.html">&lt; Previous Page</A> | <span class="PageFocusOn"> Page #32 of 40</span> | <A HREF="Pg033.html"> Next Page &gt;</A> | <A HREF="Pg040.html"> Last Page &gt;&gt;</A> </p>

<table class="page" align="center" width="770" border="0">
<tr>
<td rowspan="2" width="360" valign="top">
<p class="EnTeteTranscription">Cochran, Andrew William. Eight letters to Roderick Mackenzie, 1823-1837. An electronic transcription. MFTP #0004</p><div class="ContenuPage">
<p style="text-align:justify;">plan of operation of the Commissioners<span class="AddHand-editors">[.]</span>  They have examined <span class="AddHand-editors">[M]</span><sup>r</sup> Hale about the revenues &amp; expenditure, and I have heard that M<sup>r</sup> Bouchette has been before them, but I doubt it<span class="AddHand-editors">[.]</span>  It is professed that they <span class="DelHand-author">have</span> are only to inquire into the alledged grievances arising from the past administration of the Government, &amp; not in any way to <span class="DelHand-author">inquire</span> middle with the present administration<span class="AddHand-editors">[.]</span>  But I suspect it will be found, (if it is not the case already) that this distinction will be lost in practice<span class="AddHand-editors">[.]</span>  One of the Commissioners to inquire into the past, is the person who administers the present Government: and if there should be another <span class="AddHand-author">of the</span> Commissioners of a very decided &amp; active <span style="text-decoration:underline;">reforming</span> character, and disposed to make himself busy &amp; to assist his brother Comm<sup>r</sup> the Governor in his particular duty of administration, it will in that case be found <span class="AddHand-author">in practice</span> that the Commission is one for <span style="text-decoration:underline;">governing</span> the country as well as for inquiry<span class="AddHand-editors">[.]</span>  And as there are only three of them the operation of the Machine as a governing Machine will be this: <span class="DelHand-author">The Governor,</span> The Governing Commissioner, A, is under the necessity of adopting some measure of Gov<sup>t</sup> as for instance, to <span class="DelHand-author">send a Mes</span> make an appointment, or he may be called upon by the Assembly to remove an obnoxious officer<span class="AddHand-editors">[.]</span>  He is undecided, or deliberating, what to do.  The busy Commissioner B. who hunts about for what he considers to be public opinion, imparts his notions to A &amp; tells him what he thinks would be best<span class="AddHand-editors">[.]</span>  The quiet cautious reflecting Commissioner C who may be disposed only to <span style="text-decoration:underline;">inquire</span> in the first instance, may be of a different way of thinking from B, but as the Governor A has to act or to speak, one way or the other, he adopts the opinion of B. thus saving himself <span class="DelHand-author">in his ca</span> from responsibility in his governing capacity, by having on his side <span class="DelHand-author">his</span> <span style="text-decoration:underline;">one</span> of those who are to assist him in his <span style="text-decoration:underline;">inquiring</span> capacity<span class="AddHand-editors">[.]</span>  Thus, as the pretended grievances to be <span style="text-decoration:underline;">inquired</span> into <span style="text-decoration:underline;">embrace every branch and</span></p>

<p align="page-number"><span class="AddHand-editors">[2]</span></p>

</div>
<p style="line-height:12px;font-size:10px;font-family:arial,swiss,sans-serif;"><span style="font-weight:bold;font-size:9px;">L E G E N D :</span><br /><span style="background-color:red;color:white;"> in red </span>, modifications made by the editor(s).<br /><span style="background-color:#9900ff;color:white;"> in lavender </span>, modifications made by the assumed author(s).</p>
</td>
<td align="right" width="410" valign="top">
<a style="margin-left:100px;"  class="small" title="JPEG Image" onmouseover="window.status='View Bigger JPEG Image'; return true" onmouseout="window.status=' '; return true" href="javascript:windowBigJPEG(280,300,'toolbar=no,location=no,scrollbars=yes,resizable=yes,alwaysRaised=yes','Page #32')">View bigger image in JPEG format [ 166k ]</a></td>
</tr>
<tr>
<td valign="top" width="410" align="left"><img src="../../../scans/0004/smallJPEG/MFTP0004PG0032.JPG" /></td>
</tr>
</table>

</body>
</html>
