<?xml version="1.0" encoding="iso-8859-1" ?>

<html>

 <head>
  <title>Eight letters to Roderick Mackenzie, 1823-1837.  - Page #36</title>
  <meta http-equiv="Content-Type" content="text/html;charset=iso-8859-1" />
<META Name="author" Content="Cochran, Andrew William.">
  <link rel="stylesheet" type="text/css" href="../../../../ss/css/FurTrade_StandAlonePage.IE.css" />
 </head>
<script TYPE="text/javascript" language="JavaScript">
<!-- hide
var WinBigJPEG=null;
function Add(){
if(parent.BackLink==1)
{
parent.BackLink=" ";
return("<a href='javascript:document.rechBis.submit()' target=mainFrame>Back to search results</a> | ");
}
else
return("");
}
function windowDejaVu(URL, name, specs, nopage) {
var WinDejaVu = window.open(URL, name, specs)
WinDejaVu.document.write("<html><head><title>DejaVu Image</title><style type=\"text/css\">body {background-color:#FFFFFF;margin:0.25em;font-family:tahoma,sans-serif;font-size:8pt;letter-spacing:1pt;}</style></head><body>")
WinDejaVu.document.write("<a href=\"\" onclick=\"window.close()\">Close window / Fermer cette fen�tre</a>");
WinDejaVu.document.write("<p style=\"margin:0em;\" align=\"center\">Eight letters to Roderick Mackenzie, 1823-1837. An electronic transcription.<br />Cochran, Andrew William. <b>" + nopage + "</b></p>");WinDejaVu.document.write("<embed type=\"image/x-djvu\" pluginspace=\"http://www.djvu.com/download.html\" src=\"../../../scans/0004/DejaVu/MFTP0004Pg036.djvu\" width=\"100%\" height=\"90%\"></body>");
WinDejaVu.document.close()
}
function windowBigJPEG(width,height,specs,nopage) {
x=screen.availWidth-width-20;
if(WinBigJPEG==null)
WinBigJPEG = window.open('','','width='+width+',height='+height+',screenX='+x+',screenY=20, top=20, left='+x+specs)
		else
		{
		if(WinBigJPEG.closed)
		WinBigJPEG = window.open('','','width='+width+',height='+height+',screenX='+x+',screenY=20, top=20, left='+x+specs)
		else
		{
		WinBigJPEG.close();
		WinBigJPEG = window.open('','','width='+width+',height='+height+',screenX='+x+',screenY=20, top=20, left='+x+specs)
		WinBigJPEG.focus();
		}
		}
WinBigJPEG.document.write("<html><head><title>Bigger JPEG Image</title><style type=\"text/css\">body {background-color:#FFFFFF;margin:0.25em;font-family:tahoma,sans-serif;font-size:8pt;letter-spacing:1pt;}</style></head><body>")
WinBigJPEG.document.write("<a href=\"\" onclick=\"window.close()\">Close window / Fermer cette fen�tre</a>");
WinBigJPEG.document.write("<p style=\"margin:0em;\" align=\"center\">Eight letters to Roderick Mackenzie, 1823-1837. An electronic transcription.<br />Cochran, Andrew William. <b>" + nopage + "</b></p>");WinBigJPEG.document.write("<img src=\"../../../scans/0004/bigJPEG/MFTP0004PG0036.JPG\" /></body>");
WinBigJPEG.document.close()
}
// end hiding -->
</script>
<script language="javascript">if(parent.main2)  parent.main2.cols='0%,100%';</script>

<body>

<p class="NavBar"><script language="javascript">document.write(Add());</script><a href="../../../../search/searchfs.htm" target="mainFrame">New search</a> | <a href="notes.html">Notes</a> | <a href="abstract.html">Abstract</a></p>
<p class="NavBar"><A HREF="Pg001.html">&lt;&lt; First Page</A> | <A HREF="Pg035.html">&lt; Previous Page</A> | <span class="PageFocusOn"> Page #36 of 40</span> | <A HREF="Pg037.html"> Next Page &gt;</A> | <A HREF="Pg040.html"> Last Page &gt;&gt;</A> </p>

<table class="page" align="center" width="770" border="0">
<tr>
<td rowspan="2" width="360" valign="top">
<p class="EnTeteTranscription">Cochran, Andrew William. Eight letters to Roderick Mackenzie, 1823-1837. An electronic transcription. MFTP #0004</p><div class="ContenuPage">
<p style="text-align:justify;">own table and elsewhere, and can bear <span style="text-decoration:underline;">impartial</span> testimony to h<span class="AddHand-editors">[is]</span> excellent private qualities, because I have no reason to be <span style="text-decoration:underline;">partial</span> to him, as far as self interest is concerned, for his public measures towards me.  What my ultimate fate maybe I cannot foretell; but I am convinced he is well disposed to <span class="DelHand-author"><span class="AddHand-editors">[serve]</span></span> serve me; and that his Brother Commiss<sup>rs </sup>even in bearing hard upon me, were equally well disposed; and the Gov<sup>t</sup> at home not less so; therefore if I am cast adrift at last, I must suppose that it is because they think they <span style="text-decoration:underline;">cannot</span> do anything for me in the way of justice<span class="AddHand-editors">[.]</span>  But even so, while Providence spares my life and health &amp; faculties, I should not despair of keeping my head as high above water as hitherto<span class="AddHand-editors">[.]</span></p>
<p style="text-align:justify;">We are all tranquilly waiting for the public measures which shall be announced from the other side or the Atlantic<span class="AddHand-editors">[.]</span>  We have nothing but mere surmise as to what they will be<span class="AddHand-editors">[.]</span>  I am inclined myself to think from the recall of the Commission &amp; from other indications, that the measures at home will not be pleasing to the party that has been so long predominant here<span class="AddHand-editors">[.]</span>  I think the Gov<sup>t</sup> see that conciliation has been <span class="DelHand-author"><span class="Gap">[&#8230;]</span></span> pushed  to it's utmost verge, not only without any benefit, but with some damage to the dignity &amp; vigour of Gov<sup>t</sup><span class="AddHand-editors">[.]</span>  But, as I said before, we have so little to guide us to any sound conclusions, that all is a kind of guess-work.</p>
<p style="text-align:justify;">To return to our Literary Society, &#8212; I feel very much obliged by the information contained in your letter of the 14<sup>h</sup> Oct<sup>r</sup> &amp; the accompanying copy of your printed circular in1806, for obtaining facts as to the Indian countries<span class="AddHand-editors">[.]</span>  I shewed it to some of the managing members or the Society, and they thought with me, that your circular could not have failed to gather in some very interesting information<span class="AddHand-editors">[.]</span>  I think you mentioned in a former letter that you were going to print a compilation of it but were uncertain <span style="text-decoration:underline;">where</span> or <span style="text-decoration:underline;">when</span><span class="AddHand-editors">[.]</span>  Perhaps our Society might co-operate with you, both by labour and funds<span class="AddHand-editors">[.]</span>  I should hold it as a <span style="text-decoration:underline;">feather in my cap</span> if while I am President I could have the honour of forwarding such a work, as coming out with the assistance of the Society<span class="AddHand-editors">[.]</span>  It would be a pity that <span style="text-decoration:underline;">all</span> the useful <span class="DelHand-author">materials</span> or interesting materials that you have should</p>

<p align="page-number"><span class="AddHand-editors">[2]</span></p>

</div>
<p style="line-height:12px;font-size:10px;font-family:arial,swiss,sans-serif;"><span style="font-weight:bold;font-size:9px;">L E G E N D :</span><br /><span style="background-color:red;color:white;"> in red </span>, modifications made by the editor(s).<br /><span style="background-color:#9900ff;color:white;"> in lavender </span>, modifications made by the assumed author(s).</p>
</td>
<td align="right" width="410" valign="top">
<a style="margin-left:100px;"  class="small" title="JPEG Image" onmouseover="window.status='View Bigger JPEG Image'; return true" onmouseout="window.status=' '; return true" href="javascript:windowBigJPEG(280,300,'toolbar=no,location=no,scrollbars=yes,resizable=yes,alwaysRaised=yes','Page #36')">View bigger image in JPEG format [ 157k ]</a></td>
</tr>
<tr>
<td valign="top" width="410" align="left"><img src="../../../scans/0004/smallJPEG/MFTP0004PG0036.JPG" /></td>
</tr>
</table>

</body>
</html>
