<?xml version="1.0" encoding="iso-8859-1" ?>

<html>

 <head>
  <title>Eight letters to Roderick Mackenzie, 1823-1837.  - Page #33</title>
  <meta http-equiv="Content-Type" content="text/html;charset=iso-8859-1" />
<META Name="author" Content="Cochran, Andrew William.">
  <link rel="stylesheet" type="text/css" href="../../../../ss/css/FurTrade_StandAlonePage.IE.css" />
 </head>
<script TYPE="text/javascript" language="JavaScript">
<!-- hide
var WinBigJPEG=null;
function Add(){
if(parent.BackLink==1)
{
parent.BackLink=" ";
return("<a href='javascript:document.rechBis.submit()' target=mainFrame>Back to search results</a> | ");
}
else
return("");
}
function windowDejaVu(URL, name, specs, nopage) {
var WinDejaVu = window.open(URL, name, specs)
WinDejaVu.document.write("<html><head><title>DejaVu Image</title><style type=\"text/css\">body {background-color:#FFFFFF;margin:0.25em;font-family:tahoma,sans-serif;font-size:8pt;letter-spacing:1pt;}</style></head><body>")
WinDejaVu.document.write("<a href=\"\" onclick=\"window.close()\">Close window / Fermer cette fen�tre</a>");
WinDejaVu.document.write("<p style=\"margin:0em;\" align=\"center\">Eight letters to Roderick Mackenzie, 1823-1837. An electronic transcription.<br />Cochran, Andrew William. <b>" + nopage + "</b></p>");WinDejaVu.document.write("<embed type=\"image/x-djvu\" pluginspace=\"http://www.djvu.com/download.html\" src=\"../../../scans/0004/DejaVu/MFTP0004Pg033.djvu\" width=\"100%\" height=\"90%\"></body>");
WinDejaVu.document.close()
}
function windowBigJPEG(width,height,specs,nopage) {
x=screen.availWidth-width-20;
if(WinBigJPEG==null)
WinBigJPEG = window.open('','','width='+width+',height='+height+',screenX='+x+',screenY=20, top=20, left='+x+specs)
		else
		{
		if(WinBigJPEG.closed)
		WinBigJPEG = window.open('','','width='+width+',height='+height+',screenX='+x+',screenY=20, top=20, left='+x+specs)
		else
		{
		WinBigJPEG.close();
		WinBigJPEG = window.open('','','width='+width+',height='+height+',screenX='+x+',screenY=20, top=20, left='+x+specs)
		WinBigJPEG.focus();
		}
		}
WinBigJPEG.document.write("<html><head><title>Bigger JPEG Image</title><style type=\"text/css\">body {background-color:#FFFFFF;margin:0.25em;font-family:tahoma,sans-serif;font-size:8pt;letter-spacing:1pt;}</style></head><body>")
WinBigJPEG.document.write("<a href=\"\" onclick=\"window.close()\">Close window / Fermer cette fen�tre</a>");
WinBigJPEG.document.write("<p style=\"margin:0em;\" align=\"center\">Eight letters to Roderick Mackenzie, 1823-1837. An electronic transcription.<br />Cochran, Andrew William. <b>" + nopage + "</b></p>");WinBigJPEG.document.write("<img src=\"../../../scans/0004/bigJPEG/MFTP0004PG0033.JPG\" /></body>");
WinBigJPEG.document.close()
}
// end hiding -->
</script>
<script language="javascript">if(parent.main2)  parent.main2.cols='0%,100%';</script>

<body>

<p class="NavBar"><script language="javascript">document.write(Add());</script><a href="../../../../search/searchfs.htm" target="mainFrame">New search</a> | <a href="notes.html">Notes</a> | <a href="abstract.html">Abstract</a></p>
<p class="NavBar"><A HREF="Pg001.html">&lt;&lt; First Page</A> | <A HREF="Pg032.html">&lt; Previous Page</A> | <span class="PageFocusOn"> Page #33 of 40</span> | <A HREF="Pg034.html"> Next Page &gt;</A> | <A HREF="Pg040.html"> Last Page &gt;&gt;</A> </p>

<table class="page" align="center" width="770" border="0">
<tr>
<td rowspan="2" width="360" valign="top">
<p class="EnTeteTranscription">Cochran, Andrew William. Eight letters to Roderick Mackenzie, 1823-1837. An electronic transcription. MFTP #0004</p><div class="ContenuPage">
<p style="text-align:justify;"><span style="text-decoration:underline;">every act of the Executive administration</span>, it will come to pass that the Government will be in the hands of A &amp; B two of the Commissioners, the former who is nominally responsible as Gov<sup>r</sup> being sheltered from that responsibility by his double capacity of Comm<sup>r</sup>, and by the opinion of his brother Comm<sup>r</sup> B. who is irresponsible, thus setting aside the third Comm<sup>r</sup> C. who may differ from them, and at the same time ensuring the acquiescence of the Gov<sup>t</sup> at home<span class="AddHand-editors">[.]</span>  This is a new and cunning project for governing a country according to any course <span style="text-decoration:underline;">of policy</span> that</p>
<p style="text-align:justify;">may be found most easy &amp; convenient, without the existence of an effectual responsibility any where<span class="AddHand-editors">[.]</span>  Excuse this prosing essay, &amp; receive it as for your own private ear only.  I had a letter, by Lord Gosford, from Lord Dalhousie who was then (15<sup>h</sup> June) at Leamington, a place in Warwickshire celebrated for its mineral springs<span class="AddHand-editors">[.]</span>  He had taken Lady D. there for the benefit of her health<span class="AddHand-editors">[.]</span>  She had long been seriously ill, &#8212; and until she went their confined almost wholly to her bed or sofa<span class="AddHand-editors">[.]</span>  But he</p>
<p style="text-align:justify;">writes me that she had so much recovered as to be able to walk about, unassisted; and he himself also was better by his residence there.  He mentions Lord Gosford &amp; Sir Cha<sup>s</sup> Grey as both good men &#8212; but Whigs<span class="AddHand-editors">[.]</span>  The latter he knew well at Calcutta where he was Chief Justice; Lord D. speaks of him as an excellent man &amp; able Judge.  I wish he were here now, and would take <span class="AddHand-author">a</span> more forward part, than, from his quiet reserved character, I fear he will take.  He is in face and general appearance <span class="AddHand-author">&amp; manner</span> a good deal like the late M<sup>r</sup> W.B. Coltman<span class="AddHand-editors">[.]</span>  Sir Geo. Gipps was a Capt<sup>n</sup> in the Engineers, and is a most decided Whig, &amp; something beyond.</p>
<p style="text-align:justify;">When you come to Quebec, perhaps you will be good enough to bring with you some of your memoranda of the Indian countries &amp; Indian life, and allow me the pleasure of looking over them.</p>
<p style="text-align:justify;">Believe me My Dear Sir</p>
<p style="text-align:justify;">Very truly your's</p>
<p style="text-align:justify;">AW Cochran</p>

<p align="page-number"><span class="AddHand-editors">[3]</span></p>

</div>
<p style="line-height:12px;font-size:10px;font-family:arial,swiss,sans-serif;"><span style="font-weight:bold;font-size:9px;">L E G E N D :</span><br /><span style="background-color:red;color:white;"> in red </span>, modifications made by the editor(s).<br /><span style="background-color:#9900ff;color:white;"> in lavender </span>, modifications made by the assumed author(s).</p>
</td>
<td align="right" width="410" valign="top">
<a style="margin-left:100px;"  class="small" title="JPEG Image" onmouseover="window.status='View Bigger JPEG Image'; return true" onmouseout="window.status=' '; return true" href="javascript:windowBigJPEG(280,300,'toolbar=no,location=no,scrollbars=yes,resizable=yes,alwaysRaised=yes','Page #33')">View bigger image in JPEG format [ 152k ]</a></td>
</tr>
<tr>
<td valign="top" width="410" align="left"><img src="../../../scans/0004/smallJPEG/MFTP0004PG0033.JPG" /></td>
</tr>
</table>

</body>
</html>
