<?xml version="1.0" encoding="iso-8859-1" ?>

<html>

 <head>
  <title>Eight letters to Roderick Mackenzie, 1823-1837.  - Page #35</title>
  <meta http-equiv="Content-Type" content="text/html;charset=iso-8859-1" />
<META Name="author" Content="Cochran, Andrew William.">
  <link rel="stylesheet" type="text/css" href="../../../../ss/css/FurTrade_StandAlonePage.IE.css" />
 </head>
<script TYPE="text/javascript" language="JavaScript">
<!-- hide
var WinBigJPEG=null;
function Add(){
if(parent.BackLink==1)
{
parent.BackLink=" ";
return("<a href='javascript:document.rechBis.submit()' target=mainFrame>Back to search results</a> | ");
}
else
return("");
}
function windowDejaVu(URL, name, specs, nopage) {
var WinDejaVu = window.open(URL, name, specs)
WinDejaVu.document.write("<html><head><title>DejaVu Image</title><style type=\"text/css\">body {background-color:#FFFFFF;margin:0.25em;font-family:tahoma,sans-serif;font-size:8pt;letter-spacing:1pt;}</style></head><body>")
WinDejaVu.document.write("<a href=\"\" onclick=\"window.close()\">Close window / Fermer cette fen�tre</a>");
WinDejaVu.document.write("<p style=\"margin:0em;\" align=\"center\">Eight letters to Roderick Mackenzie, 1823-1837. An electronic transcription.<br />Cochran, Andrew William. <b>" + nopage + "</b></p>");WinDejaVu.document.write("<embed type=\"image/x-djvu\" pluginspace=\"http://www.djvu.com/download.html\" src=\"../../../scans/0004/DejaVu/MFTP0004Pg035.djvu\" width=\"100%\" height=\"90%\"></body>");
WinDejaVu.document.close()
}
function windowBigJPEG(width,height,specs,nopage) {
x=screen.availWidth-width-20;
if(WinBigJPEG==null)
WinBigJPEG = window.open('','','width='+width+',height='+height+',screenX='+x+',screenY=20, top=20, left='+x+specs)
		else
		{
		if(WinBigJPEG.closed)
		WinBigJPEG = window.open('','','width='+width+',height='+height+',screenX='+x+',screenY=20, top=20, left='+x+specs)
		else
		{
		WinBigJPEG.close();
		WinBigJPEG = window.open('','','width='+width+',height='+height+',screenX='+x+',screenY=20, top=20, left='+x+specs)
		WinBigJPEG.focus();
		}
		}
WinBigJPEG.document.write("<html><head><title>Bigger JPEG Image</title><style type=\"text/css\">body {background-color:#FFFFFF;margin:0.25em;font-family:tahoma,sans-serif;font-size:8pt;letter-spacing:1pt;}</style></head><body>")
WinBigJPEG.document.write("<a href=\"\" onclick=\"window.close()\">Close window / Fermer cette fen�tre</a>");
WinBigJPEG.document.write("<p style=\"margin:0em;\" align=\"center\">Eight letters to Roderick Mackenzie, 1823-1837. An electronic transcription.<br />Cochran, Andrew William. <b>" + nopage + "</b></p>");WinBigJPEG.document.write("<img src=\"../../../scans/0004/bigJPEG/MFTP0004PG0035.JPG\" /></body>");
WinBigJPEG.document.close()
}
// end hiding -->
</script>
<script language="javascript">if(parent.main2)  parent.main2.cols='0%,100%';</script>

<body>

<p class="NavBar"><script language="javascript">document.write(Add());</script><a href="../../../../search/searchfs.htm" target="mainFrame">New search</a> | <a href="notes.html">Notes</a> | <a href="abstract.html">Abstract</a></p>
<p class="NavBar"><A HREF="Pg001.html">&lt;&lt; First Page</A> | <A HREF="Pg034.html">&lt; Previous Page</A> | <span class="PageFocusOn"> Page #35 of 40</span> | <A HREF="Pg036.html"> Next Page &gt;</A> | <A HREF="Pg040.html"> Last Page &gt;&gt;</A> </p>

<table class="page" align="center" width="770" border="0">
<tr>
<td rowspan="2" width="360" valign="top">
<p class="EnTeteTranscription">Cochran, Andrew William. Eight letters to Roderick Mackenzie, 1823-1837. An electronic transcription. MFTP #0004</p><div class="ContenuPage">
<p style="text-align:right;">Quebec 22<sup>nd</sup> February 1837</p>
<p style="text-align:justify;">My Dear Sir</p>
<p style="text-align:justify;">Your very kind and obliging letter of the 27<sup>h</sup> of last month should not have remained so long unacknowledge, but for a variety of occupations and impediments which in a measure put it out of my power to write <span class="DelHand-author">letters</span> except on business<span class="AddHand-editors">[.]</span>  It is not too late however to thank you for your friendly <span class="DelHand-author">congratulations</span> good wishes on the commencement of the year, and for your too kind expressions of congratulation on my election as President of the Literary &amp; Historical Society, an honour which I certainly did not expect but which as it was unanimously conferred, lays upon me an obligation to exert myself to the utmost for the advantage &amp; honour of the Society.</p>
<p style="text-align:justify;">I should be sorry you should judge by the tardiness of my replies, of the pleasure which it gives me to hear from you or to write to you<span class="AddHand-editors">[.]</span>  I hope your health has not suffered this winter, Sickness is prevalent at Quebec in a remarkable degree<span class="AddHand-editors">[.]</span>  Our friend M<sup>r</sup> Smith yesterday lost his widowed daughter M<sup>rs</sup> Rob<sup>t</sup> Sewell, after eighteen days illness of a severe fever<span class="AddHand-editors">[.]</span>  She has left two little daughters, now orphans<span class="AddHand-editors">[.]</span>  I too have had severe sickness in my family, which is one of my excuses for not writing to you sooner<span class="AddHand-editors">[.]</span>  My eldest boy has been exceedingly ill, but I thank God that he seams now to be decidedly recovering, though it will be some months before he is quite restored<span class="AddHand-editors">[.]</span>  The Catholic Clergy in the Suburbs say, that, even in the time of the Cholera, they were not more frequently called in to attend sick beds.  In other respects too this is a hard winter upon our community; the dreadful high prices of bread, meat, potatoes, meal, oats, oatmeal, forage &amp; fuel, bear most severely upon the poor; and the difficulties of the Gov<sup>t</sup> and of the officers of Gov<sup>t</sup> add to the general pressure of distress<span class="AddHand-editors">[.]</span>  But yet we have <span style="text-decoration:underline;">one</span> comfort this winter; and a blessed comfort it is, &#8211; we have no House of Assembly sitting, &#8212; no political storms; &#8212; the Society is comparatively at <span style="text-decoration:underline;">peace</span>, though distressed: there is no painful or unpleasant excitement; all we pursuing their private business or their private pleasure<span class="AddHand-editors">[.]</span>  Lord Gosford is very hospitable &amp; sociable; &#8212; never was a man more fitted to win friends by his private demeanour; it is impossible not to like him as the head of the Society<span class="AddHand-editors">[.]</span>  I have seen a great deal of him at his</p>
<p style="text-align:right;">own</p>

<p align="page-number"><span class="AddHand-editors">[1]</span></p>

</div>
<p style="line-height:12px;font-size:10px;font-family:arial,swiss,sans-serif;"><span style="font-weight:bold;font-size:9px;">L E G E N D :</span><br /><span style="background-color:red;color:white;"> in red </span>, modifications made by the editor(s).<br /><span style="background-color:#9900ff;color:white;"> in lavender </span>, modifications made by the assumed author(s).</p>
</td>
<td align="right" width="410" valign="top">
<a style="margin-left:100px;"  class="small" title="JPEG Image" onmouseover="window.status='View Bigger JPEG Image'; return true" onmouseout="window.status=' '; return true" href="javascript:windowBigJPEG(280,300,'toolbar=no,location=no,scrollbars=yes,resizable=yes,alwaysRaised=yes','Page #35')">View bigger image in JPEG format [ 161k ]</a></td>
</tr>
<tr>
<td valign="top" width="410" align="left"><img src="../../../scans/0004/smallJPEG/MFTP0004PG0035.JPG" /></td>
</tr>
</table>

</body>
</html>
