<?xml version="1.0" encoding="iso-8859-1" ?>

<html>

 <head>
  <title>Some Account of the Mississouri Indians in the Years 1804, 5, 6, &amp; 7.  - Page #93</title>
  <meta http-equiv="Content-Type" content="text/html;charset=iso-8859-1" />
<META Name="author" Content="McKenzie, Charles.">
  <link rel="stylesheet" type="text/css" href="../../../../ss/css/FurTrade_StandAlonePage.IE.css" />
 </head>
<script TYPE="text/javascript" language="JavaScript">
<!-- hide
var WinBigJPEG=null;
function Add(){
if(parent.BackLink==1)
{
parent.BackLink=" ";
return("<a href='javascript:document.rechBis.submit()' target=mainFrame>Back to search results</a> | ");
}
else
return("");
}
function windowDejaVu(URL, name, specs, nopage) {
var WinDejaVu = window.open(URL, name, specs)
WinDejaVu.document.write("<html><head><title>DejaVu Image</title><style type=\"text/css\">body {background-color:#FFFFFF;margin:0.25em;font-family:tahoma,sans-serif;font-size:8pt;letter-spacing:1pt;}</style></head><body>")
WinDejaVu.document.write("<a href=\"\" onclick=\"window.close()\">Close window / Fermer cette fen�tre</a>");
WinDejaVu.document.write("<p style=\"margin:0em;\" align=\"center\">Some Account of the Mississouri Indians in the Years 1804, 5, 6, &amp; 7. An electronic transcription.<br />McKenzie, Charles. <b>" + nopage + "</b></p>");WinDejaVu.document.write("<embed type=\"image/x-djvu\" pluginspace=\"http://www.djvu.com/download.html\" src=\"../../../scans/0008/DejaVu/MFTP0008Pg093.djvu\" width=\"100%\" height=\"90%\"></body>");
WinDejaVu.document.close()
}
function windowBigJPEG(width,height,specs,nopage) {
x=screen.availWidth-width-20;
if(WinBigJPEG==null)
WinBigJPEG = window.open('','','width='+width+',height='+height+',screenX='+x+',screenY=20, top=20, left='+x+specs)
		else
		{
		if(WinBigJPEG.closed)
		WinBigJPEG = window.open('','','width='+width+',height='+height+',screenX='+x+',screenY=20, top=20, left='+x+specs)
		else
		{
		WinBigJPEG.close();
		WinBigJPEG = window.open('','','width='+width+',height='+height+',screenX='+x+',screenY=20, top=20, left='+x+specs)
		WinBigJPEG.focus();
		}
		}
WinBigJPEG.document.write("<html><head><title>Bigger JPEG Image</title><style type=\"text/css\">body {background-color:#FFFFFF;margin:0.25em;font-family:tahoma,sans-serif;font-size:8pt;letter-spacing:1pt;}</style></head><body>")
WinBigJPEG.document.write("<a href=\"\" onclick=\"window.close()\">Close window / Fermer cette fen�tre</a>");
WinBigJPEG.document.write("<p style=\"margin:0em;\" align=\"center\">Some Account of the Mississouri Indians in the Years 1804, 5, 6, &amp; 7. An electronic transcription.<br />McKenzie, Charles. <b>" + nopage + "</b></p>");WinBigJPEG.document.write("<img src=\"../../../scans/0008/bigJPEG/MFTP0008PG0093.JPG\" /></body>");
WinBigJPEG.document.close()
}
// end hiding -->
</script>
<script language="javascript">if(parent.main2)  parent.main2.cols='0%,100%';</script>

<body>

<p class="NavBar"><script language="javascript">document.write(Add());</script><a href="../../../../search/searchfs.htm" target="mainFrame">New search</a> | <a href="notes.html">Notes</a> | <a href="abstract.html">Abstract</a></p>
<p class="NavBar"><A HREF="Pg001.html">&lt;&lt; First Page</A> | <A HREF="Pg092.html">&lt; Previous Page</A> | <span class="PageFocusOn"> Page #93 of 189</span> | <A HREF="Pg094.html"> Next Page &gt;</A> | <A HREF="Pg189.html"> Last Page &gt;&gt;</A> </p>

<table class="page" align="center" width="770" border="0">
<tr>
<td rowspan="2" width="360" valign="top">
<p class="EnTeteTranscription">McKenzie, Charles. Some Account of the Mississouri Indians in the Years 1804, 5, 6, &amp; 7. An electronic transcription. MFTP #0008</p><div class="ContenuPage">
<p style="text-align:justify;"><span style="text-decoration:underline;">No. 1</span></p>
<p class="head">Supplement to the Second Expedition.</p>
<p style="text-align:justify;">July 10<sup>th </sup> 1805.  To celebrate a great Festival all the old men of the Enasis Village assembled at the Lodge of the first Chief to appoint proper officers in order to keep the peace during its duration.</p>
<p style="text-align:justify;">11<sup>th</sup>  This morning at the break of day, an old man harangued through the Village;  Soon after appeared twelve robust young fellows with their heads in bladders, bodies bare; painted half way with vermillion and half with white earth &#8211; the emblems of punishment and pardon united in the same person.  These Guardians of the Public Welfare entered into every lodge giving instructions for good order.  The women were directed to go into the woods for branches to cover the Medicine Lodge; while the men were occupied in dressing <span style="text-decoration:underline;">themselves</span>.</p>

<p align="page-number"><span class="AddHand-editors">[90]</span></p>

</div>
<p style="line-height:12px;font-size:10px;font-family:arial,swiss,sans-serif;"><span style="font-weight:bold;font-size:9px;">L E G E N D :</span><br /><span style="background-color:red;color:white;"> in red </span>, modifications made by the editor(s).<br /><span style="background-color:#9900ff;color:white;"> in lavender </span>, modifications made by the assumed author(s).</p>
</td>
<td align="right" width="410" valign="top">
<a style="margin-left:100px;"  class="small" title="JPEG Image" onmouseover="window.status='View Bigger JPEG Image'; return true" onmouseout="window.status=' '; return true" href="javascript:windowBigJPEG(280,300,'toolbar=no,location=no,scrollbars=yes,resizable=yes,alwaysRaised=yes','Page #93')">View bigger image in JPEG format [ 242k ]</a></td>
</tr>
<tr>
<td valign="top" width="410" align="left"><img src="../../../scans/0008/smallJPEG/MFTP0008PG0093.JPG" /></td>
</tr>
</table>

</body>
</html>
