<?xml version="1.0" encoding="iso-8859-1" ?>

<html>

 <head>
  <title>The Mississouri Indians, 1809.  - Page #7</title>
  <meta http-equiv="Content-Type" content="text/html;charset=iso-8859-1" />
<META Name="author" Content="McKenzie, Charles.">
  <link rel="stylesheet" type="text/css" href="../../../../ss/css/FurTrade_StandAlonePage.IE.css" />
 </head>
<script TYPE="text/javascript" language="JavaScript">
<!-- hide
var WinBigJPEG=null;
function Add(){
if(parent.BackLink==1)
{
parent.BackLink=" ";
return("<a href='javascript:document.rechBis.submit()' target=mainFrame>Back to search results</a> | ");
}
else
return("");
}
function windowDejaVu(URL, name, specs, nopage) {
var WinDejaVu = window.open(URL, name, specs)
WinDejaVu.document.write("<html><head><title>DejaVu Image</title><style type=\"text/css\">body {background-color:#FFFFFF;margin:0.25em;font-family:tahoma,sans-serif;font-size:8pt;letter-spacing:1pt;}</style></head><body>")
WinDejaVu.document.write("<a href=\"\" onclick=\"window.close()\">Close window / Fermer cette fen�tre</a>");
WinDejaVu.document.write("<p style=\"margin:0em;\" align=\"center\">The Mississouri Indians, 1809. An electronic transcription.<br />McKenzie, Charles. <b>" + nopage + "</b></p>");WinDejaVu.document.write("<embed type=\"image/x-djvu\" pluginspace=\"http://www.djvu.com/download.html\" src=\"../../../scans/0009/DejaVu/MFTP0009Pg007.djvu\" width=\"100%\" height=\"90%\"></body>");
WinDejaVu.document.close()
}
function windowBigJPEG(width,height,specs,nopage) {
x=screen.availWidth-width-20;
if(WinBigJPEG==null)
WinBigJPEG = window.open('','','width='+width+',height='+height+',screenX='+x+',screenY=20, top=20, left='+x+specs)
		else
		{
		if(WinBigJPEG.closed)
		WinBigJPEG = window.open('','','width='+width+',height='+height+',screenX='+x+',screenY=20, top=20, left='+x+specs)
		else
		{
		WinBigJPEG.close();
		WinBigJPEG = window.open('','','width='+width+',height='+height+',screenX='+x+',screenY=20, top=20, left='+x+specs)
		WinBigJPEG.focus();
		}
		}
WinBigJPEG.document.write("<html><head><title>Bigger JPEG Image</title><style type=\"text/css\">body {background-color:#FFFFFF;margin:0.25em;font-family:tahoma,sans-serif;font-size:8pt;letter-spacing:1pt;}</style></head><body>")
WinBigJPEG.document.write("<a href=\"\" onclick=\"window.close()\">Close window / Fermer cette fen�tre</a>");
WinBigJPEG.document.write("<p style=\"margin:0em;\" align=\"center\">The Mississouri Indians, 1809. An electronic transcription.<br />McKenzie, Charles. <b>" + nopage + "</b></p>");WinBigJPEG.document.write("<img src=\"../../../scans/0009/bigJPEG/MFTP0009PG0007.JPG\" /></body>");
WinBigJPEG.document.close()
}
// end hiding -->
</script>
<script language="javascript">if(parent.main2)  parent.main2.cols='0%,100%';</script>

<body>

<p class="NavBar"><script language="javascript">document.write(Add());</script><a href="../../../../search/searchfs.htm" target="mainFrame">New search</a> | <a href="notes.html">Notes</a> | <a href="abstract.html">Abstract</a></p>
<p class="NavBar"><A HREF="Pg001.html">&lt;&lt; First Page</A> | <A HREF="Pg006.html">&lt; Previous Page</A> | <span class="PageFocusOn"> Page #7 of 116</span> | <A HREF="Pg008.html"> Next Page &gt;</A> | <A HREF="Pg116.html"> Last Page &gt;&gt;</A> </p>

<table class="page" align="center" width="770" border="0">
<tr>
<td rowspan="2" width="360" valign="top">
<p class="EnTeteTranscription">McKenzie, Charles. The Mississouri Indians, 1809. An electronic transcription. MFTP #0009</p><div class="ContenuPage">
<p>N<sup>o</sup> 2</p>
<p style="text-align:justify;">on, until we came in the <span style="text-decoration:underline;">Dog Lodge</span> a remarkable place which the <span style="text-decoration:underline;">Sioux</span> warriors often frequent in their hostile excursions<span class="AddHand-editors">[.]</span>  After crossing this chain of Mountains, we all of a sudden heard the Signal Cry of Indians in a valley below us &#8211; and I must acknowledge that we were not a little alarmed &#8211; but we continued our route determined to fight our way<span class="AddHand-editors">[.]</span>  On our approach we discovered the Indians to be Asseneboines from <span style="text-decoration:underline;">Riviere</span> <span style="text-decoration:underline;">a</span> <span style="text-decoration:underline;">la</span> <span style="text-decoration:underline;">Sourie</span>, one of the North west Company's Establishments<span class="AddHand-editors">[.]</span>  After smoking the pipe and hearing the news, an asseneboine who had not taken any share in either, boldly laid hold of one of our horses<span class="AddHand-editors">[.]</span>  M<sup>r</sup> LaRocque without hesitation snatched the bridle out of the Indian's hand<span class="AddHand-editors">[.]</span>  Then the Indian bent his bow to shoot the horse<span class="AddHand-editors">[.]</span>  At this moment one of our men leveled his piece, and would have dispatched the Indian had not M<sup>r</sup> <span style="text-decoration:underline;">Larocque</span> compelled him to disist<span class="AddHand-editors">[.]</span>  Soon after this disagreeable interruption Strong gust of Wind accompanied with Sand, and burnt dust obscured the <span style="text-decoration:underline;">sky</span> and obliged us to seek shelter in a deep Ravelin for the rest of the day<span class="AddHand-editors">[.]</span>  Our horses were left to graze close by.  Next morning three of them were missing for which we looked in vain during two days<span class="AddHand-editors">[.]</span>  Their tracks could be distinguished here and there</p>
<p style="text-align:right;">but</p>

<p align="page-number"><span class="AddHand-editors">[5]</span></p>

</div>
<p style="line-height:12px;font-size:10px;font-family:arial,swiss,sans-serif;"><span style="font-weight:bold;font-size:9px;">L E G E N D :</span><br /><span style="background-color:red;color:white;"> in red </span>, modifications made by the editor(s).<br /><span style="background-color:#9900ff;color:white;"> in lavender </span>, modifications made by the assumed author(s).</p>
</td>
<td align="right" width="410" valign="top">
<a style="margin-left:100px;"  class="small" title="JPEG Image" onmouseover="window.status='View Bigger JPEG Image'; return true" onmouseout="window.status=' '; return true" href="javascript:windowBigJPEG(280,300,'toolbar=no,location=no,scrollbars=yes,resizable=yes,alwaysRaised=yes','Page #7')">View bigger image in JPEG format [ 116k ]</a></td>
</tr>
<tr>
<td valign="top" width="410" align="left"><img src="../../../scans/0009/smallJPEG/MFTP0009PG0007.JPG" /></td>
</tr>
</table>

</body>
</html>
