<?xml version="1.0" encoding="iso-8859-1" ?>

<html>

 <head>
  <title>The Mississouri Indians, 1809.  - Page #41</title>
  <meta http-equiv="Content-Type" content="text/html;charset=iso-8859-1" />
<META Name="author" Content="McKenzie, Charles.">
  <link rel="stylesheet" type="text/css" href="../../../../ss/css/FurTrade_StandAlonePage.IE.css" />
 </head>
<script TYPE="text/javascript" language="JavaScript">
<!-- hide
var WinBigJPEG=null;
function Add(){
if(parent.BackLink==1)
{
parent.BackLink=" ";
return("<a href='javascript:document.rechBis.submit()' target=mainFrame>Back to search results</a> | ");
}
else
return("");
}
function windowDejaVu(URL, name, specs, nopage) {
var WinDejaVu = window.open(URL, name, specs)
WinDejaVu.document.write("<html><head><title>DejaVu Image</title><style type=\"text/css\">body {background-color:#FFFFFF;margin:0.25em;font-family:tahoma,sans-serif;font-size:8pt;letter-spacing:1pt;}</style></head><body>")
WinDejaVu.document.write("<a href=\"\" onclick=\"window.close()\">Close window / Fermer cette fen�tre</a>");
WinDejaVu.document.write("<p style=\"margin:0em;\" align=\"center\">The Mississouri Indians, 1809. An electronic transcription.<br />McKenzie, Charles. <b>" + nopage + "</b></p>");WinDejaVu.document.write("<embed type=\"image/x-djvu\" pluginspace=\"http://www.djvu.com/download.html\" src=\"../../../scans/0009/DejaVu/MFTP0009Pg041.djvu\" width=\"100%\" height=\"90%\"></body>");
WinDejaVu.document.close()
}
function windowBigJPEG(width,height,specs,nopage) {
x=screen.availWidth-width-20;
if(WinBigJPEG==null)
WinBigJPEG = window.open('','','width='+width+',height='+height+',screenX='+x+',screenY=20, top=20, left='+x+specs)
		else
		{
		if(WinBigJPEG.closed)
		WinBigJPEG = window.open('','','width='+width+',height='+height+',screenX='+x+',screenY=20, top=20, left='+x+specs)
		else
		{
		WinBigJPEG.close();
		WinBigJPEG = window.open('','','width='+width+',height='+height+',screenX='+x+',screenY=20, top=20, left='+x+specs)
		WinBigJPEG.focus();
		}
		}
WinBigJPEG.document.write("<html><head><title>Bigger JPEG Image</title><style type=\"text/css\">body {background-color:#FFFFFF;margin:0.25em;font-family:tahoma,sans-serif;font-size:8pt;letter-spacing:1pt;}</style></head><body>")
WinBigJPEG.document.write("<a href=\"\" onclick=\"window.close()\">Close window / Fermer cette fen�tre</a>");
WinBigJPEG.document.write("<p style=\"margin:0em;\" align=\"center\">The Mississouri Indians, 1809. An electronic transcription.<br />McKenzie, Charles. <b>" + nopage + "</b></p>");WinBigJPEG.document.write("<img src=\"../../../scans/0009/bigJPEG/MFTP0009PG0041.JPG\" /></body>");
WinBigJPEG.document.close()
}
// end hiding -->
</script>
<script language="javascript">if(parent.main2)  parent.main2.cols='0%,100%';</script>

<body>

<p class="NavBar"><script language="javascript">document.write(Add());</script><a href="../../../../search/searchfs.htm" target="mainFrame">New search</a> | <a href="notes.html">Notes</a> | <a href="abstract.html">Abstract</a></p>
<p class="NavBar"><A HREF="Pg001.html">&lt;&lt; First Page</A> | <A HREF="Pg040.html">&lt; Previous Page</A> | <span class="PageFocusOn"> Page #41 of 116</span> | <A HREF="Pg042.html"> Next Page &gt;</A> | <A HREF="Pg116.html"> Last Page &gt;&gt;</A> </p>

<table class="page" align="center" width="770" border="0">
<tr>
<td rowspan="2" width="360" valign="top">
<p class="EnTeteTranscription">McKenzie, Charles. The Mississouri Indians, 1809. An electronic transcription. MFTP #0009</p><div class="ContenuPage">
<p><span style="text-decoration:underline;">N</span><sup>o</sup><span style="text-decoration:underline;"> 3</span></p>
<p style="text-align:justify;">hundred rounds of ammunition for each, a hundred Bushels of Indian Corn, a certain quantity of Mercantile articles such as Kettles, axes, Cloaths &amp;<sup>c</sup><span class="AddHand-editors">[.]</span>  The <span style="text-decoration:underline;">Corbeaux</span> in Return brought two hundred and fifty horses, large parcels of Buffaloe Robes, Leather Leggins, Shirts &amp;<sup>c </sup>&amp;<sup>c</sup><span class="AddHand-editors">[.]</span>  This exchange of Trading civilities took place dancing<span class="AddHand-editors">[.]</span>  When the dancing was over, the presents were distributed among the Individuals in Proportion to the value of the articles respectively furnished<span class="AddHand-editors">[.]</span>  This dance therefore is a rule of Traffic<span class="AddHand-editors">[.]</span>  The Mandane Villages exchanged similar civilities with the same Tribe<span class="AddHand-editors">[.]</span>  It is incredible the great quantity of Merchandize which the Mississouri Indians have accumulated by intercourse with Indians that visit them from the vicinity of commercial Establishments<span class="AddHand-editors">[.]</span></p>
<p style="text-align:justify;">I traded a few things with the <span style="text-decoration:underline;">corbeaux</span>.  Their beaver skins were badly dressed and split upon the back, in place of on the belly &#8211; A sign that they were not much acquainted with the importance of that favourite article of commerce<span class="AddHand-editors">[.]</span>  Afraid to ask too small a price the seemed averse from dealing with me &#8211; for they would have a white man pay four times the value of a thing, or often let him</p>
<p style="text-align:right;">go</p>

<p align="page-number"><span class="AddHand-editors">[39]</span></p>

</div>
<p style="line-height:12px;font-size:10px;font-family:arial,swiss,sans-serif;"><span style="font-weight:bold;font-size:9px;">L E G E N D :</span><br /><span style="background-color:red;color:white;"> in red </span>, modifications made by the editor(s).<br /><span style="background-color:#9900ff;color:white;"> in lavender </span>, modifications made by the assumed author(s).</p>
</td>
<td align="right" width="410" valign="top">
<a style="margin-left:100px;"  class="small" title="JPEG Image" onmouseover="window.status='View Bigger JPEG Image'; return true" onmouseout="window.status=' '; return true" href="javascript:windowBigJPEG(280,300,'toolbar=no,location=no,scrollbars=yes,resizable=yes,alwaysRaised=yes','Page #41')">View bigger image in JPEG format [ 121k ]</a></td>
</tr>
<tr>
<td valign="top" width="410" align="left"><img src="../../../scans/0009/smallJPEG/MFTP0009PG0041.JPG" /></td>
</tr>
</table>

</body>
</html>
