<?xml version="1.0" encoding="iso-8859-1" ?>

<html>

 <head>
  <title>The Mississouri Indians, 1809.  - Page #60</title>
  <meta http-equiv="Content-Type" content="text/html;charset=iso-8859-1" />
<META Name="author" Content="McKenzie, Charles.">
  <link rel="stylesheet" type="text/css" href="../../../../ss/css/FurTrade_StandAlonePage.IE.css" />
 </head>
<script TYPE="text/javascript" language="JavaScript">
<!-- hide
var WinBigJPEG=null;
function Add(){
if(parent.BackLink==1)
{
parent.BackLink=" ";
return("<a href='javascript:document.rechBis.submit()' target=mainFrame>Back to search results</a> | ");
}
else
return("");
}
function windowDejaVu(URL, name, specs, nopage) {
var WinDejaVu = window.open(URL, name, specs)
WinDejaVu.document.write("<html><head><title>DejaVu Image</title><style type=\"text/css\">body {background-color:#FFFFFF;margin:0.25em;font-family:tahoma,sans-serif;font-size:8pt;letter-spacing:1pt;}</style></head><body>")
WinDejaVu.document.write("<a href=\"\" onclick=\"window.close()\">Close window / Fermer cette fen�tre</a>");
WinDejaVu.document.write("<p style=\"margin:0em;\" align=\"center\">The Mississouri Indians, 1809. An electronic transcription.<br />McKenzie, Charles. <b>" + nopage + "</b></p>");WinDejaVu.document.write("<embed type=\"image/x-djvu\" pluginspace=\"http://www.djvu.com/download.html\" src=\"../../../scans/0009/DejaVu/MFTP0009Pg060.djvu\" width=\"100%\" height=\"90%\"></body>");
WinDejaVu.document.close()
}
function windowBigJPEG(width,height,specs,nopage) {
x=screen.availWidth-width-20;
if(WinBigJPEG==null)
WinBigJPEG = window.open('','','width='+width+',height='+height+',screenX='+x+',screenY=20, top=20, left='+x+specs)
		else
		{
		if(WinBigJPEG.closed)
		WinBigJPEG = window.open('','','width='+width+',height='+height+',screenX='+x+',screenY=20, top=20, left='+x+specs)
		else
		{
		WinBigJPEG.close();
		WinBigJPEG = window.open('','','width='+width+',height='+height+',screenX='+x+',screenY=20, top=20, left='+x+specs)
		WinBigJPEG.focus();
		}
		}
WinBigJPEG.document.write("<html><head><title>Bigger JPEG Image</title><style type=\"text/css\">body {background-color:#FFFFFF;margin:0.25em;font-family:tahoma,sans-serif;font-size:8pt;letter-spacing:1pt;}</style></head><body>")
WinBigJPEG.document.write("<a href=\"\" onclick=\"window.close()\">Close window / Fermer cette fen�tre</a>");
WinBigJPEG.document.write("<p style=\"margin:0em;\" align=\"center\">The Mississouri Indians, 1809. An electronic transcription.<br />McKenzie, Charles. <b>" + nopage + "</b></p>");WinBigJPEG.document.write("<img src=\"../../../scans/0009/bigJPEG/MFTP0009PG0060.JPG\" /></body>");
WinBigJPEG.document.close()
}
// end hiding -->
</script>
<script language="javascript">if(parent.main2)  parent.main2.cols='0%,100%';</script>

<body>

<p class="NavBar"><script language="javascript">document.write(Add());</script><a href="../../../../search/searchfs.htm" target="mainFrame">New search</a> | <a href="notes.html">Notes</a> | <a href="abstract.html">Abstract</a></p>
<p class="NavBar"><A HREF="Pg001.html">&lt;&lt; First Page</A> | <A HREF="Pg059.html">&lt; Previous Page</A> | <span class="PageFocusOn"> Page #60 of 116</span> | <A HREF="Pg061.html"> Next Page &gt;</A> | <A HREF="Pg116.html"> Last Page &gt;&gt;</A> </p>

<table class="page" align="center" width="770" border="0">
<tr>
<td rowspan="2" width="360" valign="top">
<p class="EnTeteTranscription">McKenzie, Charles. The Mississouri Indians, 1809. An electronic transcription. MFTP #0009</p><div class="ContenuPage">
<p style="text-align:justify;">upon him with kindness?  "I shall give to the sun, said he, in order to shine upon me with kindness<span class="AddHand-editors">[.]</span>  Two stripes of flesh from each of my arms &#8211; beginning at my shoulder blades and finishing at my wrists<span class="AddHand-editors">[.]</span>  I shall also give to the Sun one of my fingers, and shall allow you moreover to Imprint with a Red hot Iron an emblem of the sun upon my breast<span class="AddHand-editors">[.]</span>"</p>
<p style="text-align:justify;">The same question was put to each of the others who were fifteen in number<span class="AddHand-editors">[.]</span>  But they were much more moderate in their devotional Donations<span class="AddHand-editors">[.]</span>  They contented themselves by giving only a finger or a slice of flesh respectively<span class="AddHand-editors">[.]</span></p>
<p style="text-align:justify;">The old man who was provided with the necessary <span class="AddHand-author">instru</span>ments for the execution of his duty &#8211; began his operation upon the boldest of the Heroes<span class="AddHand-editors">[.]</span>  He began by cutting on each shoulder two circles from which he raised two stripes <span class="AddHand-author">in</span> paralel lines down to the wrists<span class="AddHand-editors">[.]</span>  Then the little finger of the right hand was cut off at the Second joint &#8211; and then the bitt of a Bridle was introduced red hot</p>
<p style="text-align:right;">and</p>

<p align="page-number"><span class="AddHand-editors">[58]</span></p>

</div>
<p style="line-height:12px;font-size:10px;font-family:arial,swiss,sans-serif;"><span style="font-weight:bold;font-size:9px;">L E G E N D :</span><br /><span style="background-color:red;color:white;"> in red </span>, modifications made by the editor(s).<br /><span style="background-color:#9900ff;color:white;"> in lavender </span>, modifications made by the assumed author(s).</p>
</td>
<td align="right" width="410" valign="top">
<a style="margin-left:100px;"  class="small" title="JPEG Image" onmouseover="window.status='View Bigger JPEG Image'; return true" onmouseout="window.status=' '; return true" href="javascript:windowBigJPEG(280,300,'toolbar=no,location=no,scrollbars=yes,resizable=yes,alwaysRaised=yes','Page #60')">View bigger image in JPEG format [ 116k ]</a></td>
</tr>
<tr>
<td valign="top" width="410" align="left"><img src="../../../scans/0009/smallJPEG/MFTP0009PG0060.JPG" /></td>
</tr>
</table>

</body>
</html>
