<?xml version="1.0" encoding="iso-8859-1" ?>

<html>

 <head>
  <title>The Mississouri Indians, 1809.  - Page #71</title>
  <meta http-equiv="Content-Type" content="text/html;charset=iso-8859-1" />
<META Name="author" Content="McKenzie, Charles.">
  <link rel="stylesheet" type="text/css" href="../../../../ss/css/FurTrade_StandAlonePage.IE.css" />
 </head>
<script TYPE="text/javascript" language="JavaScript">
<!-- hide
var WinBigJPEG=null;
function Add(){
if(parent.BackLink==1)
{
parent.BackLink=" ";
return("<a href='javascript:document.rechBis.submit()' target=mainFrame>Back to search results</a> | ");
}
else
return("");
}
function windowDejaVu(URL, name, specs, nopage) {
var WinDejaVu = window.open(URL, name, specs)
WinDejaVu.document.write("<html><head><title>DejaVu Image</title><style type=\"text/css\">body {background-color:#FFFFFF;margin:0.25em;font-family:tahoma,sans-serif;font-size:8pt;letter-spacing:1pt;}</style></head><body>")
WinDejaVu.document.write("<a href=\"\" onclick=\"window.close()\">Close window / Fermer cette fen�tre</a>");
WinDejaVu.document.write("<p style=\"margin:0em;\" align=\"center\">The Mississouri Indians, 1809. An electronic transcription.<br />McKenzie, Charles. <b>" + nopage + "</b></p>");WinDejaVu.document.write("<embed type=\"image/x-djvu\" pluginspace=\"http://www.djvu.com/download.html\" src=\"../../../scans/0009/DejaVu/MFTP0009Pg071.djvu\" width=\"100%\" height=\"90%\"></body>");
WinDejaVu.document.close()
}
function windowBigJPEG(width,height,specs,nopage) {
x=screen.availWidth-width-20;
if(WinBigJPEG==null)
WinBigJPEG = window.open('','','width='+width+',height='+height+',screenX='+x+',screenY=20, top=20, left='+x+specs)
		else
		{
		if(WinBigJPEG.closed)
		WinBigJPEG = window.open('','','width='+width+',height='+height+',screenX='+x+',screenY=20, top=20, left='+x+specs)
		else
		{
		WinBigJPEG.close();
		WinBigJPEG = window.open('','','width='+width+',height='+height+',screenX='+x+',screenY=20, top=20, left='+x+specs)
		WinBigJPEG.focus();
		}
		}
WinBigJPEG.document.write("<html><head><title>Bigger JPEG Image</title><style type=\"text/css\">body {background-color:#FFFFFF;margin:0.25em;font-family:tahoma,sans-serif;font-size:8pt;letter-spacing:1pt;}</style></head><body>")
WinBigJPEG.document.write("<a href=\"\" onclick=\"window.close()\">Close window / Fermer cette fen�tre</a>");
WinBigJPEG.document.write("<p style=\"margin:0em;\" align=\"center\">The Mississouri Indians, 1809. An electronic transcription.<br />McKenzie, Charles. <b>" + nopage + "</b></p>");WinBigJPEG.document.write("<img src=\"../../../scans/0009/bigJPEG/MFTP0009PG0071.JPG\" /></body>");
WinBigJPEG.document.close()
}
// end hiding -->
</script>
<script language="javascript">if(parent.main2)  parent.main2.cols='0%,100%';</script>

<body>

<p class="NavBar"><script language="javascript">document.write(Add());</script><a href="../../../../search/searchfs.htm" target="mainFrame">New search</a> | <a href="notes.html">Notes</a> | <a href="abstract.html">Abstract</a></p>
<p class="NavBar"><A HREF="Pg001.html">&lt;&lt; First Page</A> | <A HREF="Pg070.html">&lt; Previous Page</A> | <span class="PageFocusOn"> Page #71 of 116</span> | <A HREF="Pg072.html"> Next Page &gt;</A> | <A HREF="Pg116.html"> Last Page &gt;&gt;</A> </p>

<table class="page" align="center" width="770" border="0">
<tr>
<td rowspan="2" width="360" valign="top">
<p class="EnTeteTranscription">McKenzie, Charles. The Mississouri Indians, 1809. An electronic transcription. MFTP #0009</p><div class="ContenuPage">
<p style="text-align:justify;"><span class="AddHand-editors">[Text in a different hand]</span></p>
<p style="text-align:justify;">I must not forget to mention that there was a fine harvest at the Mississouri this season, I never witnessed anything equal in richness to the appearance of the fields.  The stalks of indian corn were generally eight feet high; the leaves of the Kidney beans were entirely covered with blossoms promissing abundance; the pumpkins were already gathered, cut into slices and <span class="DelHand-author">dryed in</span> dried in the sun ready for use.</p>
<p style="text-align:justify;">About the beginning of August, the Free man whom we had dispatched on our arrival, to our establishment on the Red River returned and informed me that M<sup>r</sup> Alexander Henry was arrived from Fort William.  Concluding from circumstances, that a charge had taken place in our Department, I became anxious for my departure and on the 15<sup>th</sup> I crossed the Mississouri with seven horses.  Here I lost half a day waiting for my fellow traveller M<sup>r</sup> LaFrance; he had three horses, but he gave me a very poor account of the property intrusted to his care which did not realize half the value<span class="AddHand-editors">[.]</span></p>
<p style="text-align:justify;">In the evening we left <span class="DelHand-author">we left</span> the banks of the Mississouri; eight horses carried our returns out, two for ourselves.  LaFrance led the van; I in the rear drove the horses behind him.  In this manner we jogged <span class="DelHand-author">along</span> on, and no one can judge of the difficulties which we had to encounter, unles he had travelled in the same <span class="DelHand-author">rob</span> route and <span class="DelHand-author">with</span></p>
<p style="text-align:right;">with</p>

<p align="page-number"><span class="AddHand-editors">[69]</span></p>

</div>
<p style="line-height:12px;font-size:10px;font-family:arial,swiss,sans-serif;"><span style="font-weight:bold;font-size:9px;">L E G E N D :</span><br /><span style="background-color:red;color:white;"> in red </span>, modifications made by the editor(s).<br /><span style="background-color:#9900ff;color:white;"> in lavender </span>, modifications made by the assumed author(s).</p>
</td>
<td align="right" width="410" valign="top">
<a style="margin-left:100px;"  class="small" title="JPEG Image" onmouseover="window.status='View Bigger JPEG Image'; return true" onmouseout="window.status=' '; return true" href="javascript:windowBigJPEG(280,300,'toolbar=no,location=no,scrollbars=yes,resizable=yes,alwaysRaised=yes','Page #71')">View bigger image in JPEG format [ 166k ]</a></td>
</tr>
<tr>
<td valign="top" width="410" align="left"><img src="../../../scans/0009/smallJPEG/MFTP0009PG0071.JPG" /></td>
</tr>
</table>

</body>
</html>
