<?xml version="1.0" encoding="iso-8859-1" ?>

<html>

 <head>
  <title>The Mississouri Indians, 1809.  - Page #101</title>
  <meta http-equiv="Content-Type" content="text/html;charset=iso-8859-1" />
<META Name="author" Content="McKenzie, Charles.">
  <link rel="stylesheet" type="text/css" href="../../../../ss/css/FurTrade_StandAlonePage.IE.css" />
 </head>
<script TYPE="text/javascript" language="JavaScript">
<!-- hide
var WinBigJPEG=null;
function Add(){
if(parent.BackLink==1)
{
parent.BackLink=" ";
return("<a href='javascript:document.rechBis.submit()' target=mainFrame>Back to search results</a> | ");
}
else
return("");
}
function windowDejaVu(URL, name, specs, nopage) {
var WinDejaVu = window.open(URL, name, specs)
WinDejaVu.document.write("<html><head><title>DejaVu Image</title><style type=\"text/css\">body {background-color:#FFFFFF;margin:0.25em;font-family:tahoma,sans-serif;font-size:8pt;letter-spacing:1pt;}</style></head><body>")
WinDejaVu.document.write("<a href=\"\" onclick=\"window.close()\">Close window / Fermer cette fen�tre</a>");
WinDejaVu.document.write("<p style=\"margin:0em;\" align=\"center\">The Mississouri Indians, 1809. An electronic transcription.<br />McKenzie, Charles. <b>" + nopage + "</b></p>");WinDejaVu.document.write("<embed type=\"image/x-djvu\" pluginspace=\"http://www.djvu.com/download.html\" src=\"../../../scans/0009/DejaVu/MFTP0009Pg101.djvu\" width=\"100%\" height=\"90%\"></body>");
WinDejaVu.document.close()
}
function windowBigJPEG(width,height,specs,nopage) {
x=screen.availWidth-width-20;
if(WinBigJPEG==null)
WinBigJPEG = window.open('','','width='+width+',height='+height+',screenX='+x+',screenY=20, top=20, left='+x+specs)
		else
		{
		if(WinBigJPEG.closed)
		WinBigJPEG = window.open('','','width='+width+',height='+height+',screenX='+x+',screenY=20, top=20, left='+x+specs)
		else
		{
		WinBigJPEG.close();
		WinBigJPEG = window.open('','','width='+width+',height='+height+',screenX='+x+',screenY=20, top=20, left='+x+specs)
		WinBigJPEG.focus();
		}
		}
WinBigJPEG.document.write("<html><head><title>Bigger JPEG Image</title><style type=\"text/css\">body {background-color:#FFFFFF;margin:0.25em;font-family:tahoma,sans-serif;font-size:8pt;letter-spacing:1pt;}</style></head><body>")
WinBigJPEG.document.write("<a href=\"\" onclick=\"window.close()\">Close window / Fermer cette fen�tre</a>");
WinBigJPEG.document.write("<p style=\"margin:0em;\" align=\"center\">The Mississouri Indians, 1809. An electronic transcription.<br />McKenzie, Charles. <b>" + nopage + "</b></p>");WinBigJPEG.document.write("<img src=\"../../../scans/0009/bigJPEG/MFTP0009PG0101.JPG\" /></body>");
WinBigJPEG.document.close()
}
// end hiding -->
</script>
<script language="javascript">if(parent.main2)  parent.main2.cols='0%,100%';</script>

<body>

<p class="NavBar"><script language="javascript">document.write(Add());</script><a href="../../../../search/searchfs.htm" target="mainFrame">New search</a> | <a href="notes.html">Notes</a> | <a href="abstract.html">Abstract</a></p>
<p class="NavBar"><A HREF="Pg001.html">&lt;&lt; First Page</A> | <A HREF="Pg100.html">&lt; Previous Page</A> | <span class="PageFocusOn"> Page #101 of 116</span> | <A HREF="Pg102.html"> Next Page &gt;</A> | <A HREF="Pg116.html"> Last Page &gt;&gt;</A> </p>

<table class="page" align="center" width="770" border="0">
<tr>
<td rowspan="2" width="360" valign="top">
<p class="EnTeteTranscription">McKenzie, Charles. The Mississouri Indians, 1809. An electronic transcription. MFTP #0009</p><div class="ContenuPage">
<p><span style="text-decoration:underline;">N</span><sup>o</sup><span style="text-decoration:underline;"> 3</span></p>
<p style="text-align:justify;">Jessaume's embarrassment offered his Services &#8211; which were of course accepted &#8211; and the Indian began a speech as follows &#8211; hol<span class="AddHand-author">din</span>g the pipe.  "<span style="text-decoration:underline;">Hoo</span>-<span style="text-decoration:underline;">ho</span>-<span style="text-decoration:underline;">How</span>!  Smoke thou bright Sun of the East &#8211; and thou who disposeth of the white men Smoke! and dispise not my words<span class="AddHand-editors">[.]</span>  I implore no aid for myself &#8211; nor for a Warrior &#8211; but for an Old white man, who livith like a Mandane<span class="AddHand-editors">[.]</span>  And let all the Animals of the Mandane plains attend to my words.  <span style="text-decoration:underline;">Hoo</span>-<span style="text-decoration:underline;">ho</span>-<span style="text-decoration:underline;">how</span>! thou great Bull of the Meadows with thy white Cow.  You monsters of the Mountains with your claps of Thunder and with your lightening come Tomorrow to the Shayann Camp to help round the great pipe of the old white man who livith like a Mandane<span class="AddHand-editors">[.]</span>"</p>
<p class="positiveIndent">When the Indian had finished Mon<sup>s</sup> <span style="text-decoration:underline;">Jessaume</span> acknowledged the obligation by a small present<span class="AddHand-editors">[.]</span>  I could not help expressing to M<sup>r</sup> <span style="text-decoration:underline;">Jessaume</span> my hearty dis-approbation of his conduct in this instance<span class="AddHand-editors">[.]</span></p>
<p class="positiveIndent">Next morning two young Shayans started Early to inform their friends of our approach<span class="AddHand-editors">[.]</span>  Soon after we proceeded with a slow pace &#8211; The <span style="text-decoration:underline;">Rattle Snake</span> and <span style="text-decoration:underline;">Jessaume</span> leading the march and Singing a dirge &#8211; holding in one hand the Pipe of Peace, and a bran<span class="AddHand-author">c</span>h of Chock Cherry</p>
<p style="text-align:right;">in</p>

<p align="page-number"><span class="AddHand-editors">[97]</span></p>

</div>
<p style="line-height:12px;font-size:10px;font-family:arial,swiss,sans-serif;"><span style="font-weight:bold;font-size:9px;">L E G E N D :</span><br /><span style="background-color:red;color:white;"> in red </span>, modifications made by the editor(s).<br /><span style="background-color:#9900ff;color:white;"> in lavender </span>, modifications made by the assumed author(s).</p>
</td>
<td align="right" width="410" valign="top">
<a style="margin-left:100px;"  class="small" title="JPEG Image" onmouseover="window.status='View Bigger JPEG Image'; return true" onmouseout="window.status=' '; return true" href="javascript:windowBigJPEG(280,300,'toolbar=no,location=no,scrollbars=yes,resizable=yes,alwaysRaised=yes','Page #101')">View bigger image in JPEG format [ 138k ]</a></td>
</tr>
<tr>
<td valign="top" width="410" align="left"><img src="../../../scans/0009/smallJPEG/MFTP0009PG0101.JPG" /></td>
</tr>
</table>

</body>
</html>
